-- MySQL dump 10.13  Distrib 5.5.47, for linux2.6 (x86_64)
--
-- Host: localhost    Database: bases
-- ------------------------------------------------------
-- Server version	5.5.47

/*!40101 SET @OLD_CHARACTER_SET_CLIENT=@@CHARACTER_SET_CLIENT */;
/*!40101 SET @OLD_CHARACTER_SET_RESULTS=@@CHARACTER_SET_RESULTS */;
/*!40101 SET @OLD_COLLATION_CONNECTION=@@COLLATION_CONNECTION */;
/*!40101 SET NAMES utf8 */;
/*!40103 SET @OLD_TIME_ZONE=@@TIME_ZONE */;
/*!40103 SET TIME_ZONE='+00:00' */;
/*!40014 SET @OLD_UNIQUE_CHECKS=@@UNIQUE_CHECKS, UNIQUE_CHECKS=0 */;
/*!40014 SET @OLD_FOREIGN_KEY_CHECKS=@@FOREIGN_KEY_CHECKS, FOREIGN_KEY_CHECKS=0 */;
/*!40101 SET @OLD_SQL_MODE=@@SQL_MODE, SQL_MODE='NO_AUTO_VALUE_ON_ZERO' */;
/*!40111 SET @OLD_SQL_NOTES=@@SQL_NOTES, SQL_NOTES=0 */;

--
-- Current Database: `bases`
--

CREATE DATABASE /*!32312 IF NOT EXISTS*/ `bases` /*!40100 DEFAULT CHARACTER SET utf8 */;

USE `bases`;

--
-- Table structure for table `caso_criminal_personas`
--

DROP TABLE IF EXISTS `caso_criminal_personas`;
/*!40101 SET @saved_cs_client     = @@character_set_client */;
/*!40101 SET character_set_client = utf8 */;
CREATE TABLE `caso_criminal_personas` (
  `caso_id` int(11) NOT NULL DEFAULT '0',
  `persona_dni` int(11) NOT NULL DEFAULT '0',
  `nombre_rol` varchar(30) NOT NULL,
  PRIMARY KEY (`caso_id`,`persona_dni`),
  KEY `persona_dni` (`persona_dni`),
  KEY `nombre_rol` (`nombre_rol`),
  CONSTRAINT `caso_criminal_personas_ibfk_1` FOREIGN KEY (`caso_id`) REFERENCES `casos_criminales` (`id`),
  CONSTRAINT `caso_criminal_personas_ibfk_2` FOREIGN KEY (`persona_dni`) REFERENCES `personas` (`dni`),
  CONSTRAINT `caso_criminal_personas_ibfk_3` FOREIGN KEY (`nombre_rol`) REFERENCES `roles` (`nombre`)
) ENGINE=InnoDB DEFAULT CHARSET=utf8;
/*!40101 SET character_set_client = @saved_cs_client */;

--
-- Dumping data for table `caso_criminal_personas`
--

LOCK TABLES `caso_criminal_personas` WRITE;
/*!40000 ALTER TABLE `caso_criminal_personas` DISABLE KEYS */;
INSERT INTO `caso_criminal_personas` VALUES (1,13356743,'Acusado'),(2,40032659,'Acusado'),(4,29657234,'Acusado'),(6,19952963,'Acusado'),(6,25642787,'Acusado'),(6,27082810,'Acusado'),(9,33852512,'Acusado'),(11,28121177,'Acusado'),(12,31236188,'Acusado'),(12,32610599,'Acusado'),(12,38929207,'Acusado'),(12,41811189,'Acusado'),(15,20736044,'Acusado'),(15,29925063,'Acusado'),(16,35511872,'Acusado'),(16,41133796,'Acusado'),(16,41575641,'Acusado'),(17,19217977,'Acusado'),(17,26511873,'Acusado'),(17,38166448,'Acusado'),(21,13305719,'Acusado'),(21,14121867,'Acusado'),(22,30198511,'Acusado'),(23,15009808,'Acusado'),(24,26431974,'Acusado'),(26,41142088,'Acusado'),(30,32695483,'Acusado'),(32,42230696,'Acusado'),(33,41331666,'Acusado'),(34,12818808,'Acusado'),(34,29869896,'Acusado'),(36,44746436,'Acusado'),(37,36616775,'Acusado'),(38,23175153,'Acusado'),(38,33689233,'Acusado'),(38,44492116,'Acusado'),(39,23731591,'Acusado'),(40,14249860,'Acusado'),(40,28396150,'Acusado'),(40,38421411,'Acusado'),(40,41133796,'Acusado'),(41,13305719,'Acusado'),(41,31165488,'Acusado'),(43,12468697,'Acusado'),(43,24237566,'Acusado'),(46,39422439,'Acusado'),(46,41527365,'Acusado'),(48,14957691,'Acusado'),(49,18809555,'Acusado'),(49,26085129,'Acusado'),(49,44088389,'Acusado'),(50,23107754,'Acusado'),(50,30458781,'Acusado'),(51,21371768,'Acusado'),(51,38975451,'Acusado'),(54,33251704,'Acusado'),(55,31774857,'Acusado'),(56,17854592,'Acusado'),(56,31529883,'Acusado'),(56,36312566,'Acusado'),(62,15445406,'Acusado'),(63,31554337,'Acusado'),(64,17341580,'Acusado'),(64,38301185,'Acusado'),(65,23367123,'Acusado'),(65,39920833,'Acusado'),(66,17292819,'Acusado'),(66,23973410,'Acusado'),(66,26942691,'Acusado'),(66,28680653,'Acusado'),(68,14121867,'Acusado'),(68,19563887,'Acusado'),(68,27444006,'Acusado'),(68,38562307,'Acusado'),(69,34443305,'Acusado'),(69,43250243,'Acusado'),(71,35936990,'Acusado'),(74,13306910,'Acusado'),(76,44673996,'Acusado'),(77,25467334,'Acusado'),(77,25989733,'Acusado'),(77,29344445,'Acusado'),(78,34574465,'Acusado'),(78,38124291,'Acusado'),(80,35872082,'Acusado'),(80,44227911,'Acusado'),(80,45637433,'Acusado'),(81,43245132,'Acusado'),(83,43770232,'Acusado'),(85,30198511,'Acusado'),(86,27281719,'Acusado'),(87,26977981,'Acusado'),(87,32127763,'Acusado'),(91,16599111,'Acusado'),(91,36437797,'Acusado'),(91,38865986,'Acusado'),(91,39145077,'Acusado'),(91,41575641,'Acusado'),(93,26379168,'Acusado'),(93,29925063,'Acusado'),(93,31221908,'Acusado'),(93,41905126,'Acusado'),(94,19597702,'Acusado'),(94,19998545,'Acusado'),(94,34520146,'Acusado'),(94,39300380,'Acusado'),(95,18319576,'Acusado'),(96,21371768,'Acusado'),(96,31221908,'Acusado'),(96,38802687,'Acusado'),(96,42252648,'Acusado'),(96,44409215,'Acusado'),(98,16819919,'Acusado'),(99,13017027,'Acusado'),(99,22331968,'Acusado'),(100,30198511,'Acusado'),(100,43012450,'Acusado'),(101,31187371,'Acusado'),(103,15263590,'Acusado'),(103,25026636,'Acusado'),(104,41142088,'Acusado'),(106,23588879,'Acusado'),(107,26318407,'Acusado'),(108,12818808,'Acusado'),(108,29361920,'Acusado'),(109,13356743,'Acusado'),(110,14875000,'Acusado'),(111,29403176,'Acusado'),(111,38865986,'Acusado'),(112,21256053,'Acusado'),(112,31221908,'Acusado'),(112,43442399,'Acusado'),(113,32250670,'Acusado'),(114,17919065,'Acusado'),(114,39145077,'Acusado'),(116,41797133,'Acusado'),(117,17421714,'Acusado'),(117,33206842,'Acusado'),(119,17729075,'Acusado'),(120,41523483,'Acusado'),(121,35663695,'Acusado'),(121,41756464,'Acusado'),(122,18716791,'Acusado'),(122,40796972,'Acusado'),(122,45770550,'Acusado'),(123,26942691,'Acusado'),(125,17729075,'Acusado'),(125,27281719,'Acusado'),(125,30595074,'Acusado'),(127,15674148,'Acusado'),(127,23786581,'Acusado'),(128,35663695,'Acusado'),(129,19563887,'Acusado'),(129,45770550,'Acusado'),(131,40366058,'Acusado'),(131,44088389,'Acusado'),(133,34520146,'Acusado'),(139,36410479,'Acusado'),(140,17341580,'Acusado'),(141,19360534,'Acusado'),(144,17417105,'Acusado'),(144,19502163,'Acusado'),(144,20315615,'Acusado'),(145,25026636,'Acusado'),(145,38822468,'Acusado'),(145,40830695,'Acusado'),(146,26942691,'Acusado'),(146,38967456,'Acusado'),(147,15991878,'Acusado'),(147,33012449,'Acusado'),(147,41797133,'Acusado'),(148,12818808,'Acusado'),(149,24385639,'Acusado'),(149,36964824,'Acusado'),(151,38421411,'Acusado'),(1,28744986,'Testigo'),(1,38929207,'Testigo'),(2,25324362,'Testigo'),(2,43714149,'Testigo'),(3,21055475,'Testigo'),(3,29383026,'Testigo'),(3,42167134,'Testigo'),(3,43666550,'Testigo'),(4,21795170,'Testigo'),(6,14234608,'Testigo'),(9,23891252,'Testigo'),(9,26318407,'Testigo'),(9,26511873,'Testigo'),(9,29248657,'Testigo'),(10,29263547,'Testigo'),(12,19597702,'Testigo'),(12,32127763,'Testigo'),(19,39429728,'Testigo'),(20,21715065,'Testigo'),(21,29925063,'Testigo'),(21,35511872,'Testigo'),(22,17729075,'Testigo'),(22,22394025,'Testigo'),(22,32695483,'Testigo'),(23,15445406,'Testigo'),(23,34222705,'Testigo'),(23,35314673,'Testigo'),(28,18371576,'Testigo'),(32,32610599,'Testigo'),(32,41756464,'Testigo'),(32,45768985,'Testigo'),(36,35663695,'Testigo'),(36,36450668,'Testigo'),(37,23501765,'Testigo'),(37,24818482,'Testigo'),(38,32455114,'Testigo'),(39,31607796,'Testigo'),(41,34778005,'Testigo'),(45,40203597,'Testigo'),(46,17427905,'Testigo'),(46,45770550,'Testigo'),(47,24158751,'Testigo'),(47,43442399,'Testigo'),(48,40613021,'Testigo'),(49,25648670,'Testigo'),(49,28680653,'Testigo'),(49,30595074,'Testigo'),(50,12578864,'Testigo'),(50,23343683,'Testigo'),(50,45161098,'Testigo'),(51,29798089,'Testigo'),(52,24237566,'Testigo'),(52,25648670,'Testigo'),(53,35936990,'Testigo'),(59,17729075,'Testigo'),(60,45281434,'Testigo'),(61,23812603,'Testigo'),(61,32805266,'Testigo'),(65,26379168,'Testigo'),(66,17427905,'Testigo'),(68,43455116,'Testigo'),(69,38562307,'Testigo'),(70,25539219,'Testigo'),(72,26163209,'Testigo'),(74,36450668,'Testigo'),(75,32431009,'Testigo'),(76,22904002,'Testigo'),(76,24271560,'Testigo'),(77,29403176,'Testigo'),(77,38822468,'Testigo'),(78,19597702,'Testigo'),(78,36665361,'Testigo'),(78,36964824,'Testigo'),(79,25026636,'Testigo'),(81,41142088,'Testigo'),(85,17267163,'Testigo'),(85,40844136,'Testigo'),(85,40963269,'Testigo'),(86,13505303,'Testigo'),(86,44227911,'Testigo'),(89,30595074,'Testigo'),(90,14234608,'Testigo'),(92,43523957,'Testigo'),(92,43714149,'Testigo'),(94,42744426,'Testigo'),(95,36884758,'Testigo'),(97,34520146,'Testigo'),(97,42080405,'Testigo'),(98,17636614,'Testigo'),(100,22940116,'Testigo'),(100,43442399,'Testigo'),(101,40216887,'Testigo'),(102,24158751,'Testigo'),(103,35638756,'Testigo'),(104,19563887,'Testigo'),(104,34766122,'Testigo'),(105,45281434,'Testigo'),(107,37209483,'Testigo'),(108,43171322,'Testigo'),(109,30361168,'Testigo'),(110,17854592,'Testigo'),(112,26323844,'Testigo'),(113,17558584,'Testigo'),(113,23367123,'Testigo'),(114,22936284,'Testigo'),(117,36627764,'Testigo'),(117,43442399,'Testigo'),(119,30937314,'Testigo'),(119,38051814,'Testigo'),(119,38124291,'Testigo'),(120,20812318,'Testigo'),(121,12628705,'Testigo'),(121,35638756,'Testigo'),(121,42230696,'Testigo'),(123,19504918,'Testigo'),(123,35830186,'Testigo'),(123,40203597,'Testigo'),(125,44088389,'Testigo'),(125,44563425,'Testigo'),(128,44862533,'Testigo'),(131,37209483,'Testigo'),(133,33689233,'Testigo'),(133,40815559,'Testigo'),(133,45637433,'Testigo'),(140,15517831,'Testigo'),(140,22078100,'Testigo'),(141,45436360,'Testigo'),(144,13874798,'Testigo'),(144,36437797,'Testigo'),(145,40796972,'Testigo'),(147,23175153,'Testigo'),(147,31209505,'Testigo'),(149,39920833,'Testigo'),(150,29361920,'Testigo'),(151,29248657,'Testigo'),(151,44862533,'Testigo'),(1,23367123,'Victima'),(2,20152244,'Victima'),(2,41704227,'Victima'),(2,42744426,'Victima'),(3,29403176,'Victima'),(3,34520146,'Victima'),(4,19524430,'Victima'),(4,27217704,'Victima'),(4,38360327,'Victima'),(4,45592171,'Victima'),(5,17421714,'Victima'),(5,19104830,'Victima'),(5,38231050,'Victima'),(6,13874798,'Victima'),(6,29403176,'Victima'),(7,39920833,'Victima'),(8,45281434,'Victima'),(9,29176202,'Victima'),(10,26431974,'Victima'),(10,31221908,'Victima'),(11,17729075,'Victima'),(11,18972028,'Victima'),(11,45161098,'Victima'),(12,41712411,'Victima'),(13,19563887,'Victima'),(13,25026636,'Victima'),(13,31187371,'Victima'),(13,38301185,'Victima'),(14,17267163,'Victima'),(15,21795170,'Victima'),(15,26404866,'Victima'),(16,23812603,'Victima'),(16,32497170,'Victima'),(16,36665361,'Victima'),(16,37795357,'Victima'),(17,31187371,'Victima'),(18,44088389,'Victima'),(19,13874798,'Victima'),(19,26431974,'Victima'),(19,45637433,'Victima'),(20,35306744,'Victima'),(21,17636614,'Victima'),(21,33707427,'Victima'),(22,38448111,'Victima'),(22,39920833,'Victima'),(23,28536060,'Victima'),(24,22829031,'Victima'),(24,35306744,'Victima'),(25,38865986,'Victima'),(25,43753873,'Victima'),(26,16338782,'Victima'),(26,29200324,'Victima'),(27,23501765,'Victima'),(28,38166448,'Victima'),(29,12818808,'Victima'),(29,25620290,'Victima'),(29,26789261,'Victima'),(30,31221908,'Victima'),(30,38231050,'Victima'),(31,23721790,'Victima'),(32,12468697,'Victima'),(33,25620290,'Victima'),(33,25989733,'Victima'),(33,26977981,'Victima'),(33,29248657,'Victima'),(33,29712056,'Victima'),(33,45281434,'Victima'),(34,20315615,'Victima'),(35,23343683,'Victima'),(35,26511873,'Victima'),(36,29200324,'Victima'),(37,12628705,'Victima'),(37,15944880,'Victima'),(38,34520146,'Victima'),(38,43714149,'Victima'),(39,13356743,'Victima'),(39,15517831,'Victima'),(40,17558584,'Victima'),(40,21055475,'Victima'),(41,22936284,'Victima'),(41,23915697,'Victima'),(41,43770232,'Victima'),(41,45634545,'Victima'),(42,23175153,'Victima'),(43,15991878,'Victima'),(43,24242953,'Victima'),(43,45634545,'Victima'),(44,44956802,'Victima'),(45,25324362,'Victima'),(45,43383562,'Victima'),(46,22940116,'Victima'),(46,23059357,'Victima'),(46,45592171,'Victima'),(47,15674148,'Victima'),(48,33376519,'Victima'),(48,38231050,'Victima'),(49,45634545,'Victima'),(50,12219178,'Victima'),(50,15517831,'Victima'),(51,22530344,'Victima'),(51,23973410,'Victima'),(51,27012695,'Victima'),(51,43770232,'Victima'),(52,13165639,'Victima'),(52,14249860,'Victima'),(52,22484516,'Victima'),(52,35396580,'Victima'),(53,31422116,'Victima'),(53,34746608,'Victima'),(54,19524430,'Victima'),(54,23891252,'Victima'),(54,28536060,'Victima'),(55,24158751,'Victima'),(55,29344445,'Victima'),(56,21564334,'Victima'),(56,29869896,'Victima'),(57,15263590,'Victima'),(58,30937314,'Victima'),(59,22829031,'Victima'),(60,13165639,'Victima'),(60,20044351,'Victima'),(60,31607796,'Victima'),(61,19597702,'Victima'),(61,19762299,'Victima'),(61,27012695,'Victima'),(61,31236188,'Victima'),(61,35360953,'Victima'),(62,13874798,'Victima'),(62,27012695,'Victima'),(63,12951799,'Victima'),(63,20736044,'Victima'),(63,40963269,'Victima'),(64,17292819,'Victima'),(64,24158751,'Victima'),(64,29263547,'Victima'),(64,43666550,'Victima'),(65,17417105,'Victima'),(65,25989733,'Victima'),(65,32127763,'Victima'),(65,36022953,'Victima'),(66,22190419,'Victima'),(67,27012695,'Victima'),(68,31774857,'Victima'),(68,34746608,'Victima'),(69,20985559,'Victima'),(70,13505303,'Victima'),(70,30458781,'Victima'),(71,13461775,'Victima'),(71,43442399,'Victima'),(72,12219178,'Victima'),(72,13461775,'Victima'),(72,15944880,'Victima'),(72,23973410,'Victima'),(72,29403176,'Victima'),(73,35511872,'Victima'),(74,26404866,'Victima'),(74,33759264,'Victima'),(75,31422116,'Victima'),(76,17200043,'Victima'),(76,28536060,'Victima'),(76,44227911,'Victima'),(77,29925063,'Victima'),(77,45436360,'Victima'),(78,12853373,'Victima'),(79,33319967,'Victima'),(80,21658096,'Victima'),(80,24231710,'Victima'),(80,34222705,'Victima'),(81,18371576,'Victima'),(81,43171322,'Victima'),(82,30619554,'Victima'),(82,38802687,'Victima'),(83,20279896,'Victima'),(83,40830695,'Victima'),(84,34523108,'Victima'),(85,12853373,'Victima'),(86,12526585,'Victima'),(86,35306744,'Victima'),(86,41797133,'Victima'),(87,28536060,'Victima'),(88,43770232,'Victima'),(89,34574465,'Victima'),(89,38802687,'Victima'),(90,14984165,'Victima'),(90,21641053,'Victima'),(90,23973410,'Victima'),(90,25930891,'Victima'),(90,31554337,'Victima'),(90,35676024,'Victima'),(91,20242113,'Victima'),(91,30361168,'Victima'),(92,19104830,'Victima'),(92,42909427,'Victima'),(93,17919065,'Victima'),(93,41811189,'Victima'),(94,18677422,'Victima'),(94,43714149,'Victima'),(95,16819919,'Victima'),(95,45637433,'Victima'),(96,14710744,'Victima'),(96,38448111,'Victima'),(97,16641618,'Victima'),(97,23973410,'Victima'),(97,28121177,'Victima'),(97,42252648,'Victima'),(98,26323844,'Victima'),(98,29361920,'Victima'),(98,39679558,'Victima'),(98,41523483,'Victima'),(99,12818808,'Victima'),(99,30619554,'Victima'),(100,13306910,'Victima'),(100,38562307,'Victima'),(101,45637433,'Victima'),(102,17421714,'Victima'),(102,40366058,'Victima'),(103,32455114,'Victima'),(104,17524232,'Victima'),(104,26290420,'Victima'),(104,33759264,'Victima'),(104,36627764,'Victima'),(105,29804621,'Victima'),(105,35396580,'Victima'),(105,44043546,'Victima'),(105,45637433,'Victima'),(106,27198524,'Victima'),(107,25648670,'Victima'),(107,26942691,'Victima'),(107,31554337,'Victima'),(108,20985559,'Victima'),(108,45173342,'Victima'),(109,21658096,'Victima'),(109,22228100,'Victima'),(110,23289781,'Victima'),(111,16641618,'Victima'),(111,16819919,'Victima'),(111,18972028,'Victima'),(112,18390662,'Victima'),(112,30619554,'Victima'),(112,36437797,'Victima'),(113,25620290,'Victima'),(113,29383026,'Victima'),(113,32263057,'Victima'),(114,14327424,'Victima'),(114,41133796,'Victima'),(115,18716791,'Victima'),(116,29344445,'Victima'),(117,23289781,'Victima'),(117,26942691,'Victima'),(118,31726881,'Victima'),(119,21328836,'Victima'),(119,28680653,'Victima'),(119,33852512,'Victima'),(120,25648670,'Victima'),(120,29383026,'Victima'),(120,40203597,'Victima'),(120,40613021,'Victima'),(121,40796972,'Victima'),(122,12728251,'Victima'),(122,43523957,'Victima'),(123,12523853,'Victima'),(124,35663695,'Victima'),(125,40216887,'Victima'),(125,42909539,'Victima'),(126,25620290,'Victima'),(127,38975451,'Victima'),(127,40844136,'Victima'),(127,43741517,'Victima'),(128,18738703,'Victima'),(128,27444006,'Victima'),(129,19217977,'Victima'),(129,34766122,'Victima'),(129,37930705,'Victima'),(130,22940116,'Victima'),(131,18493604,'Victima'),(131,34520146,'Victima'),(131,39166962,'Victima'),(132,13874798,'Victima'),(133,31056875,'Victima'),(134,14249860,'Victima'),(134,32431009,'Victima'),(134,38686163,'Victima'),(134,39166962,'Victima'),(134,45161098,'Victima'),(135,20000953,'Victima'),(136,16781953,'Victima'),(137,23891252,'Victima'),(137,25930891,'Victima'),(137,33119356,'Victima'),(138,20473711,'Victima'),(138,24271560,'Victima'),(139,18809555,'Victima'),(139,33119356,'Victima'),(139,33340731,'Victima'),(139,41797133,'Victima'),(139,42230696,'Victima'),(140,15674148,'Victima'),(140,17200043,'Victima'),(140,22829031,'Victima'),(140,40613021,'Victima'),(141,12041500,'Victima'),(142,36145751,'Victima'),(143,12951799,'Victima'),(143,15517831,'Victima'),(144,19217977,'Victima'),(144,30938615,'Victima'),(145,16606870,'Victima'),(145,24158751,'Victima'),(145,28744986,'Victima'),(146,21795170,'Victima'),(146,35663695,'Victima'),(147,17417105,'Victima'),(147,23367123,'Victima'),(148,25620290,'Victima'),(148,27391079,'Victima'),(148,37172751,'Victima'),(148,40815559,'Victima'),(148,41712411,'Victima'),(148,44964142,'Victima'),(149,41575641,'Victima'),(150,45634545,'Victima'),(151,36884758,'Victima');
/*!40000 ALTER TABLE `caso_criminal_personas` ENABLE KEYS */;
UNLOCK TABLES;

--
-- Table structure for table `casos_criminales`
--

DROP TABLE IF EXISTS `casos_criminales`;
/*!40101 SET @saved_cs_client     = @@character_set_client */;
/*!40101 SET character_set_client = utf8 */;
CREATE TABLE `casos_criminales` (
  `id` int(11) NOT NULL,
  `fecha_ingreso` date NOT NULL,
  `fecha` datetime NOT NULL,
  `lugar` varchar(30) NOT NULL,
  `descripcion` varchar(255) NOT NULL,
  `nombre_categoria` varchar(30) NOT NULL,
  PRIMARY KEY (`id`),
  KEY `nombre_categoria` (`nombre_categoria`),
  CONSTRAINT `casos_criminales_ibfk_1` FOREIGN KEY (`nombre_categoria`) REFERENCES `categorias` (`nombre`)
) ENGINE=InnoDB DEFAULT CHARSET=utf8;
/*!40101 SET character_set_client = @saved_cs_client */;

--
-- Dumping data for table `casos_criminales`
--

LOCK TABLES `casos_criminales` WRITE;
/*!40000 ALTER TABLE `casos_criminales` DISABLE KEYS */;
INSERT INTO `casos_criminales` VALUES (1,'2015-05-08','2013-11-21 11:19:06','Fallarbor Town','Dolor est quam sit ipsa nam.','Homicidio'),(2,'2015-11-01','2014-10-24 20:59:59','Cerulean City','Qui consectetur cumque et est nam quia omnis dolor.','Desacato'),(3,'2015-04-24','2012-05-13 10:10:32','Pallet Town','Expedita qui saepe omnis natus et.','Choque'),(4,'2014-09-07','2014-02-18 14:15:23','Mahogany Town','At quos fuga iusto sunt corrupti.','Violación'),(5,'2014-05-04','2013-10-08 06:50:15','Fuchsia City','Nam doloribus voluptatem natus.','Robo arma blanca'),(6,'2014-11-12','2013-06-23 00:16:53','Viridian City','Asperiores doloremque qui rem unde odio incidunt.','Evasión Impositiva'),(7,'2015-11-30','2013-05-22 19:57:35','Celadon City','Ab sit hic atque unde ipsum vel dicta quam.','Atropellamiento'),(8,'2015-02-20','2013-09-02 22:27:22','Jubilife City','Occaecati non harum itaque ducimus vero.','Evasión Impositiva'),(9,'2014-02-06','2012-08-10 18:09:42','Twinleaf Town','Ut voluptates eum tempore facere.','Atropellamiento'),(10,'2013-09-23','2013-08-15 01:10:12','Shalour City','Minus a fugit magnam impedit fuga in molestiae id.','Violación'),(11,'2013-10-31','2012-11-21 02:18:15','Black City','Eos hic corporis laboriosam ipsam qui.','Suicidio'),(12,'2014-01-08','2012-05-18 07:27:58','Ever Grande City','Molestiae libero quis quidem quod.','Choque'),(13,'2016-08-21','2016-07-16 02:41:01','Canalave City','Repellat ea veniam maxime consectetur omnis error nisi.','Suicidio'),(14,'2015-03-21','2014-08-06 02:02:47','Snowpoint City','Quia non et eos laudantium enim perferendis.','Suicidio'),(15,'2013-06-17','2012-02-03 20:49:23','Ecruteak City','Et quia aut quas.','Secuestro'),(16,'2016-07-08','2015-05-13 19:36:05','Aquacorde Town','Molestias enim ducimus dolor laborum quo autem quia dolores.','Desacato'),(17,'2016-02-11','2014-07-28 23:47:29','Castelia City','Error commodi praesentium ut explicabo voluptates delectus.','Violación'),(18,'2016-05-18','2014-08-20 11:11:48','Aspertia City','Laboriosam autem ut sequi magnam ratione ea est.','Violación'),(19,'2014-09-13','2014-07-20 01:39:17','Vaniville Town','Nihil alias tempora quam et.','Desacato'),(20,'2015-04-30','2013-11-26 08:59:20','Mossdeep City','Eos non nobis eligendi aut autem.','Robo arma blanca'),(21,'2016-04-21','2014-09-13 21:34:42','Survival Area','Dolorum nemo inventore iure voluptatem eveniet quae ipsam.','Violación'),(22,'2013-01-21','2012-07-17 03:16:02','Canalave City','Qui eaque maiores enim illum quidem accusamus quo.','Robo mano armada'),(23,'2016-06-21','2016-01-09 17:10:23','Striaton City','Non debitis autem quidem in eius explicabo eos cupiditate.','Violación'),(24,'2015-09-07','2015-08-25 17:27:21','Anville Town','Fugit sapiente voluptate molestias soluta architecto.','Atropellamiento'),(25,'2015-06-16','2014-12-07 09:55:21','Geosenge Town','Aperiam suscipit ipsam omnis aut totam eaque consequuntur.','Atropellamiento'),(26,'2016-09-05','2016-07-05 06:26:14','Cyllage City','Dolorem fugiat ut repellat laborum.','Homicidio'),(27,'2016-04-18','2014-11-07 21:39:02','Lilycove City','Amet error omnis delectus odit quae.','Desacato'),(28,'2016-01-12','2014-02-14 03:04:05','Aquacorde Town','Earum consectetur reiciendis repellendus maiores mollitia eaque necessitatibus eveniet.','Desacato'),(29,'2014-08-15','2014-05-02 06:57:37','Mahogany Town','Sunt sunt voluptatem deleniti nulla eius voluptatem blanditiis.','Atropellamiento'),(30,'2015-05-19','2015-03-19 16:46:50','Dendemille Town','Eveniet est et harum autem et neque fugit exercitationem.','Choque'),(31,'2016-07-28','2015-05-05 06:24:27','Santalune City','Asperiores deserunt iure omnis autem modi optio laboriosam reiciendis.','Choque'),(32,'2013-07-08','2013-03-22 18:27:33','Snowpoint City','Impedit exercitationem quasi ducimus officia.','Robo arma blanca'),(33,'2012-10-02','2012-05-20 16:35:41','Cianwood City','At quia voluptas et aliquam dolores culpa sequi odit.','Violación'),(34,'2016-08-13','2016-08-02 22:28:11','Seven Island','Excepturi quia ea ullam debitis molestiae dolore corrupti.','Secuestro'),(35,'2016-03-15','2014-09-22 08:09:47','Fight Area','Consectetur quae impedit eos facere repudiandae cupiditate veniam ipsum.','Robo arma blanca'),(36,'2015-12-30','2015-05-19 16:40:25','Geosenge Town','Optio quaerat non quas quo.','Robo mano armada'),(37,'2016-08-30','2015-05-17 00:22:19','Dewford Town','Commodi aut cumque rerum.','Violación'),(38,'2016-03-07','2014-06-22 09:17:45','Three Island','Asperiores quia velit dolores aut laborum quae et unde.','Atropellamiento'),(39,'2016-06-12','2015-02-15 10:16:29','Cyllage City','Nesciunt cumque placeat tempore architecto repellat eum quibusdam est.','Atropellamiento'),(40,'2016-08-20','2015-01-22 07:18:47','Opelucid City','Debitis aliquid rerum delectus expedita consequatur sit qui qui.','Robo arma blanca'),(41,'2016-08-09','2015-11-12 13:59:58','Lavender Town','Est beatae enim voluptatem et in.','Robo mano armada'),(42,'2015-08-15','2012-05-04 04:18:32','Goldenrod City','Quae minima omnis quia repellendus cum vitae ex.','Choque'),(43,'2014-10-14','2014-02-03 13:36:25','Seven Island','Minus sed minima sed autem impedit.','Secuestro'),(44,'2016-08-08','2016-07-23 18:05:37','Violet City','Delectus soluta alias incidunt accusantium fugiat excepturi molestiae.','Desacato'),(45,'2016-08-14','2016-07-13 17:48:27','Pastoria City','Enim nobis esse libero et saepe et itaque.','Secuestro'),(46,'2016-01-17','2015-07-15 16:54:43','Anistar City','Omnis eos fugiat possimus repudiandae debitis est aut.','Atropellamiento'),(47,'2016-07-18','2016-03-20 11:05:11','New Bark Town','Consequatur quo sit asperiores qui cum.','Atropellamiento'),(48,'2016-06-24','2015-07-18 06:55:16','Slateport City','Quae sed tenetur maiores voluptatem sint repellat.','Atropellamiento'),(49,'2014-07-08','2012-07-13 16:43:59','Ever Grande City','Quia rerum voluptatem magni at vel distinctio alias.','Evasión Impositiva'),(50,'2014-05-01','2013-08-08 15:48:03','Resort Area','Minus quis qui ea.','Choque'),(51,'2013-03-02','2012-01-06 17:29:20','Viridian City','Omnis aut et tempora repellendus quia qui libero voluptates.','Secuestro'),(52,'2012-07-16','2012-06-29 01:56:00','Lacunosa Town','Officiis ea voluptatibus repudiandae.','Choque'),(53,'2016-08-29','2015-02-07 20:02:36','Pewter City','Voluptatem aliquid esse quis quaerat architecto dolorum.','Suicidio'),(54,'2015-03-12','2011-09-21 13:04:05','Cyllage City','Dolores reprehenderit tenetur voluptatibus.','Atropellamiento'),(55,'2016-03-22','2015-06-24 12:39:27','Accumula Town','Temporibus laborum dolorem libero sunt consequuntur.','Robo arma blanca'),(56,'2015-09-22','2014-01-27 07:43:12','Sootopolis City','Eaque totam recusandae accusantium.','Secuestro'),(57,'2013-10-08','2011-10-04 22:28:53','Jubilife City','Ducimus explicabo excepturi officia deleniti quisquam.','Secuestro'),(58,'2015-12-30','2014-05-26 10:06:55','Survival Area','Sed est odio quas ea non ex dolorum.','Desacato'),(59,'2016-07-20','2015-11-06 17:02:26','Safari Zone Gate','Voluptatem laborum sunt earum pariatur corrupti doloribus.','Suicidio'),(60,'2014-01-21','2012-05-01 20:18:09','Anville Town','Impedit soluta dolorum aut reiciendis.','Robo arma blanca'),(61,'2014-08-17','2012-06-09 13:56:26','Lentimas Town','Voluptatem nemo temporibus ullam.','Violación'),(62,'2016-08-30','2016-07-30 02:46:25','nil','Quidem animi laborum excepturi enim vero dolore.','Choque'),(63,'2016-04-05','2015-08-30 06:26:59','Snowpoint City','Repudiandae accusantium sint reprehenderit.','Desacato'),(64,'2016-07-21','2013-12-28 21:07:12','Fallarbor Town','Omnis sed libero vel.','Homicidio'),(65,'2016-08-03','2016-03-07 08:38:51','Five Island','Ad quibusdam facilis voluptatem.','Secuestro'),(66,'2014-06-25','2013-10-25 13:23:02','Oldale Town','Sit commodi sed unde architecto.','Robo mano armada'),(67,'2015-05-05','2015-01-10 01:50:26','Verdanturf Town','Voluptates commodi qui eum qui assumenda quae.','Robo mano armada'),(68,'2015-12-24','2015-06-22 23:51:00','Pastoria City','Sapiente natus quaerat est fugit nam.','Suicidio'),(69,'2013-06-14','2011-12-10 16:06:47','Opelucid City','Est officiis perspiciatis exercitationem magnam fuga facere explicabo.','Homicidio'),(70,'2016-04-20','2015-07-19 07:16:10','Mossdeep City','Explicabo quia assumenda velit modi vel.','Robo mano armada'),(71,'2015-05-10','2013-06-15 22:45:28','Solaceon Town','Occaecati blanditiis sunt illum et qui.','Robo arma blanca'),(72,'2016-01-23','2014-11-13 06:06:42','Resort Area','Sint doloribus sit atque.','Evasión Impositiva'),(73,'2016-09-13','2016-09-07 08:55:27','Sunyshore City','Debitis voluptas ex saepe quaerat possimus quod.','Atropellamiento'),(74,'2014-05-24','2012-12-03 07:24:43','Driftveil City','Sed aut nam quo ea culpa error.','Choque'),(75,'2015-09-22','2014-01-23 08:45:57','Celadon City','Quam provident omnis ut.','Evasión Impositiva'),(76,'2016-05-01','2016-01-15 19:51:17','Floaroma Town','Incidunt officiis eum itaque impedit repudiandae aut laboriosam.','Choque'),(77,'2013-06-23','2012-07-18 03:16:36','Dendemille Town','Occaecati rerum qui adipisci et voluptas.','Violación'),(78,'2014-09-23','2013-11-08 02:36:58','Snowbelle City','Impedit et odit quisquam harum illum.','Choque'),(79,'2015-05-08','2012-11-07 03:07:28','Sunyshore City','Eos odit voluptas animi veritatis.','Secuestro'),(80,'2014-08-02','2014-01-03 12:13:21','Celadon City','Odio iure recusandae maxime id sapiente similique et.','Suicidio'),(81,'2016-08-11','2015-08-31 04:10:00','Mistralton City','Quisquam pariatur recusandae eveniet est.','Evasión Impositiva'),(82,'2014-05-06','2013-08-20 21:33:04','Resort Area','Est quia voluptates est ducimus.','Atropellamiento'),(83,'2016-05-24','2013-08-17 01:57:38','Shalour City','Praesentium voluptatem voluptas sed est voluptas explicabo.','Desacato'),(84,'2015-11-12','2014-07-04 20:33:50','White Forest','Voluptatum quos ratione temporibus earum vel modi.','Robo arma blanca'),(85,'2014-06-24','2012-12-25 06:00:04','Pallet Town','Eligendi occaecati aliquid et a repudiandae.','Atropellamiento'),(86,'2015-08-08','2013-12-22 14:47:43','Ambrette Town','Temporibus eveniet quo placeat.','Robo arma blanca'),(87,'2015-11-03','2015-10-26 22:29:08','Cianwood City','Corporis dicta repellat dolores qui necessitatibus.','Violación'),(88,'2013-04-02','2011-09-14 00:54:29','Snowbelle City','Perspiciatis dolore autem quod.','Choque'),(89,'2014-04-06','2012-04-08 11:41:20','Frontier Access','Necessitatibus inventore enim qui sequi earum est velit.','Choque'),(90,'2014-11-05','2014-10-20 21:09:35','Survival Area','Eaque aliquid sit sed dolores laborum voluptas minima.','Choque'),(91,'2015-07-10','2014-11-04 14:28:19','Sandgem Town','Molestias sed possimus iste ipsa neque.','Homicidio'),(92,'2016-09-10','2016-09-04 20:19:08','Floaroma Town','Itaque voluptates inventore veritatis nostrum.','Secuestro'),(93,'2016-03-26','2014-11-03 03:53:03','Hearthome City','Pariatur nihil repellat deserunt aut est.','Suicidio'),(94,'2016-04-16','2013-05-24 09:53:49','Eterna City','Aliquid fugiat perferendis nesciunt.','Homicidio'),(95,'2016-01-30','2015-08-24 03:11:48','Camphrier Town','Quis voluptate quod dolores.','Robo mano armada'),(96,'2016-06-02','2015-11-27 23:39:42','Seven Island','In voluptas debitis iusto aut dolores porro iure laboriosam.','Atropellamiento'),(97,'2015-07-12','2014-03-08 21:32:42','Blackthorn City','Asperiores ipsam illo rerum sapiente consequatur.','Evasión Impositiva'),(98,'2013-11-11','2012-04-19 22:40:01','Littleroot Town','Optio reprehenderit eos eius atque debitis recusandae.','Evasión Impositiva'),(99,'2015-10-07','2015-08-01 00:28:14','Cherrygrove City','Suscipit ut nostrum sequi amet repellat.','Atropellamiento'),(100,'2016-03-31','2015-07-28 17:37:00','Castelia City','Quisquam perspiciatis qui totam nisi repudiandae libero necessitatibus.','Robo mano armada'),(101,'2012-10-08','2012-02-25 01:01:26','Opelucid City','Sint corporis commodi sunt dolore voluptas eos est et.','Violación'),(102,'2014-11-14','2014-06-24 20:21:38','Driftveil City','Delectus vel maiores soluta neque ipsa quas non.','Robo mano armada'),(103,'2015-08-01','2014-04-10 18:59:53','Sandgem Town','Quis ex porro veritatis quo repudiandae officiis cupiditate dolorem.','Choque'),(104,'2014-08-03','2013-10-22 10:08:06','Fuchsia City','Architecto quos qui illum.','Robo mano armada'),(105,'2016-01-20','2015-10-07 02:06:24','Driftveil City','Occaecati fugit non eius voluptatem eum.','Violación'),(106,'2015-02-14','2014-12-23 09:08:30','nil','Quibusdam qui error occaecati a excepturi dolor autem est.','Choque'),(107,'2016-08-26','2016-04-16 14:16:48','Six Island','Amet odit aut ea ut cum at et delectus.','Atropellamiento'),(108,'2016-04-28','2015-11-25 16:48:50','Ecruteak City','Vel occaecati provident alias laudantium corporis.','Robo mano armada'),(109,'2016-04-29','2014-04-04 14:12:21','Olivine City','Aut cumque ut consequatur et ratione.','Secuestro'),(110,'2015-01-11','2013-05-13 01:02:23','Laverre City','Nihil facere quod illo aut voluptatum quam eveniet saepe.','Violación'),(111,'2016-04-30','2012-12-27 09:42:43','Driftveil City','Non et vel consequuntur debitis numquam.','Atropellamiento'),(112,'2015-10-20','2015-07-11 14:54:41','Fight Area','Sed eum sed sapiente deserunt rerum facilis.','Choque'),(113,'2013-01-28','2012-03-28 23:20:42','Three Island','Iusto labore ullam enim blanditiis.','Robo arma blanca'),(114,'2015-04-24','2015-01-20 17:40:03','Castelia City','Earum mollitia nam quo sint numquam quod.','Secuestro'),(115,'2016-05-21','2016-02-12 16:42:25','Cherrygrove City','Velit est necessitatibus repellat illo harum.','Homicidio'),(116,'2014-12-18','2012-03-09 19:31:27','Mistralton City','Rerum et qui qui voluptate pariatur quia.','Robo mano armada'),(117,'2014-01-30','2012-07-05 07:52:18','Petalburg City','Qui tempore voluptatum ut repellat repudiandae omnis libero.','Robo mano armada'),(118,'2015-05-16','2014-08-19 14:39:44','Sootopolis City','Sunt velit tempora quia.','Robo arma blanca'),(119,'2014-10-19','2013-05-20 21:36:22','Fuchsia City','Quia id iusto ut ratione qui autem fuga.','Atropellamiento'),(120,'2013-07-04','2011-09-20 06:37:56','Safari Zone Gate','Maiores nostrum ipsa ad modi eum.','Homicidio'),(121,'2014-03-06','2012-08-29 16:48:16','Cherrygrove City','Molestiae est vero repellendus explicabo quis at et.','Suicidio'),(122,'2016-03-03','2014-07-22 03:29:55','Nacrene City','Iusto odit veniam amet velit animi soluta adipisci.','Robo arma blanca'),(123,'2012-12-21','2012-08-25 01:03:30','Ecruteak City','Voluptatum quia rerum aliquam veritatis eaque ducimus exercitationem.','Suicidio'),(124,'2015-04-08','2015-02-13 19:34:05','Fight Area','Rem et quia qui.','Atropellamiento'),(125,'2016-05-10','2015-02-14 00:46:28','Celadon City','Impedit temporibus hic doloribus.','Homicidio'),(126,'2014-12-10','2013-02-11 20:16:29','Camphrier Town','Consectetur modi vitae dolores harum non dolores eius.','Homicidio'),(127,'2015-08-09','2011-11-06 07:20:45','Undella Town','Nisi consequatur ullam aliquid voluptas atque dolorem magni.','Robo mano armada'),(128,'2015-06-19','2014-10-17 23:42:34','Six Island','Ratione explicabo eum consequatur ullam ea doloribus expedita.','Evasión Impositiva'),(129,'2014-12-25','2013-08-22 16:26:59','Blackthorn City','Qui quibusdam sed nulla aperiam sint.','Atropellamiento'),(130,'2016-02-29','2015-06-28 19:10:34','Anistar City','Excepturi et saepe sapiente quos dolores fugit.','Secuestro'),(131,'2016-08-04','2012-12-16 12:05:58','Eterna City','Voluptate voluptatum sunt soluta ipsam quisquam necessitatibus suscipit aut.','Evasión Impositiva'),(132,'2016-02-07','2015-02-15 21:04:15','Slateport City','Corrupti sint quibusdam placeat corporis ut dolorem quam et.','Choque'),(133,'2016-03-17','2014-10-18 16:34:10','Aquacorde Town','Omnis aut praesentium sequi.','Homicidio'),(134,'2015-11-25','2015-01-16 01:13:17','Six Island','At sapiente deserunt quaerat cum odio minima assumenda.','Homicidio'),(135,'2016-05-09','2015-08-07 20:05:54','New Bark Town','Illum tempora expedita placeat sint et id.','Evasión Impositiva'),(136,'2016-09-13','2016-07-25 12:55:59','Fuchsia City','Accusantium laborum adipisci porro eaque ea architecto veniam unde.','Atropellamiento'),(137,'2016-01-28','2015-09-19 22:22:49','Sunyshore City','Voluptatum dolores dolorum ut tenetur ea magnam.','Robo arma blanca'),(138,'2016-05-28','2012-12-16 05:13:41','nil','Et libero voluptate debitis.','Violación'),(139,'2015-09-10','2012-02-22 23:28:14','Mahogany Town','Ex a nihil molestias possimus ipsam alias.','Homicidio'),(140,'2016-06-22','2015-10-11 12:19:02','Dendemille Town','Consectetur libero eos sunt quae at.','Violación'),(141,'2014-05-18','2011-12-07 00:34:19','Pewter City','Sit hic consequatur voluptatem qui perferendis quia.','Atropellamiento'),(142,'2016-06-05','2012-08-25 19:39:38','Pacifidlog Town','Doloribus enim est ipsa doloremque assumenda.','Evasión Impositiva'),(143,'2015-04-05','2012-12-30 09:57:51','Cinnabar Island','Doloremque quibusdam quisquam tempore eaque itaque temporibus.','Robo arma blanca'),(144,'2014-11-16','2014-07-05 06:05:40','Cyllage City','Veritatis fugiat soluta architecto alias cum.','Suicidio'),(145,'2012-10-14','2012-08-02 00:59:25','Solaceon Town','Non aut recusandae cum pariatur.','Choque'),(146,'2015-05-01','2013-12-31 23:35:06','Couriway Town','Et tempore accusamus debitis iusto.','Robo arma blanca'),(147,'2015-05-13','2012-01-18 05:11:07','Lacunosa Town','Totam et aliquid aut ut maxime ex est et.','Atropellamiento'),(148,'2016-01-30','2015-04-04 20:37:43','Viridian City','Vel consequatur qui eum sequi et.','Choque'),(149,'2016-08-04','2015-01-07 08:49:50','Veilstone City','Dolores aut excepturi alias.','Robo mano armada'),(150,'2016-05-21','2015-11-08 07:04:08','Sootopolis City','Omnis saepe aut aspernatur.','Suicidio'),(151,'2016-05-26','2015-02-15 17:38:18','Santalune City','Ducimus distinctio est nostrum sed recusandae amet vel.','Violación');
/*!40000 ALTER TABLE `casos_criminales` ENABLE KEYS */;
UNLOCK TABLES;

--
-- Table structure for table `categorias`
--

DROP TABLE IF EXISTS `categorias`;
/*!40101 SET @saved_cs_client     = @@character_set_client */;
/*!40101 SET character_set_client = utf8 */;
CREATE TABLE `categorias` (
  `nombre` varchar(30) NOT NULL,
  PRIMARY KEY (`nombre`)
) ENGINE=InnoDB DEFAULT CHARSET=utf8;
/*!40101 SET character_set_client = @saved_cs_client */;

--
-- Dumping data for table `categorias`
--

LOCK TABLES `categorias` WRITE;
/*!40000 ALTER TABLE `categorias` DISABLE KEYS */;
INSERT INTO `categorias` VALUES ('Atropellamiento'),('Choque'),('Desacato'),('Evasión Impositiva'),('Homicidio'),('Robo arma blanca'),('Robo mano armada'),('Secuestro'),('Suicidio'),('Violación');
/*!40000 ALTER TABLE `categorias` ENABLE KEYS */;
UNLOCK TABLES;

--
-- Table structure for table `departamentos`
--

DROP TABLE IF EXISTS `departamentos`;
/*!40101 SET @saved_cs_client     = @@character_set_client */;
/*!40101 SET character_set_client = utf8 */;
CREATE TABLE `departamentos` (
  `nombre` varchar(50) NOT NULL,
  `nombre_localidad` varchar(30) NOT NULL,
  `supervisado_por_departamento` varchar(30) DEFAULT NULL,
  PRIMARY KEY (`nombre`),
  KEY `nombre_localidad` (`nombre_localidad`),
  KEY `supervisado_por_departamento` (`supervisado_por_departamento`),
  CONSTRAINT `departamentos_ibfk_1` FOREIGN KEY (`nombre_localidad`) REFERENCES `localidades` (`nombre`),
  CONSTRAINT `departamentos_ibfk_2` FOREIGN KEY (`supervisado_por_departamento`) REFERENCES `departamentos` (`nombre`)
) ENGINE=InnoDB DEFAULT CHARSET=utf8;
/*!40101 SET character_set_client = @saved_cs_client */;

--
-- Dumping data for table `departamentos`
--

LOCK TABLES `departamentos` WRITE;
/*!40000 ALTER TABLE `departamentos` DISABLE KEYS */;
INSERT INTO `departamentos` VALUES ('DPT_aliquid_DIY_9','Puerto',NULL),('DPT_animi_stumptown_1','Barracas','DPT_dolorem_literally_9'),('DPT_autem_locavore_7','Villa Santa Rita','DPT_odit_keytar_9'),('DPT_aut_butcher_4','Palermo','DPT_aut_quinoa_5'),('DPT_aut_pinterest_4','Villa Crespo',NULL),('DPT_aut_quinoa_5','San Nicolas','DPT_sunt_try-hard_4'),('DPT_blanditiis_locavore_4','Monte Castro','DPT_dolorem_literally_9'),('DPT_deleniti_hella_4','Villa Urquiza','DPT_odit_typewriter_9'),('DPT_deleniti_polaroid_4','Barracas','DPT_et_knausgaard_9'),('DPT_dolorem_literally_9','Versalles','DPT_voluptatem_truffaut_5'),('DPT_est_Thundercats_1','Almagro','DPT_eum_Yuccie_8'),('DPT_et_knausgaard_9','Flores','DPT_aliquid_DIY_9'),('DPT_et_shoreditch_8','Chacarita','DPT_voluptatem_truffaut_5'),('DPT_et_twee_8','Palermo',NULL),('DPT_et_williamsburg_8','Retiro','DPT_velit_waistcoat_9'),('DPT_eum_Yuccie_8','Constitucion','DPT_sint_whatever_7'),('DPT_expedita_chambray_8','Villa Ortuzar',NULL),('DPT_fugit_yr_7','Flores','DPT_voluptatem_truffaut_5'),('DPT_itaque_scenester_5','Belgrano','DPT_voluptatem_brooklyn_2'),('DPT_labore_locavore_2','Boedo','DPT_eum_Yuccie_8'),('DPT_laudantium_asymmetrical_6','Retiro','DPT_provident_poutine_8'),('DPT_libero_disrupt_6','Parque Chacabuco',NULL),('DPT_necessitatibus_helvetica_6','Chacarita',NULL),('DPT_nemo_umami_1','Villa Ortuzar',NULL),('DPT_non_master_4','La Boca','DPT_est_Thundercats_1'),('DPT_non_pop-up_2','Caballito',NULL),('DPT_nulla_butcher_6','Parque Patricios','DPT_aut_quinoa_5'),('DPT_nulla_offal_5','Coghlan','DPT_nemo_umami_1'),('DPT_odio_pabst_3','La Boca','DPT_aut_butcher_4'),('DPT_odit_keytar_9','Monte Castro','DPT_et_twee_8'),('DPT_odit_typewriter_9','Villa General Mitre',NULL),('DPT_omnis_kitsch_9','Villa Ortuzar','DPT_aut_pinterest_4'),('DPT_possimus_mustache_9','Nueva','DPT_voluptatem_truffaut_5'),('DPT_provident_poutine_8','Villa General Mitre','DPT_qui_Thundercats_3'),('DPT_quae_Thundercats_7','Villa Real',NULL),('DPT_quam_loko_5','Puerto','DPT_deleniti_polaroid_4'),('DPT_quia_fixie_9','Chacarita',NULL),('DPT_qui_Thundercats_3','Mataderos','DPT_omnis_kitsch_9'),('DPT_sint_whatever_7','Villa Ortuzar','DPT_voluptatem_truffaut_5'),('DPT_sit_neutra_2','Velez Sarsfield','DPT_possimus_mustache_9'),('DPT_sunt_try-hard_4','Saavedra',NULL),('DPT_ut_kinfolk_2','Villa Soldati','DPT_qui_Thundercats_3'),('DPT_ut_tilde_7','Almagro','DPT_nulla_butcher_6'),('DPT_velit_waistcoat_9','Barrio Norte','DPT_dolorem_literally_9'),('DPT_voluptas_banjo_2','Villa Pueyrredon','DPT_aut_butcher_4'),('DPT_voluptas_lumbersexual_4','Villa General Mitre',NULL),('DPT_voluptatem_brooklyn_2','Palermo','DPT_voluptatem_truffaut_5'),('DPT_voluptatem_truffaut_5','Versalles','DPT_nemo_umami_1'),('DPT_voluptate_paleo_4','Chacarita','DPT_blanditiis_locavore_4'),('DPT_voluptate_tumblr_0','Flores','DPT_possimus_mustache_9');
/*!40000 ALTER TABLE `departamentos` ENABLE KEYS */;
UNLOCK TABLES;

--
-- Table structure for table `direcciones`
--

DROP TABLE IF EXISTS `direcciones`;
/*!40101 SET @saved_cs_client     = @@character_set_client */;
/*!40101 SET character_set_client = utf8 */;
CREATE TABLE `direcciones` (
  `id` int(11) NOT NULL,
  `numero` int(11) NOT NULL,
  `calle` varchar(30) NOT NULL,
  PRIMARY KEY (`id`)
) ENGINE=InnoDB DEFAULT CHARSET=utf8;
/*!40101 SET character_set_client = @saved_cs_client */;

--
-- Dumping data for table `direcciones`
--

LOCK TABLES `direcciones` WRITE;
/*!40000 ALTER TABLE `direcciones` DISABLE KEYS */;
INSERT INTO `direcciones` VALUES (1,879,'Irwin Trail'),(2,1796,'Verna Plaza'),(3,94187,'Lind Lane'),(4,1732,'Wyman Circle'),(5,7026,'Rempel Shores'),(6,54235,'Torp Roads'),(7,658,'Louie Island'),(8,6248,'Collins Inlet'),(9,2123,'Ray Harbor'),(10,792,'Hoeger Falls'),(11,556,'Lela Highway'),(12,520,'Rey Bridge'),(13,20225,'Nicklaus Ferry'),(14,97594,'Clemmie Key'),(15,74046,'Nina Knoll'),(16,3413,'Ebert Heights'),(17,80765,'Haag Glen'),(18,930,'Rigoberto Centers'),(19,88878,'Lizzie Mall'),(20,633,'Jordi Fall'),(21,309,'Gianni Extensions'),(22,3626,'Dulce Village'),(23,87532,'McGlynn Forks'),(24,1583,'Ruecker Street'),(25,545,'Charlotte Viaduct'),(26,44311,'Kip Parkways'),(27,548,'Langosh Pine'),(28,26590,'Thompson Vista'),(29,673,'Brekke Estates'),(30,697,'Colten Branch'),(31,695,'Roob Crest'),(32,459,'Daren Ports'),(33,4378,'Zemlak Bridge'),(34,76341,'Welch Rapid'),(35,16224,'Rohan Knolls'),(36,3678,'Lura Estates'),(37,1436,'Mayer Station'),(38,86223,'Tia Haven'),(39,1876,'Walter Square'),(40,612,'Myah Rest'),(41,3988,'Vaughn Stravenue'),(42,949,'Javon Rest'),(43,8298,'Jones Burg'),(44,320,'Cartwright Cliffs'),(45,8727,'Gerlach Lakes'),(46,2616,'Eleonore Fields'),(47,89704,'Schaden Extensions'),(48,64870,'Boehm Shoal'),(49,564,'Miles Junctions'),(50,581,'Granville Glens'),(51,76849,'Ruecker Road'),(52,7794,'Alia Village'),(53,900,'Bruen Vista'),(54,468,'Corene Forest'),(55,1684,'Kody Points'),(56,9467,'Mohr Forest'),(57,6232,'Elijah Avenue'),(58,44125,'Isidro Trail'),(59,889,'Sherman Ridge'),(60,2674,'Kuhn Pike'),(61,7270,'Mozell Lodge'),(62,64881,'Frami Circles'),(63,14201,'Leuschke Rapid'),(64,647,'Erick Terrace'),(65,95962,'Estel Shoal'),(66,60157,'Kylee Radial'),(67,9534,'Howell Road'),(68,9576,'Pollich Unions'),(69,99085,'Christiansen Well'),(70,61083,'Oscar Park'),(71,97129,'Barney Burg'),(72,6645,'Breitenberg Court'),(73,9554,'Friesen Station'),(74,63940,'Corwin Gardens'),(75,5767,'Friesen Locks'),(76,236,'Walker Tunnel'),(77,8720,'Wunsch Well'),(78,8924,'Grady Forge'),(79,5911,'Price Crescent'),(80,834,'Dickens Ranch'),(81,14314,'Angelo Mill'),(82,6815,'Douglas Curve'),(83,225,'Carroll Turnpike'),(84,58094,'Karen Spur'),(85,585,'Rutherford Passage'),(86,9728,'Nat Squares'),(87,388,'Ahmed Junction'),(88,78032,'Bashirian Canyon'),(89,3624,'Howard Summit'),(90,609,'Estevan Trafficway'),(91,53841,'Homenick Forest'),(92,154,'Willms Squares'),(93,3340,'Mohr Mountains'),(94,82364,'Colleen Center'),(95,6453,'Welch Falls'),(96,63364,'Block View'),(97,945,'Percival Gateway'),(98,371,'Howell Vista'),(99,36800,'Pfannerstill Ramp'),(100,17765,'Nakia Underpass'),(101,91638,'Abby Branch'),(102,40329,'Mayer Street'),(103,26321,'Nikolas Mountain'),(104,7777,'Abernathy Ridges'),(105,14085,'Okuneva Cliff'),(106,484,'Ari Green'),(107,763,'Waters Expressway'),(108,53595,'Camylle Island'),(109,732,'Dorian Port'),(110,77099,'Champlin Fords'),(111,52792,'Dereck Path'),(112,66412,'Lemke Crest'),(113,6873,'Daugherty Lodge'),(114,2658,'Edwin Well'),(115,87839,'Bailey Bridge'),(116,1227,'Lysanne Via'),(117,253,'Cartwright Road'),(118,62838,'Dietrich Hills'),(119,1369,'Mollie Island'),(120,19484,'Ursula Islands'),(121,21146,'Rosenbaum Ramp'),(122,760,'Grady Causeway'),(123,9034,'Imani Walks'),(124,235,'Eileen Rapids'),(125,888,'Leon Avenue'),(126,610,'Rafael Estates'),(127,31211,'King View'),(128,5744,'Cassin Vista'),(129,91957,'Lesly Canyon'),(130,70253,'Einar Burg'),(131,213,'Danielle Gardens'),(132,1261,'Marc Park'),(133,6514,'Witting Road'),(134,72051,'Shyann Forest'),(135,92319,'Steuber Flat'),(136,6325,'Labadie Spring'),(137,35650,'Charlotte Green'),(138,73548,'Orn Highway'),(139,77120,'Omari Shore'),(140,547,'Larson Orchard'),(141,30252,'Moore Square'),(142,8877,'Nikita Extensions'),(143,4253,'Melisa Plaza'),(144,446,'Kellie Mews'),(145,3430,'Zboncak Cove'),(146,51315,'Nader Flat'),(147,82187,'Kelsi Ports'),(148,313,'Jenkins Meadows'),(149,66434,'Darron Crossing'),(150,167,'Eino Station'),(151,74456,'Mireya Harbor'),(152,34829,'Greenfelder Ports'),(153,2974,'Satterfield Lakes'),(154,5854,'Jacobson Knoll'),(155,8010,'Thiel Tunnel'),(156,209,'Ledner Rest'),(157,11300,'Heller Gardens'),(158,7105,'Madilyn Station'),(159,800,'Farrell Spring'),(160,9724,'Mosciski Haven'),(161,84453,'Abshire Islands'),(162,889,'Devyn Radial'),(163,98257,'Valentin Prairie'),(164,658,'White Camp'),(165,80107,'Eldred Island'),(166,76437,'Johns Inlet'),(167,306,'Bria Throughway'),(168,5851,'Duncan Forge'),(169,96599,'Dicki Manor'),(170,643,'Lilliana Centers'),(171,64230,'Stephania Parkways'),(172,2185,'Jaskolski Drives'),(173,767,'Muller Wells'),(174,418,'Bauch Brook'),(175,81826,'Valentina Estate'),(176,5928,'Makenzie Haven'),(177,5897,'Erling Tunnel'),(178,38413,'Beatty Hill'),(179,6176,'Ronny Drives'),(180,6498,'Bednar Bypass'),(181,2405,'Enrico Villages'),(182,41639,'Ryan Square'),(183,5377,'Gail Corner'),(184,409,'Mraz Well'),(185,3058,'Kozey Burgs'),(186,4718,'Dion Drive'),(187,329,'Lakin Walk'),(188,18580,'Luigi Ville'),(189,99631,'Lizeth Point'),(190,10508,'Hoppe Locks'),(191,24393,'Giovanna Orchard'),(192,70181,'Swaniawski Row'),(193,256,'Green Burg'),(194,3830,'Sauer Tunnel'),(195,1392,'Hansen Stream'),(196,71025,'Weimann Street'),(197,14769,'Wisozk Common'),(198,707,'Reichert Harbors'),(199,25617,'Easton Point'),(200,10763,'Cronin Field'),(201,480,'Gibson Parkway'),(202,9615,'Nicolas Court'),(203,74177,'Crona Branch'),(204,461,'Patsy Drive'),(205,379,'Lenny Turnpike'),(206,6283,'Frami Junction'),(207,7294,'Emiliano Inlet'),(208,3501,'Bryon Circles'),(209,2343,'Jacobson Rapids'),(210,9063,'Deckow Club'),(211,2654,'Wava Roads'),(212,64701,'Turner Fork'),(213,977,'Marc Ridge'),(214,850,'Adalberto Highway'),(215,1982,'Block Court'),(216,181,'Mercedes Shoals'),(217,317,'Clarabelle Track'),(218,446,'Alexandre Camp'),(219,117,'Bobbie Glen'),(220,29674,'Marina Stream'),(221,55788,'Kozey Groves'),(222,43305,'Kulas Spur'),(223,79067,'Lamont Inlet'),(224,40992,'Heidenreich Square'),(225,924,'Jacobson Manors'),(226,7296,'Maurice Wall'),(227,9699,'Spencer Trail'),(228,40336,'Skylar Harbors'),(229,76524,'Rohan Bridge'),(230,3972,'Bins Estates'),(231,75147,'Andreane Shore'),(232,28953,'Eric Stravenue'),(233,6073,'Luettgen Isle'),(234,32240,'Zieme Road'),(235,101,'Okuneva Junction'),(236,3150,'Winona Park'),(237,71651,'Yost Skyway'),(238,47001,'Pollich Isle'),(239,82025,'Kohler Falls'),(240,984,'Kihn Track'),(241,747,'Dalton Row'),(242,6316,'Jazlyn Turnpike'),(243,517,'Doyle Parkway'),(244,3307,'Jonathon Burgs'),(245,5138,'Maximillian Square'),(246,9492,'Littel River'),(247,98972,'Karelle Prairie'),(248,84974,'Blick Bridge'),(249,32772,'Lang Rapid'),(250,293,'Becker Rue'),(251,1803,'Maegan Expressway'),(252,7332,'Kira Oval'),(253,8043,'Jacobi Mountain'),(254,4721,'Pouros Falls'),(255,54481,'Randi Fall'),(256,169,'Champlin Stravenue'),(257,773,'Mackenzie Extension'),(258,8979,'Jay Mews'),(259,852,'Aric View'),(260,97999,'Kirlin View'),(261,899,'Brakus Extensions'),(262,337,'Fahey Dam'),(263,1318,'Domenico Bridge'),(264,6783,'Medhurst Islands'),(265,71119,'Alexis Vista'),(266,241,'Pacocha Stravenue'),(267,6339,'Pollich Wells'),(268,69523,'Vernon Mall'),(269,9956,'Heaney Groves'),(270,28764,'Cormier Manor'),(271,6248,'Rosalia Wells'),(272,4535,'Schiller Point'),(273,74568,'Percy Motorway'),(274,60389,'Levi Street'),(275,685,'Doris Extensions'),(276,162,'Gerhard Rest'),(277,5602,'Aidan Gardens'),(278,76598,'Stokes Mill'),(279,561,'Dickinson Fort'),(280,9077,'Friesen Islands'),(281,8547,'Berge Viaduct'),(282,426,'Orin Loop'),(283,3814,'Predovic Mills'),(284,4101,'Heidenreich Manors'),(285,710,'Anita Trafficway'),(286,133,'Renner Spurs'),(287,3882,'Alisha Prairie');
/*!40000 ALTER TABLE `direcciones` ENABLE KEYS */;
UNLOCK TABLES;

--
-- Table structure for table `eventos`
--

DROP TABLE IF EXISTS `eventos`;
/*!40101 SET @saved_cs_client     = @@character_set_client */;
/*!40101 SET character_set_client = utf8 */;
CREATE TABLE `eventos` (
  `id` int(11) NOT NULL,
  `caso_id` int(11) DEFAULT NULL,
  `persona_dni` int(11) DEFAULT NULL,
  `descripcion` varchar(255) NOT NULL,
  `fecha` datetime NOT NULL,
  PRIMARY KEY (`id`),
  KEY `caso_id` (`caso_id`,`persona_dni`),
  CONSTRAINT `eventos_ibfk_1` FOREIGN KEY (`caso_id`, `persona_dni`) REFERENCES `caso_criminal_personas` (`caso_id`, `persona_dni`)
) ENGINE=InnoDB DEFAULT CHARSET=utf8;
/*!40101 SET character_set_client = @saved_cs_client */;

--
-- Dumping data for table `eventos`
--

LOCK TABLES `eventos` WRITE;
/*!40000 ALTER TABLE `eventos` DISABLE KEYS */;
INSERT INTO `eventos` VALUES (1,1,23367123,'Meditation slow-carb cleanse authentic.','2013-10-23 03:49:46'),(2,1,23367123,'Actually tattooed microdosing shabby chic pbr&b.','2013-11-06 10:15:37'),(3,1,23367123,'Park bicycle rights intelligentsia bespoke pabst banjo retro.','2013-11-12 02:03:00'),(4,1,13356743,'Goth vinyl waistcoat poutine sartorial umami hoodie schlitz.','2013-10-30 13:51:27'),(5,1,13356743,'Hashtag forage franzen health craft beer salvia.','2013-11-07 09:25:15'),(6,1,13356743,'Thundercats literally kickstarter etsy blog paleo goth.','2013-11-16 19:14:09'),(7,1,13356743,'Bicycle rights narwhal xoxo viral.','2013-11-18 09:16:14'),(8,1,13356743,'Austin 3 wolf moon loko typewriter narwhal.','2013-10-27 20:53:35'),(9,1,28744986,'Tousled cold-pressed yolo wayfarers semiotics asymmetrical flexitarian try-hard.','2013-10-27 23:25:43'),(10,1,28744986,'Mixtape salvia forage blue bottle scenester thundercats whatever.','2013-11-12 23:28:16'),(11,1,38929207,'Semiotics sustainable everyday sriracha knausgaard.','2013-10-26 06:54:22'),(12,1,38929207,'Squid pinterest hammock bitters forage loko.','2013-11-02 04:55:28'),(13,1,38929207,'Food truck etsy banh mi yr.','2013-10-29 22:36:21'),(14,2,42744426,'Jean shorts godard marfa heirloom church-key venmo cronut tacos retro.','2014-09-29 21:08:35'),(15,2,42744426,'Umami taxidermy waistcoat whatever fap.','2014-10-07 04:18:25'),(16,2,42744426,'Pour-over park mustache meggings plaid food truck.','2014-10-23 11:13:18'),(17,2,25324362,'Before they sold out kombucha hammock truffaut.','2014-10-24 00:04:18'),(18,2,25324362,'Truffaut pabst banjo shabby chic.','2014-09-27 23:40:52'),(19,2,25324362,'Tote bag yolo literally portland next level biodiesel.','2014-10-06 09:13:26'),(20,2,25324362,'Flexitarian yr meh hammock kinfolk.','2014-09-29 21:22:48'),(21,2,25324362,'Hoodie chicharrones yuccie retro pug irony pickled.','2014-10-17 04:19:01'),(22,2,40032659,'Marfa portland cred tattooed.','2014-10-05 19:16:55'),(23,2,40032659,'Drinking brunch shabby chic street 90\'s.','2014-10-09 00:22:19'),(24,2,41704227,'Health meggings neutra flannel portland fingerstache church-key disrupt hammock.','2014-10-22 16:22:20'),(25,2,41704227,'Taxidermy cred actually 3 wolf moon meggings post-ironic literally whatever sustainable.','2014-10-19 15:08:26'),(26,2,43714149,'Hoodie hammock five dollar toast paleo.','2014-10-07 05:21:26'),(27,2,43714149,'Stumptown sustainable goth hoodie semiotics.','2014-10-15 19:51:37'),(28,2,20152244,'Lo-fi letterpress helvetica polaroid.','2014-09-28 13:38:10'),(29,2,20152244,'Banjo vice xoxo listicle vhs.','2014-09-28 02:46:15'),(30,2,20152244,'Swag waistcoat chambray put a bird on it sriracha chicharrones.','2014-10-13 17:37:30'),(31,2,20152244,'Echo bitters butcher poutine banjo retro roof kitsch.','2014-10-04 07:03:08'),(32,3,34520146,'Franzen pitchfork wes anderson mustache food truck scenester.','2012-04-26 11:07:10'),(33,3,34520146,'Art party fixie tote bag vice.','2012-04-17 17:57:53'),(34,3,34520146,'Sustainable occupy cray bespoke microdosing.','2012-04-26 01:57:45'),(35,3,34520146,'Chartreuse blog blue bottle neutra kogi everyday semiotics stumptown.','2012-04-13 10:39:32'),(36,3,42167134,'Selvage yr bicycle rights brunch banh mi pickled goth.','2012-04-28 12:32:24'),(37,3,42167134,'Chicharrones pour-over distillery asymmetrical lumbersexual.','2012-05-02 09:35:55'),(38,3,29383026,'Forage selfies bushwick flexitarian direct trade next level ramps wolf bespoke.','2012-04-23 22:35:14'),(39,3,29383026,'Vhs shoreditch vinyl meggings franzen typewriter.','2012-05-04 12:16:22'),(40,3,29383026,'Put a bird on it etsy art party austin pickled messenger bag chillwave.','2012-04-21 19:46:06'),(41,3,29383026,'Loko tumblr selfies occupy photo booth.','2012-04-23 10:50:40'),(42,3,29403176,'Lomo 8-bit blog cronut williamsburg gluten-free truffaut small batch letterpress.','2012-05-06 03:31:07'),(43,3,29403176,'Literally skateboard keffiyeh heirloom wolf cred meditation bespoke hella.','2012-05-02 02:51:05'),(44,3,29403176,'Asymmetrical locavore drinking mlkshk sriracha.','2012-05-04 13:57:02'),(45,3,29403176,'Ramps cliche pbr&b sartorial franzen typewriter helvetica.','2012-05-05 04:43:35'),(46,3,43666550,'Chartreuse green juice listicle cold-pressed deep v farm-to-table locavore normcore poutine.','2012-04-13 21:52:24'),(47,3,43666550,'Sustainable cray echo heirloom direct trade thundercats.','2012-04-16 12:21:26'),(48,3,43666550,'Wolf quinoa gentrify direct trade heirloom banh mi street.','2012-04-16 06:12:14'),(49,3,43666550,'Cronut cornhole normcore kickstarter.','2012-04-18 04:50:11'),(50,3,21055475,'Skateboard pickled blog scenester kinfolk etsy yolo brooklyn.','2012-04-19 18:06:56'),(51,3,21055475,'Venmo viral tattooed tilde.','2012-04-30 13:11:51'),(52,3,21055475,'Ugh ethical irony bushwick.','2012-05-12 10:16:57'),(53,3,21055475,'Helvetica food truck salvia shoreditch bitters goth.','2012-04-13 00:05:56'),(54,3,21055475,'Locavore brooklyn truffaut bicycle rights ramps pickled mixtape stumptown.','2012-04-27 03:30:11'),(55,4,27217704,'Yolo heirloom park post-ironic before they sold out gluten-free blog.','2014-02-11 22:08:02'),(56,4,27217704,'Actually park tousled direct trade kale chips pour-over cliche leggings pitchfork.','2014-02-02 16:44:03'),(57,4,27217704,'Pbr&b gluten-free craft beer cred bicycle rights +1.','2014-02-13 14:39:29'),(58,4,27217704,'Synth literally plaid readymade cornhole green juice.','2014-02-11 21:04:45'),(59,4,21795170,'+1 loko tattooed cronut tumblr tote bag everyday.','2014-02-12 18:49:29'),(60,4,21795170,'Farm-to-table disrupt everyday fashion axe ugh flannel ennui.','2014-01-26 12:27:59'),(61,4,21795170,'Portland small batch synth kale chips.','2014-02-02 18:02:21'),(62,4,21795170,'Tacos aesthetic semiotics put a bird on it bitters truffaut ramps sartorial messenger bag.','2014-02-16 21:59:28'),(63,4,45592171,'Five dollar toast vegan locavore pour-over chillwave kombucha.','2014-01-20 22:38:51'),(64,4,45592171,'Paleo craft beer beard 8-bit mlkshk truffaut pabst.','2014-01-20 15:56:33'),(65,4,45592171,'Stumptown scenester marfa sartorial meditation.','2014-01-23 07:10:35'),(66,4,45592171,'Single-origin coffee five dollar toast mumblecore squid.','2014-02-08 12:28:47'),(67,4,45592171,'Literally scenester fanny pack church-key pork belly.','2014-02-03 04:58:41'),(68,4,19524430,'Echo godard ethical letterpress farm-to-table polaroid vinegar craft beer.','2014-01-25 19:13:00'),(69,4,19524430,'Fanny pack post-ironic yuccie craft beer disrupt lumbersexual cardigan brunch shoreditch.','2014-02-04 15:34:33'),(70,4,19524430,'Schlitz blue bottle actually goth kale chips chambray yr fashion axe everyday.','2014-01-30 06:35:20'),(71,4,19524430,'Pour-over synth pickled +1 hammock bitters carry.','2014-01-22 19:29:37'),(72,4,19524430,'Trust fund kinfolk portland twee.','2014-02-05 11:27:15'),(73,4,29657234,'Austin flexitarian five dollar toast selfies +1 iphone pitchfork cliche.','2014-02-15 16:07:27'),(74,4,29657234,'Letterpress fingerstache meh seitan fixie forage messenger bag narwhal squid.','2014-02-17 15:55:15'),(75,4,38360327,'Messenger bag before they sold out put a bird on it tousled kogi marfa.','2014-02-08 03:40:25'),(76,4,38360327,'Kale chips lo-fi shabby chic pork belly goth cliche.','2014-01-24 15:32:51'),(77,4,38360327,'Single-origin coffee helvetica cornhole blog mumblecore.','2014-02-17 23:58:42'),(78,4,38360327,'Dreamcatcher trust fund semiotics goth marfa banjo celiac meditation plaid.','2014-01-19 05:22:47'),(79,5,38231050,'Shoreditch cronut shabby chic fashion axe fap.','2013-09-18 23:00:41'),(80,5,38231050,'Umami +1 blue bottle actually austin post-ironic chambray selfies.','2013-09-12 09:49:48'),(81,5,38231050,'Direct trade offal shoreditch ugh single-origin coffee lomo cornhole.','2013-10-08 19:11:17'),(82,5,38231050,'Sriracha fixie typewriter keffiyeh everyday.','2013-09-21 22:44:16'),(83,5,17421714,'Ennui yr vinegar meh church-key bicycle rights chartreuse.','2013-09-19 11:10:31'),(84,5,17421714,'Jean shorts tousled church-key mustache salvia mumblecore.','2013-10-08 21:08:24'),(85,5,17421714,'Health echo chartreuse poutine synth microdosing bushwick.','2013-10-05 04:19:11'),(86,5,17421714,'Single-origin coffee health irony pickled.','2013-10-06 06:20:24'),(87,5,17421714,'Semiotics fashion axe pabst cardigan pop-up tote bag bespoke green juice wayfarers.','2013-10-05 10:40:20'),(88,5,19104830,'Fingerstache retro irony jean shorts readymade bushwick bicycle rights church-key tousled.','2013-09-30 16:49:37'),(89,5,19104830,'Polaroid post-ironic chicharrones distillery.','2013-09-28 03:57:19'),(90,5,19104830,'Keffiyeh listicle normcore etsy post-ironic fanny pack humblebrag.','2013-09-27 15:02:37'),(91,5,19104830,'Lo-fi park tilde street dreamcatcher vhs williamsburg everyday.','2013-10-08 21:22:36'),(92,5,19104830,'Hella humblebrag street cronut pickled.','2013-09-22 19:11:12'),(93,6,13874798,'Fixie franzen cred hashtag put a bird on it locavore etsy.','2013-06-08 20:40:34'),(94,6,13874798,'Kale chips squid next level fashion axe.','2013-05-28 01:13:26'),(95,6,13874798,'90\'s chambray keytar five dollar toast cardigan blue bottle.','2013-06-10 03:53:10'),(96,6,27082810,'Lo-fi humblebrag vice master hammock bicycle rights.','2013-05-28 04:44:16'),(97,6,27082810,'Distillery hoodie fanny pack aesthetic hammock.','2013-06-08 07:34:27'),(98,6,27082810,'Wayfarers tilde pop-up small batch.','2013-06-13 05:27:10'),(99,6,27082810,'Kombucha flexitarian yr direct trade synth.','2013-06-11 04:15:40'),(100,6,27082810,'Pitchfork letterpress bespoke health synth vice fixie.','2013-06-02 16:13:32'),(101,6,19952963,'Food truck cardigan raw denim kitsch typewriter before they sold out twee hoodie church-key.','2013-05-31 20:43:58'),(102,6,19952963,'Chillwave readymade church-key yolo chia squid celiac.','2013-06-04 04:05:47'),(103,6,19952963,'Park deep v wolf next level.','2013-06-12 20:17:56'),(104,6,19952963,'You probably haven\'t heard of them salvia fingerstache pork belly pitchfork kale chips tumblr iphone.','2013-05-28 20:16:38'),(105,6,29403176,'Before they sold out kale chips aesthetic hoodie.','2013-05-27 07:36:48'),(106,6,29403176,'Beard portland franzen disrupt cardigan semiotics pinterest helvetica kinfolk.','2013-06-06 23:39:52'),(107,6,29403176,'Trust fund scenester cleanse chillwave pickled carry retro flexitarian.','2013-06-17 17:31:30'),(108,6,25642787,'Meggings butcher meditation chartreuse yr +1 wolf.','2013-05-31 01:51:12'),(109,6,25642787,'Bushwick diy keytar hoodie lumbersexual.','2013-06-05 05:59:17'),(110,6,25642787,'Sriracha synth mumblecore hella pitchfork pour-over keytar vinegar yuccie.','2013-05-26 02:48:07'),(111,6,25642787,'Yolo deep v banjo selfies xoxo neutra.','2013-06-07 00:07:05'),(112,6,25642787,'Sartorial photo booth next level franzen narwhal pabst messenger bag.','2013-06-12 13:34:29'),(113,6,14234608,'Banjo twee master pinterest hoodie carry roof post-ironic.','2013-06-04 07:05:46'),(114,6,14234608,'Cleanse knausgaard migas beard.','2013-06-01 13:10:29'),(115,6,14234608,'Asymmetrical portland kinfolk shoreditch intelligentsia xoxo.','2013-06-04 01:03:30'),(116,7,39920833,'Echo health vegan vinyl.','2013-05-14 05:00:06'),(117,7,39920833,'Stumptown whatever tattooed thundercats letterpress.','2013-05-10 11:34:39'),(118,7,39920833,'Leggings banjo asymmetrical kale chips sriracha fanny pack.','2013-04-23 09:06:07'),(119,7,39920833,'Shoreditch leggings farm-to-table ethical tofu migas.','2013-04-26 11:31:29'),(120,7,39920833,'Thundercats franzen intelligentsia tacos ennui kitsch.','2013-04-24 14:21:34'),(121,8,45281434,'Pour-over lo-fi kitsch helvetica asymmetrical cornhole gastropub next level.','2013-08-21 13:42:02'),(122,8,45281434,'Hella locavore direct trade migas chia fap cold-pressed.','2013-08-26 07:47:16'),(123,8,45281434,'Ennui sriracha scenester pop-up.','2013-08-26 12:57:24'),(124,8,45281434,'Ethical bushwick chicharrones taxidermy tattooed waistcoat direct trade viral stumptown.','2013-08-21 10:23:18'),(125,9,29176202,'Asymmetrical sartorial ennui loko drinking.','2012-07-21 13:25:01'),(126,9,29176202,'Occupy leggings tilde vice messenger bag plaid cardigan wes anderson.','2012-07-13 15:44:37'),(127,9,29176202,'Waistcoat ennui actually +1 bitters everyday whatever umami.','2012-07-16 07:13:57'),(128,9,29176202,'Shoreditch whatever echo williamsburg sustainable kitsch microdosing freegan yolo.','2012-07-25 17:45:22'),(129,9,29248657,'Ennui everyday banjo single-origin coffee health.','2012-07-11 15:23:48'),(130,9,29248657,'Vinyl you probably haven\'t heard of them tote bag kogi mlkshk blog ugh.','2012-07-11 04:08:21'),(131,9,29248657,'Photo booth sartorial diy pabst post-ironic +1 chia narwhal typewriter.','2012-07-12 20:29:24'),(132,9,23891252,'Skateboard 3 wolf moon echo sartorial cray cronut chia authentic kickstarter.','2012-08-09 07:40:36'),(133,9,23891252,'Green juice photo booth loko retro banh mi single-origin coffee.','2012-07-14 23:10:52'),(134,9,23891252,'Celiac art party small batch scenester carry dreamcatcher kickstarter freegan.','2012-08-10 18:51:59'),(135,9,23891252,'Kogi direct trade cray deep v ugh chicharrones before they sold out migas.','2012-07-15 23:48:51'),(136,9,26318407,'Typewriter photo booth chartreuse meggings messenger bag venmo put a bird on it stumptown freegan.','2012-07-25 19:56:10'),(137,9,26318407,'Ethical williamsburg slow-carb meh cliche.','2012-07-11 08:21:28'),(138,9,26318407,'Jean shorts echo kale chips truffaut small batch tilde.','2012-07-16 03:32:51'),(139,9,26318407,'You probably haven\'t heard of them plaid slow-carb vegan letterpress wes anderson.','2012-07-22 10:56:40'),(140,9,26318407,'Seitan quinoa cliche godard hoodie iphone.','2012-07-25 17:13:03'),(141,9,26511873,'Squid microdosing narwhal tousled messenger bag street.','2012-08-06 00:41:41'),(142,9,26511873,'Keffiyeh shabby chic bicycle rights gastropub.','2012-08-05 05:22:04'),(143,9,33852512,'Echo letterpress mumblecore goth green juice wes anderson five dollar toast squid forage.','2012-07-22 01:59:17'),(144,9,33852512,'Readymade organic jean shorts art party selfies thundercats.','2012-07-13 21:11:50'),(145,10,26431974,'Kinfolk slow-carb bushwick artisan raw denim tote bag beard marfa trust fund.','2013-08-02 20:01:08'),(146,10,26431974,'Small batch quinoa cleanse plaid cred meggings meh.','2013-07-29 21:18:27'),(147,10,26431974,'Tattooed gentrify sustainable cred vinyl.','2013-07-21 00:27:29'),(148,10,26431974,'Bicycle rights keffiyeh street pabst retro.','2013-08-08 19:08:12'),(149,10,31221908,'Health pour-over keytar post-ironic.','2013-07-23 16:05:12'),(150,10,31221908,'Selvage letterpress quinoa iphone wolf organic kickstarter irony.','2013-07-22 13:25:25'),(151,10,31221908,'Biodiesel jean shorts williamsburg fingerstache viral typewriter marfa.','2013-07-17 09:55:08'),(152,10,31221908,'Venmo park occupy letterpress pickled fap heirloom offal.','2013-08-03 16:28:40'),(153,10,29263547,'Flexitarian chicharrones craft beer brunch vice.','2013-08-01 23:20:49'),(154,10,29263547,'Echo farm-to-table twee scenester bespoke photo booth chambray.','2013-07-26 20:18:32'),(155,11,18972028,'Helvetica disrupt readymade austin biodiesel williamsburg fashion axe single-origin coffee vhs.','2012-10-30 08:25:49'),(156,11,18972028,'Squid shabby chic pabst everyday.','2012-10-25 13:06:43'),(157,11,18972028,'Kale chips cold-pressed raw denim quinoa intelligentsia.','2012-11-13 05:44:01'),(158,11,45161098,'Ennui twee butcher gastropub etsy.','2012-11-12 05:32:22'),(159,11,45161098,'Hashtag letterpress carry master distillery sartorial microdosing.','2012-11-20 23:54:57'),(160,11,17729075,'Raw denim listicle food truck vinegar quinoa hella.','2012-11-21 12:51:12'),(161,11,17729075,'Hashtag venmo vinegar dreamcatcher pour-over.','2012-11-12 23:08:16'),(162,11,17729075,'Beard small batch gastropub street roof schlitz biodiesel polaroid authentic.','2012-11-08 12:15:52'),(163,11,17729075,'Raw denim iphone pabst williamsburg mixtape ennui.','2012-11-03 10:55:58'),(164,11,28121177,'Leggings carry tattooed dreamcatcher yuccie.','2012-11-03 04:55:50'),(165,11,28121177,'Distillery actually meh leggings authentic poutine brooklyn etsy goth.','2012-11-19 00:39:18'),(166,11,28121177,'Butcher brooklyn +1 direct trade chia stumptown.','2012-10-23 14:05:19'),(167,12,41712411,'Street photo booth flannel crucifix lumbersexual scenester schlitz echo.','2012-04-26 17:36:50'),(168,12,41712411,'Portland cornhole waistcoat crucifix offal vinyl.','2012-05-12 22:40:48'),(169,12,41712411,'Gastropub crucifix street wolf shoreditch brunch readymade ramps.','2012-05-14 20:33:41'),(170,12,31236188,'Pabst authentic pinterest pitchfork stumptown.','2012-04-25 12:43:38'),(171,12,31236188,'Waistcoat church-key chillwave letterpress fanny pack.','2012-04-22 15:44:41'),(172,12,31236188,'Echo raw denim taxidermy carry biodiesel.','2012-04-19 03:06:28'),(173,12,31236188,'Diy forage yuccie cold-pressed irony master.','2012-04-30 00:09:23'),(174,12,31236188,'Hammock echo pitchfork williamsburg banh mi umami try-hard.','2012-05-05 01:09:04'),(175,12,41811189,'Trust fund gluten-free retro selfies drinking.','2012-05-14 22:56:52'),(176,12,41811189,'Church-key microdosing iphone fingerstache food truck jean shorts.','2012-05-05 11:36:25'),(177,12,41811189,'Keffiyeh fanny pack godard gluten-free single-origin coffee wolf.','2012-05-07 09:48:32'),(178,12,38929207,'Sriracha wolf jean shorts try-hard.','2012-04-21 05:51:04'),(179,12,38929207,'Umami asymmetrical cred offal intelligentsia taxidermy marfa.','2012-05-14 00:39:44'),(180,12,38929207,'Franzen cliche kogi vhs kombucha bespoke yolo.','2012-05-14 05:30:48'),(181,12,38929207,'Ethical occupy messenger bag gentrify chambray microdosing celiac flannel meditation.','2012-05-08 08:41:02'),(182,12,32127763,'Food truck semiotics carry hella ramps.','2012-04-27 19:38:58'),(183,12,32127763,'You probably haven\'t heard of them literally heirloom slow-carb.','2012-05-03 04:58:18'),(184,12,19597702,'Viral flannel readymade single-origin coffee deep v.','2012-05-05 03:37:37'),(185,12,19597702,'Everyday health tilde kinfolk sriracha wes anderson pour-over.','2012-05-06 16:09:53'),(186,12,19597702,'Hashtag flexitarian food truck seitan slow-carb literally paleo bitters.','2012-05-09 03:09:34'),(187,12,32610599,'Synth diy leggings carry cronut sriracha photo booth.','2012-04-30 05:04:36'),(188,12,32610599,'Helvetica neutra pour-over fixie austin.','2012-04-18 17:25:24'),(189,12,32610599,'Pitchfork skateboard +1 irony whatever.','2012-05-08 12:02:59'),(190,13,25026636,'Trust fund helvetica wes anderson heirloom.','2016-06-21 08:52:08'),(191,13,25026636,'Before they sold out crucifix etsy typewriter chambray kogi craft beer.','2016-07-05 23:18:21'),(192,13,25026636,'Tumblr disrupt migas seitan.','2016-07-11 15:51:32'),(193,13,25026636,'Ramps selvage wolf church-key meditation blog distillery hashtag.','2016-07-08 13:28:46'),(194,13,38301185,'Pork belly williamsburg poutine pitchfork tousled messenger bag humblebrag vegan.','2016-07-04 18:18:37'),(195,13,38301185,'Flannel meditation polaroid neutra cred cornhole butcher roof.','2016-06-25 00:00:43'),(196,13,38301185,'Echo sartorial scenester kombucha sriracha pitchfork distillery letterpress fashion axe.','2016-06-19 04:12:54'),(197,13,38301185,'Mustache cronut letterpress 90\'s normcore chambray humblebrag iphone.','2016-06-18 13:28:58'),(198,13,38301185,'Farm-to-table heirloom cray typewriter 8-bit.','2016-06-28 22:56:42'),(199,13,31187371,'Kale chips mlkshk blue bottle drinking butcher hammock sustainable.','2016-07-03 04:20:25'),(200,13,31187371,'Fingerstache slow-carb swag park celiac tilde church-key cronut.','2016-06-30 00:15:09'),(201,13,19563887,'Thundercats tofu goth kinfolk hella cardigan.','2016-06-23 11:22:31'),(202,13,19563887,'8-bit wes anderson readymade before they sold out pour-over slow-carb drinking.','2016-07-14 07:35:49'),(203,13,19563887,'Gastropub truffaut pour-over bespoke flexitarian ethical.','2016-07-13 22:29:51'),(204,13,19563887,'Chambray plaid neutra pickled chicharrones.','2016-07-16 18:26:44'),(205,14,17267163,'Knausgaard skateboard pabst stumptown williamsburg salvia.','2014-07-30 22:12:27'),(206,14,17267163,'Cardigan tote bag bitters asymmetrical dreamcatcher wayfarers viral slow-carb vinyl.','2014-07-23 00:57:07'),(207,14,17267163,'Ugh hella butcher williamsburg pickled truffaut.','2014-07-30 19:28:15'),(208,14,17267163,'Health before they sold out crucifix fap try-hard narwhal artisan yuccie.','2014-07-29 09:59:03'),(209,14,17267163,'Hella try-hard jean shorts pbr&b pour-over drinking vegan roof semiotics.','2014-07-20 00:22:12'),(210,15,21795170,'Leggings yolo fingerstache vinyl.','2012-01-19 03:32:37'),(211,15,21795170,'Yr normcore ramps blue bottle craft beer.','2012-01-22 04:02:08'),(212,15,21795170,'Readymade listicle neutra sartorial vhs.','2012-01-21 00:46:59'),(213,15,26404866,'Fanny pack before they sold out typewriter street wolf flannel post-ironic.','2012-01-18 18:55:21'),(214,15,26404866,'Master jean shorts shabby chic irony cray authentic freegan flexitarian.','2012-01-11 07:56:05'),(215,15,26404866,'Brunch distillery hashtag occupy tousled kogi.','2012-01-20 01:38:48'),(216,15,26404866,'Vinegar tacos meditation meggings listicle roof venmo.','2012-01-24 12:25:12'),(217,15,26404866,'Carry hashtag intelligentsia kale chips you probably haven\'t heard of them 90\'s mustache gentrify.','2012-01-24 00:42:18'),(218,15,29925063,'Plaid health brooklyn synth banjo schlitz.','2012-01-24 15:35:24'),(219,15,29925063,'Before they sold out deep v freegan artisan flannel.','2012-01-29 00:28:17'),(220,15,29925063,'Mlkshk freegan kale chips vhs crucifix pork belly actually flannel.','2012-01-06 17:54:03'),(221,15,20736044,'Venmo blue bottle biodiesel selfies single-origin coffee tattooed fap helvetica portland.','2012-01-29 10:35:04'),(222,15,20736044,'Keffiyeh pop-up vinyl hella selvage before they sold out banjo pbr&b.','2012-01-27 16:12:28'),(223,15,20736044,'Gastropub selvage xoxo wayfarers trust fund small batch.','2012-01-06 22:29:01'),(224,16,23812603,'Quinoa brunch chambray trust fund hella freegan.','2015-04-22 08:30:28'),(225,16,23812603,'Schlitz chicharrones chartreuse squid swag humblebrag distillery.','2015-04-18 05:32:22'),(226,16,23812603,'Heirloom five dollar toast freegan hoodie.','2015-04-28 15:34:34'),(227,16,23812603,'Sartorial fashion axe bespoke banh mi paleo before they sold out keytar.','2015-05-03 08:48:53'),(228,16,23812603,'Ramps plaid hashtag knausgaard.','2015-04-23 19:52:10'),(229,16,37795357,'Leggings trust fund etsy mixtape disrupt meggings meh iphone plaid.','2015-04-25 20:17:10'),(230,16,37795357,'Schlitz farm-to-table tumblr salvia photo booth gentrify literally cleanse.','2015-05-06 02:06:33'),(231,16,41575641,'Loko gastropub selfies swag.','2015-05-06 09:18:04'),(232,16,41575641,'Williamsburg try-hard viral cred poutine hashtag kickstarter hella.','2015-05-05 20:47:09'),(233,16,36665361,'Roof single-origin coffee marfa pabst meh drinking williamsburg vhs leggings.','2015-05-05 08:23:36'),(234,16,36665361,'Irony food truck jean shorts single-origin coffee umami retro cornhole tofu.','2015-05-03 14:22:28'),(235,16,36665361,'90\'s wes anderson vegan blog actually semiotics.','2015-04-17 17:30:05'),(236,16,32497170,'Hella tattooed cray truffaut authentic wes anderson beard artisan.','2015-04-28 14:02:01'),(237,16,32497170,'Wolf wayfarers banh mi aesthetic gastropub mixtape twee xoxo.','2015-04-13 15:30:56'),(238,16,41133796,'Butcher polaroid williamsburg retro sartorial loko whatever shabby chic food truck.','2015-04-18 00:01:43'),(239,16,41133796,'Typewriter actually scenester mixtape cray venmo iphone.','2015-05-09 03:14:18'),(240,16,41133796,'Kombucha kinfolk stumptown butcher heirloom art party cleanse.','2015-05-02 23:06:02'),(241,16,41133796,'Tousled mumblecore kinfolk you probably haven\'t heard of them.','2015-04-22 19:24:22'),(242,16,41133796,'Meggings letterpress quinoa banh mi green juice.','2015-04-24 12:41:22'),(243,16,35511872,'Tattooed jean shorts readymade tofu.','2015-04-14 06:00:32'),(244,16,35511872,'Portland meditation blog aesthetic salvia health beard yolo celiac.','2015-05-01 02:09:16'),(245,16,35511872,'Cold-pressed pitchfork post-ironic 8-bit everyday vice cray master.','2015-04-29 08:43:49'),(246,16,35511872,'Flexitarian next level 8-bit sartorial cornhole pug keffiyeh neutra.','2015-04-21 06:25:10'),(247,16,35511872,'Brooklyn lomo fixie portland.','2015-04-15 23:26:01'),(248,17,31187371,'Aesthetic bicycle rights blue bottle sartorial salvia skateboard pickled semiotics.','2014-07-20 23:16:00'),(249,17,31187371,'Bicycle rights jean shorts kinfolk goth sartorial quinoa distillery craft beer portland.','2014-07-01 01:14:25'),(250,17,31187371,'Roof craft beer fixie vhs chicharrones before they sold out tilde vice crucifix.','2014-07-27 07:01:58'),(251,17,31187371,'Pinterest single-origin coffee wes anderson blog kickstarter marfa intelligentsia migas umami.','2014-07-02 18:15:05'),(252,17,19217977,'Plaid mustache hashtag vhs meh.','2014-07-05 06:28:07'),(253,17,19217977,'Fap migas bicycle rights organic pitchfork selfies gluten-free selvage cliche.','2014-07-18 10:29:46'),(254,17,19217977,'Trust fund next level bespoke waistcoat whatever celiac gastropub pickled cardigan.','2014-07-14 11:33:02'),(255,17,19217977,'Semiotics paleo williamsburg keffiyeh wolf chia pug godard.','2014-07-06 20:01:29'),(256,17,26511873,'Typewriter pug before they sold out wes anderson banjo.','2014-07-19 22:41:04'),(257,17,26511873,'Poutine freegan humblebrag viral cray whatever.','2014-07-23 09:33:13'),(258,17,26511873,'Trust fund tattooed neutra lomo.','2014-07-16 09:31:27'),(259,17,26511873,'Slow-carb vice gentrify bushwick shabby chic cardigan.','2014-07-16 12:00:49'),(260,17,38166448,'Pitchfork irony messenger bag flannel butcher wayfarers kinfolk loko.','2014-07-02 14:30:28'),(261,17,38166448,'Taxidermy kogi irony meh street green juice wayfarers.','2014-07-25 14:12:00'),(262,17,38166448,'Squid meggings biodiesel chillwave keytar goth quinoa ramps mlkshk.','2014-07-22 06:50:19'),(263,17,38166448,'Lumbersexual ethical pop-up you probably haven\'t heard of them kitsch franzen slow-carb leggings.','2014-07-17 07:30:48'),(264,18,44088389,'Heirloom tumblr skateboard bushwick lumbersexual salvia pork belly.','2014-08-18 20:20:07'),(265,18,44088389,'Tofu organic kale chips deep v mixtape.','2014-08-09 14:13:31'),(266,18,44088389,'Blue bottle mumblecore fashion axe swag lomo cray portland loko readymade.','2014-08-08 12:54:33'),(267,19,45637433,'Kogi readymade gastropub try-hard seitan cleanse banh mi kitsch.','2014-07-05 10:40:09'),(268,19,45637433,'Everyday knausgaard freegan thundercats.','2014-07-11 15:01:10'),(269,19,45637433,'Kombucha wayfarers shoreditch loko.','2014-06-21 00:55:15'),(270,19,39429728,'Bushwick chillwave before they sold out mixtape poutine organic offal.','2014-07-07 23:59:23'),(271,19,39429728,'Leggings venmo put a bird on it mlkshk normcore humblebrag.','2014-06-25 16:20:37'),(272,19,13874798,'Artisan semiotics direct trade twee tousled bushwick salvia food truck fingerstache.','2014-06-28 08:04:15'),(273,19,13874798,'Truffaut normcore retro kogi.','2014-07-17 21:09:17'),(274,19,26431974,'Celiac actually ennui leggings waistcoat aesthetic.','2014-07-17 11:17:14'),(275,19,26431974,'Cardigan craft beer pbr&b wolf.','2014-07-06 02:58:44'),(276,19,26431974,'Yr pitchfork hashtag chartreuse asymmetrical.','2014-07-11 09:11:15'),(277,19,26431974,'Craft beer cronut echo church-key trust fund helvetica tacos flannel poutine.','2014-07-16 19:44:48'),(278,20,35306744,'Bespoke taxidermy twee tofu narwhal trust fund.','2013-11-05 03:16:39'),(279,20,35306744,'Banjo meditation meggings craft beer portland.','2013-11-13 04:50:38'),(280,20,35306744,'Hoodie chicharrones banh mi pop-up mumblecore neutra.','2013-11-05 02:32:25'),(281,20,35306744,'Disrupt heirloom mustache five dollar toast distillery kinfolk try-hard selvage.','2013-11-10 10:23:19'),(282,20,35306744,'Ugh fanny pack yr hoodie retro quinoa green juice.','2013-11-22 12:40:49'),(283,20,21715065,'Squid chartreuse humblebrag skateboard listicle kombucha 8-bit franzen keffiyeh.','2013-11-13 13:19:32'),(284,20,21715065,'Seitan art party franzen gluten-free gastropub chillwave.','2013-11-24 22:03:11'),(285,21,17636614,'Pabst pinterest whatever retro next level xoxo ennui yr.','2014-09-07 19:59:56'),(286,21,17636614,'+1 ugh biodiesel kombucha.','2014-08-26 22:25:21'),(287,21,33707427,'Twee squid wes anderson leggings blog franzen chia fashion axe sustainable.','2014-09-09 19:45:58'),(288,21,33707427,'Messenger bag gluten-free offal raw denim cold-pressed typewriter yr.','2014-09-08 01:25:52'),(289,21,33707427,'Pug portland williamsburg fixie polaroid migas chia green juice.','2014-09-11 01:40:07'),(290,21,33707427,'Pabst scenester tumblr health carry.','2014-08-20 01:55:22'),(291,21,33707427,'Fingerstache godard bespoke dreamcatcher +1 salvia selfies.','2014-08-24 07:11:42'),(292,21,35511872,'Vegan stumptown tattooed selfies iphone sustainable thundercats hella.','2014-09-10 03:39:11'),(293,21,35511872,'Roof craft beer bushwick keytar microdosing salvia.','2014-09-03 07:58:30'),(294,21,35511872,'Banh mi raw denim gentrify knausgaard kombucha single-origin coffee.','2014-08-27 02:56:13'),(295,21,35511872,'Trust fund gastropub stumptown franzen offal.','2014-08-25 04:59:14'),(296,21,13305719,'Forage mixtape keytar hella neutra intelligentsia food truck pug.','2014-08-25 20:50:17'),(297,21,13305719,'Taxidermy 90\'s sriracha disrupt.','2014-08-30 03:45:31'),(298,21,13305719,'Artisan neutra health synth fixie.','2014-09-03 06:40:54'),(299,21,29925063,'Squid authentic pbr&b pop-up crucifix retro wes anderson franzen.','2014-08-19 22:09:43'),(300,21,29925063,'Literally asymmetrical cliche drinking tote bag chambray yr craft beer chillwave.','2014-08-20 07:03:28'),(301,21,29925063,'Crucifix readymade seitan goth.','2014-08-30 14:43:35'),(302,21,29925063,'Slow-carb kickstarter polaroid banh mi +1 green juice.','2014-09-06 18:59:50'),(303,21,29925063,'Actually pork belly kogi keytar keffiyeh yuccie austin health.','2014-09-06 15:59:35'),(304,21,14121867,'Franzen lomo typewriter vinegar fap ugh park flexitarian marfa.','2014-09-08 09:25:13'),(305,21,14121867,'Selvage narwhal bespoke hammock art party.','2014-09-01 10:35:16'),(306,21,14121867,'Hammock sriracha tumblr viral banh mi.','2014-08-30 17:28:26'),(307,21,14121867,'Goth cleanse chillwave knausgaard meh.','2014-09-03 09:01:40'),(308,22,38448111,'Loko pbr&b slow-carb portland tousled biodiesel chicharrones lumbersexual.','2012-06-18 12:28:48'),(309,22,38448111,'Everyday keytar xoxo shoreditch lo-fi semiotics vinegar.','2012-06-17 08:29:41'),(310,22,17729075,'Pug skateboard slow-carb williamsburg cliche marfa kombucha master banh mi.','2012-07-12 09:26:37'),(311,22,17729075,'Chia forage tofu vinyl banjo.','2012-07-11 05:04:47'),(312,22,17729075,'Freegan etsy meh shoreditch.','2012-07-14 11:58:08'),(313,22,32695483,'Cleanse locavore 3 wolf moon biodiesel.','2012-06-24 14:56:21'),(314,22,32695483,'Kitsch poutine franzen locavore.','2012-07-15 10:26:23'),(315,22,39920833,'Asymmetrical cronut pop-up hammock gentrify.','2012-07-01 02:04:33'),(316,22,39920833,'Viral vinegar tumblr chia bitters pour-over.','2012-06-27 07:33:16'),(317,22,30198511,'Drinking lomo intelligentsia leggings chambray.','2012-07-17 19:26:32'),(318,22,30198511,'Slow-carb intelligentsia gluten-free freegan.','2012-07-02 13:45:03'),(319,22,30198511,'Retro roof put a bird on it neutra blog.','2012-07-03 04:00:16'),(320,22,30198511,'Normcore mustache selvage kitsch humblebrag deep v.','2012-06-17 02:35:45'),(321,22,22394025,'Pickled polaroid heirloom semiotics butcher blue bottle helvetica kinfolk.','2012-06-26 20:16:40'),(322,22,22394025,'Wes anderson neutra hammock leggings tattooed vegan tofu stumptown.','2012-06-23 00:50:59'),(323,22,22394025,'8-bit disrupt yr fingerstache narwhal drinking cleanse sartorial organic.','2012-06-28 21:28:39'),(324,22,22394025,'Xoxo banh mi pickled tousled normcore.','2012-06-22 09:05:58'),(325,22,22394025,'Five dollar toast kitsch viral crucifix fanny pack raw denim pinterest vhs tacos.','2012-06-25 20:42:48'),(326,23,28536060,'Drinking shoreditch master cornhole literally tilde.','2015-12-29 11:06:58'),(327,23,28536060,'Organic twee mustache vinegar craft beer tattooed you probably haven\'t heard of them shoreditch.','2016-01-05 12:02:00'),(328,23,28536060,'Truffaut tousled art party authentic heirloom +1.','2015-12-24 13:03:14'),(329,23,28536060,'Tote bag flexitarian 8-bit before they sold out semiotics pug hashtag post-ironic.','2016-01-09 15:15:21'),(330,23,28536060,'Small batch marfa meh portland drinking bespoke brooklyn pug.','2015-12-30 15:27:57'),(331,23,35314673,'Park bespoke before they sold out carry.','2016-01-04 19:51:23'),(332,23,35314673,'Diy authentic tattooed disrupt thundercats venmo single-origin coffee xoxo.','2015-12-29 09:17:43'),(333,23,35314673,'Locavore cold-pressed hella messenger bag chillwave.','2015-12-13 07:06:27'),(334,23,15445406,'Mustache chillwave mixtape diy sustainable xoxo single-origin coffee.','2015-12-27 13:18:31'),(335,23,15445406,'Pbr&b put a bird on it pabst scenester wayfarers brooklyn squid carry pitchfork.','2015-12-22 23:20:37'),(336,23,34222705,'Vinegar irony knausgaard sartorial cornhole 8-bit.','2015-12-21 19:54:11'),(337,23,34222705,'Beard forage heirloom meggings butcher.','2015-12-17 16:20:35'),(338,23,34222705,'Everyday jean shorts dreamcatcher 3 wolf moon five dollar toast small batch.','2015-12-22 08:37:53'),(339,23,15009808,'Raw denim lo-fi mumblecore narwhal next level wayfarers wes anderson vinegar.','2016-01-05 06:09:11'),(340,23,15009808,'Literally shabby chic whatever aesthetic skateboard swag.','2015-12-20 11:46:06'),(341,23,15009808,'Echo 3 wolf moon venmo shoreditch distillery park wes anderson dreamcatcher pabst.','2016-01-03 12:47:33'),(342,23,15009808,'Messenger bag tote bag pug selvage.','2015-12-25 01:13:25'),(343,24,35306744,'Lumbersexual cliche hashtag cronut bespoke mumblecore next level chicharrones aesthetic.','2015-08-09 03:49:04'),(344,24,35306744,'Mustache vinyl cray small batch.','2015-07-31 22:30:04'),(345,24,35306744,'Raw denim lo-fi mumblecore kombucha.','2015-08-16 21:01:19'),(346,24,35306744,'Paleo austin pop-up health hammock cray tote bag godard taxidermy.','2015-07-30 05:21:21'),(347,24,35306744,'+1 sartorial dreamcatcher kitsch meggings pop-up.','2015-08-07 07:09:39'),(348,24,22829031,'Food truck heirloom chambray crucifix yuccie waistcoat.','2015-08-14 14:46:00'),(349,24,22829031,'Mumblecore retro fingerstache farm-to-table tote bag celiac literally tattooed fanny pack.','2015-07-30 16:19:10'),(350,24,22829031,'Vegan flexitarian gluten-free pickled stumptown.','2015-08-13 19:48:10'),(351,24,26431974,'Fashion axe vinegar single-origin coffee dreamcatcher blog biodiesel raw denim.','2015-07-26 21:06:21'),(352,24,26431974,'Small batch mlkshk tote bag shabby chic scenester austin bitters.','2015-08-07 14:32:46'),(353,25,38865986,'Lumbersexual etsy pbr&b flannel whatever kitsch.','2014-11-19 17:00:21'),(354,25,38865986,'Normcore readymade next level microdosing shabby chic.','2014-12-06 20:54:49'),(355,25,43753873,'Yuccie 90\'s wes anderson hammock flannel squid meh master.','2014-12-06 05:35:01'),(356,25,43753873,'Direct trade mixtape fixie swag.','2014-11-18 15:18:53'),(357,25,43753873,'Ramps waistcoat ethical umami forage loko whatever celiac.','2014-11-15 14:09:59'),(358,26,29200324,'Godard swag ramps lumbersexual umami tilde biodiesel goth tattooed.','2016-06-11 16:58:45'),(359,26,29200324,'Iphone hoodie cleanse gastropub.','2016-06-21 18:41:46'),(360,26,41142088,'Mustache pitchfork venmo blue bottle wolf bushwick.','2016-06-07 10:35:30'),(361,26,41142088,'Semiotics lumbersexual chartreuse next level pbr&b disrupt.','2016-06-23 15:00:55'),(362,26,16338782,'Brunch cold-pressed cleanse paleo thundercats swag blue bottle diy goth.','2016-06-06 06:49:29'),(363,26,16338782,'Scenester umami chicharrones swag.','2016-07-05 01:04:18'),(364,26,16338782,'Humblebrag tousled kickstarter butcher.','2016-06-20 06:03:18'),(365,26,16338782,'Ramps waistcoat carry plaid kitsch williamsburg occupy +1.','2016-06-17 16:08:57'),(366,27,23501765,'Heirloom sartorial 90\'s vice diy.','2014-10-31 08:47:24'),(367,27,23501765,'Kitsch portland health gluten-free tumblr forage tote bag pug ramps.','2014-10-15 21:54:14'),(368,27,23501765,'Kinfolk park goth everyday kickstarter whatever cardigan leggings.','2014-10-28 18:44:33'),(369,27,23501765,'Quinoa flexitarian blue bottle williamsburg letterpress bushwick.','2014-10-25 21:04:06'),(370,28,38166448,'Everyday deep v hashtag chillwave chia flexitarian fingerstache small batch aesthetic.','2014-02-07 03:11:32'),(371,28,38166448,'Chartreuse pabst post-ironic poutine roof whatever lo-fi.','2014-01-18 07:42:49'),(372,28,38166448,'Semiotics drinking selvage thundercats normcore tousled street retro.','2014-01-29 23:25:57'),(373,28,38166448,'Waistcoat ennui photo booth chartreuse craft beer freegan.','2014-01-19 14:50:56'),(374,28,38166448,'Meditation hella pickled typewriter tofu yolo twee bicycle rights pinterest.','2014-02-05 23:13:19'),(375,28,18371576,'Twee dreamcatcher quinoa sriracha cardigan stumptown yr narwhal.','2014-01-22 05:50:50'),(376,28,18371576,'Plaid pickled fingerstache you probably haven\'t heard of them whatever distillery vegan crucifix.','2014-02-07 05:06:18'),(377,28,18371576,'Sustainable celiac ugh retro.','2014-02-08 14:58:27'),(378,28,18371576,'Freegan offal yolo yuccie cliche venmo hammock.','2014-02-11 06:38:49'),(379,29,26789261,'Microdosing ramps chia actually ugh carry cold-pressed.','2014-04-17 06:28:16'),(380,29,26789261,'Raw denim gluten-free helvetica normcore umami leggings taxidermy.','2014-04-15 05:10:29'),(381,29,26789261,'Cronut carry cleanse readymade vegan fingerstache slow-carb.','2014-04-11 11:13:15'),(382,29,26789261,'Dreamcatcher umami cliche meditation keffiyeh mixtape post-ironic shoreditch.','2014-04-20 16:36:29'),(383,29,25620290,'Food truck aesthetic biodiesel pinterest squid ethical.','2014-04-29 19:59:57'),(384,29,25620290,'Fashion axe typewriter sriracha keffiyeh leggings tattooed.','2014-04-05 00:16:10'),(385,29,12818808,'Single-origin coffee viral chicharrones chartreuse bicycle rights plaid.','2014-04-29 22:16:00'),(386,29,12818808,'Fanny pack hammock flexitarian echo portland squid swag distillery.','2014-04-10 05:32:19'),(387,29,12818808,'Farm-to-table readymade loko intelligentsia pop-up pour-over put a bird on it celiac lo-fi.','2014-04-20 18:47:59'),(388,30,31221908,'Diy aesthetic single-origin coffee helvetica five dollar toast microdosing chartreuse.','2015-03-13 00:54:54'),(389,30,31221908,'Fingerstache you probably haven\'t heard of them fanny pack keffiyeh whatever.','2015-03-15 17:45:51'),(390,30,31221908,'Authentic viral bitters shoreditch gluten-free humblebrag heirloom.','2015-03-03 08:41:10'),(391,30,32695483,'Typewriter chicharrones bespoke aesthetic carry kickstarter twee offal jean shorts.','2015-03-08 08:59:17'),(392,30,32695483,'Hashtag forage truffaut ennui.','2015-03-10 18:20:18'),(393,30,32695483,'Slow-carb readymade squid carry meggings selfies park blog.','2015-03-05 20:31:57'),(394,30,38231050,'Beard bushwick cred freegan swag mustache kogi.','2015-02-24 21:04:50'),(395,30,38231050,'Retro +1 wolf beard viral 3 wolf moon portland narwhal.','2015-03-05 23:30:45'),(396,30,38231050,'Asymmetrical single-origin coffee squid irony chicharrones mumblecore retro actually.','2015-03-10 21:39:23'),(397,31,23721790,'Yr street trust fund single-origin coffee.','2015-05-03 10:05:36'),(398,31,23721790,'Quinoa distillery 3 wolf moon freegan vhs mumblecore kinfolk.','2015-04-17 01:43:37'),(399,32,12468697,'Wes anderson beard kombucha lo-fi mixtape ennui church-key plaid.','2013-03-16 12:18:24'),(400,32,12468697,'Pinterest plaid pitchfork blog austin kale chips.','2013-03-08 20:33:55'),(401,32,32610599,'Mumblecore fap single-origin coffee cardigan waistcoat.','2013-03-04 04:09:54'),(402,32,32610599,'Cornhole knausgaard listicle plaid typewriter.','2013-02-21 00:50:51'),(403,32,32610599,'Tilde jean shorts readymade migas deep v.','2013-03-15 07:58:37'),(404,32,32610599,'Single-origin coffee park occupy keytar wolf.','2013-03-17 22:32:08'),(405,32,32610599,'Chillwave green juice tumblr disrupt dreamcatcher taxidermy polaroid.','2013-02-20 10:11:01'),(406,32,42230696,'Twee messenger bag intelligentsia cray 8-bit yolo.','2013-03-05 10:57:17'),(407,32,42230696,'Crucifix pickled single-origin coffee letterpress.','2013-03-16 20:16:03'),(408,32,42230696,'Skateboard try-hard poutine heirloom crucifix truffaut chambray butcher master.','2013-03-20 23:49:39'),(409,32,41756464,'Gastropub truffaut venmo chia paleo meh kombucha waistcoat slow-carb.','2013-03-22 07:15:11'),(410,32,41756464,'Chia distillery humblebrag 90\'s.','2013-03-19 05:49:53'),(411,32,41756464,'Lo-fi wayfarers freegan single-origin coffee celiac.','2013-03-06 06:55:26'),(412,32,41756464,'Selvage tumblr helvetica freegan cray tattooed mlkshk.','2013-02-20 01:50:46'),(413,32,45768985,'Williamsburg microdosing swag etsy cleanse.','2013-03-09 20:45:18'),(414,32,45768985,'Austin hoodie post-ironic raw denim.','2013-02-20 10:48:41'),(415,33,29712056,'Yolo cliche swag dreamcatcher neutra gentrify pickled.','2012-05-14 04:55:17'),(416,33,29712056,'Plaid before they sold out church-key irony cleanse paleo.','2012-05-18 07:03:34'),(417,33,29712056,'Offal tousled chambray taxidermy chicharrones cray gastropub skateboard flexitarian.','2012-05-12 11:39:10'),(418,33,29712056,'Before they sold out chicharrones yolo pbr&b salvia hammock.','2012-05-15 03:12:26'),(419,33,29712056,'Hammock you probably haven\'t heard of them chicharrones wes anderson kogi seitan retro.','2012-05-19 03:59:01'),(420,33,45281434,'Mlkshk park ennui mumblecore food truck quinoa williamsburg.','2012-05-01 04:02:13'),(421,33,45281434,'Polaroid gastropub austin stumptown swag.','2012-05-10 20:52:43'),(422,33,45281434,'Chillwave raw denim echo gentrify brooklyn swag pug hashtag.','2012-04-26 17:15:38'),(423,33,45281434,'Ugh dreamcatcher cray roof.','2012-05-14 22:05:02'),(424,33,45281434,'Bushwick keffiyeh crucifix yr everyday yuccie normcore pork belly.','2012-05-02 06:38:51'),(425,33,25989733,'Master skateboard loko five dollar toast cold-pressed tattooed marfa.','2012-05-20 16:44:31'),(426,33,25989733,'Chambray ennui 3 wolf moon chartreuse roof celiac brooklyn pickled everyday.','2012-04-21 19:04:40'),(427,33,25620290,'Trust fund chartreuse loko tofu venmo.','2012-04-25 04:25:00'),(428,33,25620290,'Tote bag normcore carry raw denim meditation fingerstache banh mi asymmetrical kogi.','2012-04-27 10:03:08'),(429,33,25620290,'Goth gluten-free messenger bag photo booth slow-carb.','2012-05-11 03:06:59'),(430,33,25620290,'Irony lo-fi pickled bicycle rights actually fanny pack locavore.','2012-05-10 03:32:21'),(431,33,29248657,'Vinegar skateboard meh pabst keytar pitchfork beard biodiesel small batch.','2012-05-07 17:52:22'),(432,33,29248657,'Brunch cray plaid chicharrones chia meggings retro wes anderson master.','2012-05-15 15:24:01'),(433,33,29248657,'Hoodie mixtape truffaut bitters seitan kitsch iphone venmo.','2012-04-26 12:30:06'),(434,33,29248657,'Semiotics health typewriter migas photo booth.','2012-05-15 09:13:52'),(435,33,41331666,'Cold-pressed vinegar organic bespoke occupy franzen.','2012-05-10 14:45:34'),(436,33,41331666,'Tote bag master crucifix intelligentsia green juice.','2012-04-28 11:25:23'),(437,33,26977981,'8-bit five dollar toast yolo vinegar try-hard listicle brooklyn gluten-free post-ironic.','2012-04-24 00:25:00'),(438,33,26977981,'Leggings goth polaroid tacos.','2012-05-06 19:46:01'),(439,33,26977981,'Truffaut tattooed tote bag quinoa synth.','2012-05-08 09:21:38'),(440,34,20315615,'Whatever mixtape hoodie roof messenger bag.','2016-07-25 01:47:59'),(441,34,20315615,'Yuccie shoreditch drinking wayfarers disrupt photo booth sriracha biodiesel.','2016-07-04 15:47:34'),(442,34,20315615,'Dreamcatcher fap lo-fi seitan fingerstache.','2016-07-28 20:41:32'),(443,34,20315615,'Bespoke squid try-hard farm-to-table.','2016-07-27 10:41:49'),(444,34,12818808,'Master tumblr kickstarter mumblecore before they sold out.','2016-07-14 09:05:56'),(445,34,12818808,'Brooklyn retro trust fund pork belly selfies blue bottle hashtag.','2016-07-15 19:21:39'),(446,34,12818808,'Pabst before they sold out echo kombucha skateboard.','2016-07-09 09:30:55'),(447,34,12818808,'Bushwick biodiesel fingerstache salvia.','2016-07-26 14:43:17'),(448,34,12818808,'Trust fund post-ironic pitchfork forage crucifix flexitarian microdosing wolf.','2016-07-25 22:24:52'),(449,34,29869896,'Waistcoat wes anderson fap meggings roof etsy meh iphone selvage.','2016-07-17 03:09:36'),(450,34,29869896,'Cold-pressed intelligentsia chia art party salvia yr health xoxo.','2016-07-15 16:30:09'),(451,34,29869896,'Narwhal disrupt diy cred.','2016-07-06 00:46:27'),(452,35,26511873,'Hashtag lomo park farm-to-table vice everyday schlitz 3 wolf moon polaroid.','2014-09-09 13:06:55'),(453,35,26511873,'Literally taxidermy fixie slow-carb kogi lumbersexual church-key lomo.','2014-09-21 18:15:24'),(454,35,23343683,'Health yuccie thundercats portland godard occupy.','2014-09-19 04:46:42'),(455,35,23343683,'Food truck flannel echo slow-carb chartreuse.','2014-09-14 08:36:06'),(456,35,23343683,'Waistcoat blue bottle pork belly gluten-free thundercats.','2014-08-25 19:23:24'),(457,35,23343683,'Portland before they sold out twee direct trade pbr&b literally echo ennui.','2014-09-21 13:05:07'),(458,35,23343683,'Slow-carb plaid meditation cliche vegan fanny pack 90\'s cleanse typewriter.','2014-09-17 10:59:30'),(459,36,29200324,'Health blue bottle art party photo booth roof vinyl diy.','2015-05-15 07:11:32'),(460,36,29200324,'Austin deep v bespoke echo seitan meggings forage flannel.','2015-05-04 19:07:27'),(461,36,29200324,'Cold-pressed semiotics pug echo pop-up chambray drinking.','2015-05-19 20:21:14'),(462,36,35663695,'Freegan forage bushwick five dollar toast bicycle rights.','2015-05-04 21:30:21'),(463,36,35663695,'Vinegar taxidermy umami selvage salvia try-hard deep v xoxo.','2015-04-20 06:29:27'),(464,36,35663695,'Small batch kombucha polaroid master lomo vice.','2015-05-03 09:09:45'),(465,36,44746436,'Fanny pack cold-pressed kale chips kombucha farm-to-table bitters.','2015-05-01 01:49:59'),(466,36,44746436,'Knausgaard chicharrones squid artisan tofu yr.','2015-05-14 12:03:21'),(467,36,44746436,'Pop-up knausgaard narwhal selvage fanny pack park venmo.','2015-05-14 06:04:21'),(468,36,44746436,'Authentic fingerstache next level master.','2015-04-23 02:58:02'),(469,36,36450668,'Selvage ennui pabst chia quinoa next level bushwick mumblecore.','2015-05-12 05:43:02'),(470,36,36450668,'Mumblecore venmo locavore portland.','2015-04-29 01:06:36'),(471,37,12628705,'Farm-to-table before they sold out aesthetic cold-pressed schlitz.','2015-05-13 07:31:28'),(472,37,12628705,'Viral vegan thundercats cliche chia loko mustache.','2015-04-28 22:08:05'),(473,37,12628705,'Hammock cardigan tofu +1 seitan blue bottle wayfarers synth hashtag.','2015-05-07 19:04:17'),(474,37,12628705,'Helvetica whatever fixie fap photo booth tumblr.','2015-04-29 16:15:52'),(475,37,24818482,'Shabby chic pug locavore you probably haven\'t heard of them.','2015-05-11 15:26:32'),(476,37,24818482,'Cold-pressed kale chips scenester plaid lo-fi.','2015-05-16 10:21:00'),(477,37,23501765,'Poutine polaroid portland banh mi fashion axe vegan keytar venmo shoreditch.','2015-04-25 02:44:05'),(478,37,23501765,'Flexitarian etsy distillery drinking disrupt authentic.','2015-04-28 06:11:02'),(479,37,23501765,'Pork belly irony truffaut schlitz pug cold-pressed.','2015-04-28 07:16:56'),(480,37,15944880,'Iphone mustache yuccie brooklyn williamsburg.','2015-05-08 07:56:29'),(481,37,15944880,'Vhs yuccie butcher truffaut health cliche disrupt whatever pabst.','2015-04-18 05:31:35'),(482,37,36616775,'Wes anderson franzen scenester everyday yr.','2015-05-06 02:19:01'),(483,37,36616775,'Umami everyday pickled helvetica keffiyeh quinoa diy put a bird on it hashtag.','2015-05-11 03:56:47'),(484,37,36616775,'Williamsburg readymade mustache master celiac skateboard mumblecore pickled slow-carb.','2015-04-29 05:03:19'),(485,38,34520146,'Letterpress yuccie health mustache fap art party farm-to-table.','2014-06-15 03:48:57'),(486,38,34520146,'Umami salvia semiotics knausgaard marfa quinoa franzen.','2014-06-18 05:34:36'),(487,38,34520146,'Lomo fixie ethical humblebrag selfies asymmetrical butcher banh mi mlkshk.','2014-06-12 00:00:12'),(488,38,34520146,'Meggings poutine chillwave etsy truffaut pour-over.','2014-06-21 17:38:27'),(489,38,34520146,'Listicle fap microdosing whatever lomo meggings.','2014-05-31 23:37:52'),(490,38,33689233,'Authentic wayfarers retro health mumblecore salvia stumptown pinterest.','2014-06-17 00:05:36'),(491,38,33689233,'Narwhal crucifix try-hard marfa sustainable dreamcatcher fixie next level taxidermy.','2014-06-16 23:39:43'),(492,38,33689233,'Godard heirloom austin selvage small batch roof mixtape.','2014-05-25 07:46:09'),(493,38,33689233,'Pbr&b biodiesel chambray tattooed kitsch farm-to-table.','2014-06-06 16:29:33'),(494,38,33689233,'Selvage celiac messenger bag +1 narwhal thundercats migas.','2014-06-04 00:45:28'),(495,38,43714149,'Retro pug seitan cray celiac pickled chillwave chicharrones ugh.','2014-06-22 00:46:55'),(496,38,43714149,'Kale chips vegan lo-fi stumptown xoxo bushwick normcore dreamcatcher kitsch.','2014-06-20 19:42:56'),(497,38,43714149,'Dreamcatcher pop-up cred raw denim photo booth pickled disrupt whatever portland.','2014-06-06 11:52:01'),(498,38,43714149,'Cleanse messenger bag pinterest organic blog waistcoat.','2014-06-17 22:36:28'),(499,38,32455114,'Yr farm-to-table put a bird on it brunch messenger bag.','2014-06-02 18:06:17'),(500,38,32455114,'Next level wayfarers cold-pressed austin aesthetic.','2014-06-18 11:21:23'),(501,38,32455114,'Fashion axe vinegar banjo shoreditch shabby chic butcher.','2014-06-08 05:52:28'),(502,38,32455114,'Hammock messenger bag mumblecore mustache meggings wayfarers.','2014-05-27 12:18:50'),(503,38,23175153,'Stumptown tofu franzen hashtag carry craft beer ethical williamsburg.','2014-06-08 08:08:54'),(504,38,23175153,'Helvetica gluten-free authentic gentrify butcher.','2014-06-13 15:11:59'),(505,38,23175153,'Shoreditch tote bag umami diy vice.','2014-06-15 13:44:12'),(506,38,44492116,'Ethical knausgaard iphone try-hard.','2014-06-19 05:24:05'),(507,38,44492116,'Chambray +1 narwhal humblebrag plaid occupy.','2014-06-15 18:44:29'),(508,39,13356743,'Tacos jean shorts brooklyn kogi cliche offal put a bird on it before they sold out.','2015-01-20 19:14:33'),(509,39,13356743,'Chia fashion axe small batch venmo.','2015-01-19 10:16:28'),(510,39,31607796,'Retro pop-up wes anderson slow-carb kombucha chia loko literally lumbersexual.','2015-01-19 16:02:54'),(511,39,31607796,'Mlkshk fanny pack cold-pressed disrupt 8-bit pitchfork cornhole actually.','2015-01-23 20:07:27'),(512,39,31607796,'Thundercats disrupt swag fanny pack ennui.','2015-02-03 15:02:56'),(513,39,23731591,'Paleo sustainable you probably haven\'t heard of them vinegar squid jean shorts master everyday meh.','2015-01-24 22:05:53'),(514,39,23731591,'Normcore asymmetrical waistcoat mixtape neutra kinfolk leggings kombucha.','2015-01-18 06:32:36'),(515,39,23731591,'Narwhal poutine fixie portland yuccie.','2015-01-24 12:53:20'),(516,39,23731591,'Schlitz you probably haven\'t heard of them carry selfies.','2015-02-12 03:32:02'),(517,39,15517831,'Craft beer freegan aesthetic dreamcatcher polaroid before they sold out yuccie bitters neutra.','2015-02-13 18:31:27'),(518,39,15517831,'Mumblecore tattooed sartorial pitchfork heirloom mlkshk.','2015-01-29 20:58:52'),(519,40,21055475,'Ethical hella blog five dollar toast jean shorts skateboard deep v hoodie artisan.','2015-01-13 15:07:49'),(520,40,21055475,'Cronut chillwave franzen selvage freegan kitsch cliche.','2015-01-16 14:09:34'),(521,40,21055475,'Bespoke 8-bit deep v 3 wolf moon normcore.','2015-01-06 04:21:52'),(522,40,14249860,'Try-hard forage bushwick drinking umami austin.','2014-12-23 01:56:22'),(523,40,14249860,'Intelligentsia pabst poutine church-key brooklyn iphone.','2015-01-02 02:30:29'),(524,40,28396150,'Next level you probably haven\'t heard of them semiotics squid banh mi bespoke etsy vinegar fashion axe.','2015-01-16 15:49:10'),(525,40,28396150,'Freegan tote bag pour-over flannel pork belly post-ironic.','2014-12-29 15:02:02'),(526,40,38421411,'Small batch narwhal brunch whatever mumblecore 3 wolf moon microdosing.','2015-01-06 09:30:55'),(527,40,38421411,'Letterpress street fashion axe knausgaard tilde diy pug ugh artisan.','2015-01-14 13:32:38'),(528,40,17558584,'Semiotics vegan food truck intelligentsia tousled gluten-free kickstarter.','2015-01-11 19:10:15'),(529,40,17558584,'Street direct trade you probably haven\'t heard of them thundercats poutine chambray.','2015-01-20 23:50:04'),(530,40,17558584,'Selfies mumblecore carry thundercats direct trade.','2015-01-05 14:43:10'),(531,40,41133796,'90\'s echo shabby chic tousled stumptown austin disrupt pabst distillery.','2015-01-22 13:13:18'),(532,40,41133796,'Disrupt bespoke keffiyeh normcore.','2015-01-03 19:33:37'),(533,40,41133796,'Pabst tattooed letterpress scenester +1 williamsburg xoxo.','2015-01-22 11:38:47'),(534,40,41133796,'Mlkshk cliche wayfarers marfa bespoke.','2015-01-12 05:20:00'),(535,41,43770232,'Ennui retro tofu skateboard franzen.','2015-10-17 06:25:14'),(536,41,43770232,'Chia cred williamsburg biodiesel loko sustainable hammock church-key cornhole.','2015-10-17 14:55:28'),(537,41,43770232,'Irony knausgaard retro typewriter.','2015-10-22 12:04:14'),(538,41,34778005,'Actually wes anderson park venmo intelligentsia williamsburg twee small batch vice.','2015-10-16 01:50:25'),(539,41,34778005,'Hoodie cardigan viral tilde pinterest taxidermy wolf.','2015-11-03 00:36:58'),(540,41,34778005,'Keffiyeh twee ennui mlkshk meditation pabst hoodie five dollar toast you probably haven\'t heard of them.','2015-10-20 09:49:27'),(541,41,34778005,'Gluten-free diy flannel blue bottle godard hoodie heirloom loko bitters.','2015-11-10 09:10:30'),(542,41,23915697,'Forage green juice pabst actually sustainable.','2015-10-25 05:11:57'),(543,41,23915697,'Street marfa gluten-free messenger bag organic.','2015-10-13 02:52:19'),(544,41,23915697,'Goth try-hard sustainable flannel seitan offal.','2015-10-20 21:30:48'),(545,41,22936284,'Sartorial you probably haven\'t heard of them shabby chic street trust fund.','2015-11-05 15:53:17'),(546,41,22936284,'Wolf pop-up quinoa lumbersexual tilde biodiesel.','2015-11-11 17:47:33'),(547,41,31165488,'Kickstarter banh mi bushwick biodiesel.','2015-11-11 18:18:50'),(548,41,31165488,'Disrupt cardigan hammock bitters wayfarers craft beer letterpress meditation.','2015-11-10 19:07:26'),(549,41,45634545,'Seitan cray marfa photo booth small batch cold-pressed.','2015-10-23 22:47:52'),(550,41,45634545,'Post-ironic venmo quinoa letterpress offal try-hard.','2015-11-08 10:14:41'),(551,41,45634545,'Raw denim next level organic mustache sustainable.','2015-11-08 06:49:45'),(552,41,45634545,'Echo heirloom thundercats ethical organic poutine.','2015-10-18 16:01:03'),(553,41,45634545,'Flexitarian pour-over 8-bit fashion axe wayfarers fanny pack.','2015-10-31 23:52:47'),(554,41,13305719,'Meggings twee fap lumbersexual.','2015-10-27 16:17:09'),(555,41,13305719,'Selfies xoxo kitsch marfa everyday semiotics.','2015-11-01 02:48:58'),(556,41,13305719,'Hashtag crucifix bushwick lumbersexual.','2015-11-11 20:04:58'),(557,41,13305719,'Authentic celiac flannel venmo tumblr cardigan brunch thundercats.','2015-11-11 20:29:52'),(558,42,23175153,'Taxidermy kitsch slow-carb flannel banjo actually humblebrag direct trade cronut.','2012-04-27 00:28:00'),(559,42,23175153,'Jean shorts gastropub seitan biodiesel asymmetrical heirloom.','2012-04-21 00:17:10'),(560,42,23175153,'Neutra cronut letterpress cardigan dreamcatcher.','2012-04-15 18:02:21'),(561,43,15991878,'Keytar deep v trust fund post-ironic literally craft beer kinfolk church-key.','2014-01-13 15:42:39'),(562,43,15991878,'Knausgaard portland jean shorts offal pork belly seitan.','2014-01-22 13:37:01'),(563,43,15991878,'Hella forage photo booth keytar.','2014-01-10 14:44:27'),(564,43,15991878,'Tote bag poutine kogi selfies vhs pitchfork butcher.','2014-01-06 01:20:04'),(565,43,45634545,'Heirloom fixie hashtag cold-pressed everyday farm-to-table master.','2014-01-07 22:38:27'),(566,43,45634545,'Cronut heirloom blue bottle knausgaard selfies synth fanny pack tattooed portland.','2014-01-31 23:02:31'),(567,43,45634545,'Viral blog pabst gluten-free xoxo wolf synth occupy.','2014-01-04 16:17:18'),(568,43,45634545,'Kickstarter church-key vhs cray.','2014-01-19 07:26:49'),(569,43,45634545,'Plaid heirloom single-origin coffee tilde artisan tousled health organic celiac.','2014-01-16 05:52:08'),(570,43,12468697,'Tote bag keffiyeh blue bottle neutra bitters hashtag plaid.','2014-01-23 02:29:53'),(571,43,12468697,'Pop-up pbr&b mixtape celiac pinterest crucifix farm-to-table vice beard.','2014-02-03 22:35:18'),(572,43,24242953,'Everyday kickstarter kale chips five dollar toast poutine.','2014-01-22 02:22:38'),(573,43,24242953,'Selfies scenester meditation godard knausgaard skateboard.','2014-01-07 15:14:14'),(574,43,24242953,'8-bit williamsburg meggings literally.','2014-01-15 13:35:12'),(575,43,24237566,'Pitchfork readymade carry paleo butcher plaid.','2014-01-09 17:16:53'),(576,43,24237566,'Selvage kombucha waistcoat cornhole.','2014-01-31 07:54:46'),(577,43,24237566,'Pug microdosing letterpress distillery occupy tacos marfa waistcoat.','2014-01-30 10:29:37'),(578,43,24237566,'Forage authentic yuccie portland church-key blog distillery sustainable vice.','2014-01-20 13:33:50'),(579,43,24237566,'Whatever chambray pbr&b narwhal ugh blue bottle vinyl sustainable mustache.','2014-01-16 19:31:27'),(580,44,44956802,'Synth pug twee farm-to-table distillery.','2016-07-06 21:24:16'),(581,44,44956802,'Poutine paleo humblebrag selfies hoodie.','2016-07-11 18:47:09'),(582,44,44956802,'You probably haven\'t heard of them letterpress pbr&b tacos cred taxidermy polaroid.','2016-07-19 14:47:22'),(583,45,43383562,'Craft beer selfies literally letterpress everyday marfa pinterest disrupt beard.','2016-06-19 20:25:12'),(584,45,43383562,'Thundercats keytar +1 chillwave pitchfork roof ethical.','2016-06-23 04:28:52'),(585,45,43383562,'Taxidermy franzen chicharrones vegan art party bespoke deep v.','2016-06-27 18:17:15'),(586,45,43383562,'Xoxo occupy truffaut poutine williamsburg small batch tumblr farm-to-table shabby chic.','2016-06-18 18:33:34'),(587,45,40203597,'Kickstarter cold-pressed sartorial marfa sustainable synth small batch.','2016-06-20 15:43:04'),(588,45,40203597,'Park polaroid cronut pour-over whatever humblebrag austin wes anderson stumptown.','2016-07-04 08:58:56'),(589,45,40203597,'Beard tofu vinyl cliche kickstarter pork belly church-key.','2016-07-04 12:44:10'),(590,45,40203597,'Banjo meh biodiesel butcher raw denim try-hard vinyl kickstarter readymade.','2016-07-12 12:33:18'),(591,45,40203597,'Ramps waistcoat street yr.','2016-07-06 03:10:31'),(592,45,25324362,'Trust fund selfies gentrify fap jean shorts vinegar slow-carb vinyl.','2016-06-14 04:06:15'),(593,45,25324362,'Ugh pop-up hammock wayfarers.','2016-06-19 21:30:47'),(594,45,25324362,'Tattooed butcher lumbersexual 90\'s food truck try-hard.','2016-06-22 18:20:19'),(595,45,25324362,'Keytar thundercats aesthetic chillwave photo booth.','2016-07-06 07:46:06'),(596,45,25324362,'Master kinfolk pbr&b flexitarian echo.','2016-07-11 18:37:40'),(597,46,23059357,'Trust fund roof cray church-key bespoke jean shorts mixtape organic.','2015-07-05 14:26:51'),(598,46,23059357,'Vinegar you probably haven\'t heard of them taxidermy williamsburg wes anderson tilde locavore.','2015-06-27 03:45:35'),(599,46,23059357,'Cleanse mixtape chia you probably haven\'t heard of them chambray craft beer pug.','2015-07-08 09:32:17'),(600,46,45770550,'Pabst xoxo yr keffiyeh artisan shoreditch.','2015-07-01 10:46:56'),(601,46,45770550,'Ennui roof chambray single-origin coffee sriracha vegan.','2015-06-20 01:42:02'),(602,46,45770550,'Flexitarian you probably haven\'t heard of them tousled brooklyn +1 90\'s cleanse.','2015-07-12 10:04:16'),(603,46,17427905,'Food truck tote bag single-origin coffee artisan cronut pbr&b chartreuse celiac shoreditch.','2015-07-03 12:43:33'),(604,46,17427905,'Offal mumblecore umami try-hard biodiesel squid.','2015-06-26 07:15:50'),(605,46,17427905,'Pop-up taxidermy food truck kitsch cold-pressed street ennui.','2015-06-20 16:19:50'),(606,46,17427905,'Next level butcher artisan everyday hammock trust fund.','2015-06-22 17:33:39'),(607,46,17427905,'Wayfarers direct trade cronut listicle hoodie trust fund beard microdosing.','2015-07-10 12:20:10'),(608,46,22940116,'Williamsburg viral ugh irony cred.','2015-06-20 09:00:40'),(609,46,22940116,'Fanny pack blue bottle yolo sartorial.','2015-07-12 14:53:27'),(610,46,39422439,'Shoreditch beard wayfarers green juice xoxo.','2015-06-25 07:36:29'),(611,46,39422439,'Five dollar toast celiac bitters locavore health street.','2015-06-17 23:25:07'),(612,46,41527365,'Green juice kinfolk organic slow-carb tilde flannel banjo loko.','2015-06-26 16:13:24'),(613,46,41527365,'90\'s next level food truck wayfarers shabby chic beard.','2015-06-26 14:44:04'),(614,46,45592171,'Pitchfork hella kombucha try-hard.','2015-06-17 18:12:36'),(615,46,45592171,'Bitters meh trust fund quinoa.','2015-06-20 06:37:36'),(616,46,45592171,'Tumblr literally irony pabst hammock fanny pack.','2015-07-14 21:14:18'),(617,46,45592171,'Chartreuse retro tattooed mixtape biodiesel.','2015-07-07 08:24:33'),(618,47,15674148,'Deep v lo-fi hashtag street.','2016-02-27 12:51:28'),(619,47,15674148,'Roof brunch iphone blue bottle lumbersexual literally chambray hammock.','2016-02-29 11:39:31'),(620,47,15674148,'Beard tacos 3 wolf moon plaid portland skateboard typewriter celiac.','2016-03-09 07:28:30'),(621,47,15674148,'Lumbersexual pour-over umami street deep v try-hard biodiesel.','2016-03-06 18:43:21'),(622,47,43442399,'Umami health meggings williamsburg trust fund seitan.','2016-03-12 16:30:23'),(623,47,43442399,'Normcore jean shorts celiac diy.','2016-02-25 16:48:40'),(624,47,43442399,'Letterpress bitters mlkshk chartreuse banh mi.','2016-02-22 08:22:27'),(625,47,43442399,'Pour-over meditation tousled chillwave.','2016-02-24 09:45:17'),(626,47,43442399,'Schlitz deep v cronut kogi master cold-pressed meggings polaroid.','2016-02-21 04:52:01'),(627,47,24158751,'Listicle seitan wes anderson tote bag tilde skateboard distillery.','2016-03-04 18:26:57'),(628,47,24158751,'Gentrify chambray williamsburg fap narwhal flannel lo-fi chillwave bespoke.','2016-03-02 06:13:06'),(629,47,24158751,'Poutine kickstarter actually wolf.','2016-02-25 02:34:09'),(630,48,33376519,'Letterpress xoxo polaroid tattooed everyday cleanse plaid.','2015-06-19 11:00:00'),(631,48,33376519,'Xoxo leggings shabby chic heirloom wolf godard cliche mustache synth.','2015-06-23 20:53:40'),(632,48,33376519,'Cold-pressed waistcoat pop-up mixtape cronut gastropub.','2015-07-04 20:36:27'),(633,48,14957691,'Flannel green juice hella gastropub aesthetic.','2015-07-01 11:01:09'),(634,48,14957691,'Synth lomo raw denim photo booth truffaut cred.','2015-07-01 23:03:29'),(635,48,14957691,'Fanny pack williamsburg cliche quinoa swag actually.','2015-06-18 11:07:48'),(636,48,40613021,'Direct trade selfies put a bird on it kickstarter crucifix marfa synth five dollar toast umami.','2015-07-12 19:51:46'),(637,48,40613021,'Synth narwhal ennui everyday raw denim chambray tumblr.','2015-06-29 14:29:59'),(638,48,40613021,'+1 etsy chicharrones lo-fi kitsch cold-pressed.','2015-07-14 22:17:15'),(639,48,40613021,'Fanny pack sriracha ramps humblebrag mixtape.','2015-07-01 15:36:53'),(640,48,40613021,'Chambray yolo try-hard park.','2015-07-04 05:42:55'),(641,48,38231050,'Narwhal thundercats gentrify schlitz organic +1 church-key cronut.','2015-07-18 13:56:20'),(642,48,38231050,'Lomo semiotics pour-over sustainable sriracha cardigan tote bag.','2015-07-11 09:06:25'),(643,49,45634545,'Disrupt actually lomo ethical pickled.','2012-06-24 03:08:31'),(644,49,45634545,'Heirloom put a bird on it pickled 90\'s direct trade plaid tattooed bushwick.','2012-06-14 02:29:58'),(645,49,45634545,'Street gastropub iphone pour-over.','2012-06-24 21:53:28'),(646,49,18809555,'Seitan salvia actually mixtape health.','2012-06-26 02:42:23'),(647,49,18809555,'Yolo try-hard tilde salvia hashtag scenester cold-pressed listicle vinegar.','2012-07-07 07:32:10'),(648,49,25648670,'Vinyl butcher banh mi sartorial crucifix seitan readymade.','2012-07-11 11:55:25'),(649,49,25648670,'Keffiyeh small batch ramps truffaut farm-to-table food truck fixie kinfolk.','2012-06-24 20:42:05'),(650,49,44088389,'Blue bottle quinoa before they sold out mumblecore paleo church-key portland.','2012-06-22 10:32:34'),(651,49,44088389,'Mustache bicycle rights pitchfork loko crucifix.','2012-06-17 09:58:24'),(652,49,44088389,'Offal gastropub freegan skateboard yolo artisan.','2012-06-13 22:20:47'),(653,49,28680653,'Jean shorts neutra goth post-ironic tote bag.','2012-06-24 20:41:50'),(654,49,28680653,'Chicharrones poutine hoodie vinyl jean shorts craft beer.','2012-07-02 09:25:20'),(655,49,28680653,'Meditation keytar green juice salvia selfies whatever locavore wayfarers flannel.','2012-06-15 08:36:06'),(656,49,28680653,'Ugh everyday lo-fi kombucha venmo next level 3 wolf moon.','2012-06-24 03:48:47'),(657,49,30595074,'Franzen photo booth heirloom hashtag salvia.','2012-06-20 17:58:48'),(658,49,30595074,'Street chambray fixie vegan intelligentsia yolo.','2012-07-02 10:44:14'),(659,49,30595074,'Kogi pug narwhal blue bottle banjo.','2012-06-20 06:03:24'),(660,49,30595074,'Cred thundercats selfies trust fund brooklyn craft beer before they sold out loko wes anderson.','2012-07-13 17:52:36'),(661,49,26085129,'Poutine cronut crucifix photo booth stumptown sustainable trust fund.','2012-06-18 15:22:57'),(662,49,26085129,'Heirloom cred celiac bicycle rights waistcoat irony echo.','2012-06-29 11:33:56'),(663,49,26085129,'Leggings poutine yuccie deep v pork belly loko pickled mumblecore squid.','2012-07-01 22:09:18'),(664,50,12219178,'Deep v venmo sartorial park hashtag.','2013-07-16 14:42:24'),(665,50,12219178,'Blog poutine bushwick flexitarian scenester disrupt wes anderson pork belly seitan.','2013-08-02 00:38:11'),(666,50,23343683,'Humblebrag tumblr lo-fi deep v.','2013-07-22 22:32:23'),(667,50,23343683,'Retro beard hoodie narwhal.','2013-07-12 01:05:52'),(668,50,23343683,'Normcore marfa cleanse pork belly.','2013-07-17 06:11:44'),(669,50,12578864,'Bushwick keffiyeh 3 wolf moon locavore fixie.','2013-07-31 14:13:47'),(670,50,12578864,'Normcore poutine fap goth gastropub locavore kitsch brooklyn.','2013-07-09 22:04:46'),(671,50,12578864,'Synth tousled whatever portland heirloom gentrify irony butcher.','2013-07-29 07:38:13'),(672,50,15517831,'Brunch direct trade franzen normcore 3 wolf moon pinterest locavore disrupt.','2013-07-14 07:37:02'),(673,50,15517831,'Synth five dollar toast mumblecore viral.','2013-07-12 13:09:04'),(674,50,15517831,'Listicle vinegar tofu art party aesthetic green juice dreamcatcher.','2013-07-29 08:28:08'),(675,50,15517831,'Craft beer church-key street kinfolk 8-bit messenger bag irony aesthetic.','2013-07-11 22:32:19'),(676,50,23107754,'Dreamcatcher scenester viral forage.','2013-08-03 22:17:33'),(677,50,23107754,'Cornhole hella ugh pitchfork intelligentsia meditation.','2013-07-12 22:07:27'),(678,50,23107754,'Narwhal direct trade goth irony thundercats pour-over plaid messenger bag taxidermy.','2013-07-17 05:47:21'),(679,50,45161098,'Celiac poutine waistcoat letterpress beard humblebrag hammock.','2013-08-02 14:20:14'),(680,50,45161098,'Banh mi locavore hoodie knausgaard messenger bag typewriter twee kale chips fixie.','2013-07-13 15:15:07'),(681,50,45161098,'Cold-pressed retro vinegar pop-up.','2013-07-20 00:27:25'),(682,50,45161098,'Direct trade park sustainable tote bag austin.','2013-07-22 02:47:37'),(683,50,30458781,'Kale chips tousled farm-to-table listicle scenester pabst neutra cred kitsch.','2013-07-24 20:48:04'),(684,50,30458781,'Pug master brunch mustache kombucha raw denim venmo plaid.','2013-07-11 19:41:00'),(685,50,30458781,'Street fashion axe neutra occupy yolo everyday farm-to-table ugh church-key.','2013-07-25 03:38:26'),(686,50,30458781,'Tattooed taxidermy godard kogi.','2013-07-13 19:14:18'),(687,51,43770232,'Humblebrag letterpress plaid pitchfork scenester carry ennui occupy.','2012-01-04 05:31:09'),(688,51,43770232,'Umami shabby chic organic letterpress fashion axe goth lo-fi vinegar shoreditch.','2011-12-28 08:28:54'),(689,51,43770232,'Jean shorts five dollar toast kitsch fingerstache taxidermy tattooed shoreditch viral.','2012-01-02 20:40:18'),(690,51,43770232,'Five dollar toast viral green juice skateboard chartreuse irony post-ironic.','2011-12-15 11:59:02'),(691,51,43770232,'Thundercats meggings seitan asymmetrical pitchfork vinegar pinterest.','2012-01-01 07:54:48'),(692,51,38975451,'Wayfarers irony umami literally kombucha.','2011-12-26 02:54:02'),(693,51,38975451,'Hammock disrupt yuccie aesthetic.','2011-12-26 14:54:33'),(694,51,38975451,'Selvage carry five dollar toast scenester.','2011-12-08 12:07:51'),(695,51,38975451,'Try-hard distillery tilde salvia celiac pop-up tumblr.','2012-01-01 19:52:26'),(696,51,38975451,'Locavore kogi meggings freegan small batch pinterest skateboard.','2012-01-06 00:06:05'),(697,51,27012695,'Put a bird on it goth hella chicharrones waistcoat swag brunch.','2011-12-21 20:37:06'),(698,51,27012695,'Polaroid jean shorts chillwave migas schlitz scenester.','2011-12-25 07:23:04'),(699,51,23973410,'Organic cred chartreuse blue bottle tumblr.','2011-12-11 01:06:46'),(700,51,23973410,'Cronut heirloom slow-carb quinoa meditation photo booth mumblecore.','2012-01-06 21:00:02'),(701,51,23973410,'Biodiesel williamsburg literally quinoa.','2011-12-16 00:43:47'),(702,51,22530344,'Selvage chia pinterest butcher tote bag tilde artisan keytar disrupt.','2011-12-08 23:20:18'),(703,51,22530344,'Mlkshk chia brunch craft beer pork belly microdosing.','2011-12-09 00:33:52'),(704,51,22530344,'Aesthetic portland shabby chic gentrify.','2011-12-23 14:57:52'),(705,51,22530344,'Echo vinegar kinfolk whatever.','2012-01-06 03:21:10'),(706,51,29798089,'Vinyl seitan echo flexitarian letterpress meh banjo hashtag franzen.','2011-12-29 21:43:11'),(707,51,29798089,'Trust fund direct trade actually cornhole chillwave normcore fanny pack you probably haven\'t heard of them sartorial.','2012-01-06 03:40:23'),(708,51,29798089,'Sartorial craft beer helvetica asymmetrical selfies food truck celiac ramps cray.','2011-12-18 05:52:12'),(709,51,29798089,'Godard salvia heirloom beard banh mi.','2011-12-13 05:10:04'),(710,51,29798089,'Raw denim truffaut park pork belly.','2011-12-24 16:05:14'),(711,51,21371768,'Xoxo vinegar meditation pbr&b kombucha banjo.','2011-12-22 01:45:14'),(712,51,21371768,'Typewriter schlitz plaid beard ethical forage pour-over disrupt cred.','2011-12-21 01:13:54'),(713,51,21371768,'Mlkshk schlitz banjo echo synth trust fund lomo literally mumblecore.','2011-12-24 20:49:09'),(714,52,14249860,'Roof normcore single-origin coffee messenger bag.','2012-06-03 00:40:44'),(715,52,14249860,'Meh beard cold-pressed poutine blue bottle lomo salvia.','2012-06-17 23:56:23'),(716,52,14249860,'Helvetica pinterest pop-up whatever.','2012-06-25 10:12:21'),(717,52,14249860,'Kitsch knausgaard fingerstache cred squid flannel deep v pickled lomo.','2012-06-29 17:44:25'),(718,52,24237566,'Kickstarter tousled disrupt occupy mumblecore butcher hoodie intelligentsia.','2012-06-18 09:34:30'),(719,52,24237566,'Art party salvia ennui everyday farm-to-table chartreuse cleanse franzen heirloom.','2012-06-17 01:38:29'),(720,52,35396580,'Park distillery lo-fi brooklyn tumblr narwhal.','2012-06-17 14:37:57'),(721,52,35396580,'Pork belly kogi letterpress pitchfork brooklyn tacos williamsburg.','2012-06-15 05:11:17'),(722,52,35396580,'Wayfarers green juice everyday literally tattooed brooklyn dreamcatcher.','2012-05-31 18:04:10'),(723,52,35396580,'Fashion axe carry green juice fixie vegan deep v.','2012-05-31 10:08:17'),(724,52,13165639,'Viral poutine irony street farm-to-table pabst everyday.','2012-06-19 21:39:55'),(725,52,13165639,'Brooklyn scenester farm-to-table gentrify forage tumblr.','2012-06-13 04:29:18'),(726,52,13165639,'Franzen bitters flannel single-origin coffee normcore park five dollar toast +1 godard.','2012-06-25 12:33:31'),(727,52,25648670,'Actually biodiesel sartorial yr xoxo vinyl skateboard helvetica drinking.','2012-06-15 04:49:37'),(728,52,25648670,'Salvia freegan intelligentsia squid quinoa pop-up narwhal deep v.','2012-06-24 02:48:38'),(729,52,25648670,'Stumptown carry listicle craft beer portland tote bag pour-over tacos.','2012-06-09 08:48:03'),(730,52,25648670,'Offal street scenester irony messenger bag 3 wolf moon iphone biodiesel.','2012-06-07 00:18:57'),(731,52,22484516,'Cronut kombucha park fanny pack butcher wes anderson deep v cred.','2012-06-06 12:30:39'),(732,52,22484516,'8-bit park locavore bicycle rights microdosing letterpress bushwick kitsch.','2012-06-05 23:26:58'),(733,52,22484516,'Put a bird on it artisan craft beer cleanse you probably haven\'t heard of them cornhole bicycle rights trust fund street.','2012-06-26 22:15:31'),(734,52,22484516,'Bespoke tote bag pork belly cornhole put a bird on it.','2012-06-11 14:03:38'),(735,53,31422116,'Drinking actually neutra semiotics chillwave cardigan try-hard pop-up yr.','2015-01-12 07:59:01'),(736,53,31422116,'Biodiesel umami bitters brunch.','2015-01-13 00:39:38'),(737,53,31422116,'Paleo ennui taxidermy franzen portland.','2015-02-01 18:17:29'),(738,53,34746608,'Skateboard readymade health hella.','2015-01-23 02:23:21'),(739,53,34746608,'Forage fashion axe slow-carb tacos readymade 90\'s sartorial poutine shoreditch.','2015-02-05 00:01:18'),(740,53,34746608,'Williamsburg truffaut retro disrupt banjo squid.','2015-02-03 01:53:37'),(741,53,34746608,'Kogi wayfarers fanny pack tousled.','2015-01-14 05:04:29'),(742,53,34746608,'Sartorial everyday art party pop-up yolo.','2015-01-14 14:22:37'),(743,53,35936990,'Mixtape next level tacos you probably haven\'t heard of them small batch.','2015-01-11 08:44:09'),(744,53,35936990,'Keytar asymmetrical messenger bag pbr&b vegan green juice ugh.','2015-02-01 18:46:37'),(745,54,28536060,'Typewriter thundercats yuccie dreamcatcher kickstarter post-ironic cronut.','2011-09-21 18:24:42'),(746,54,28536060,'Jean shorts migas fashion axe hoodie crucifix.','2011-09-15 06:00:47'),(747,54,28536060,'Normcore stumptown chicharrones swag sriracha yuccie narwhal franzen fingerstache.','2011-09-16 09:08:56'),(748,54,23891252,'Mlkshk vhs kombucha pitchfork cred vegan bespoke plaid.','2011-09-13 09:19:16'),(749,54,23891252,'Cray neutra cold-pressed trust fund.','2011-09-06 06:34:25'),(750,54,23891252,'Chia diy ennui austin chartreuse bespoke.','2011-09-07 07:02:12'),(751,54,23891252,'Cray cliche direct trade chambray.','2011-08-29 16:22:41'),(752,54,23891252,'Hoodie irony semiotics cronut.','2011-09-19 16:59:06'),(753,54,33251704,'Organic fap pop-up taxidermy microdosing church-key park.','2011-08-22 17:03:51'),(754,54,33251704,'Pickled hashtag locavore raw denim viral selfies health meggings.','2011-08-30 16:15:55'),(755,54,19524430,'Aesthetic mustache lumbersexual slow-carb post-ironic +1 freegan tacos authentic.','2011-09-13 12:20:23'),(756,54,19524430,'Distillery migas neutra food truck narwhal tousled lomo bitters green juice.','2011-09-13 00:06:25'),(757,54,19524430,'Bitters meh fashion axe helvetica.','2011-09-20 20:27:24'),(758,54,19524430,'Semiotics portland pitchfork before they sold out health goth hashtag art party.','2011-09-09 11:47:41'),(759,55,24158751,'Pickled cleanse green juice diy shoreditch flannel.','2015-06-20 17:03:53'),(760,55,24158751,'Drinking 90\'s taxidermy vinyl retro migas.','2015-06-12 16:33:49'),(761,55,31774857,'Humblebrag echo irony helvetica.','2015-05-25 02:58:51'),(762,55,31774857,'Five dollar toast tumblr blog raw denim quinoa tousled.','2015-06-17 14:20:49'),(763,55,31774857,'Tote bag scenester fingerstache bushwick drinking.','2015-06-03 08:12:52'),(764,55,31774857,'Plaid umami single-origin coffee street raw denim normcore yr knausgaard.','2015-06-18 09:42:03'),(765,55,29344445,'Bushwick paleo heirloom iphone distillery diy sartorial.','2015-05-27 15:55:09'),(766,55,29344445,'Vinyl diy authentic park chicharrones messenger bag biodiesel street.','2015-06-24 09:39:52'),(767,55,29344445,'Narwhal cornhole yolo disrupt 8-bit before they sold out distillery literally.','2015-06-20 11:14:19'),(768,55,29344445,'Carry cold-pressed mustache five dollar toast iphone.','2015-06-12 10:32:44'),(769,56,29869896,'Gentrify keytar migas deep v.','2014-01-24 07:59:35'),(770,56,29869896,'Swag semiotics drinking pinterest cleanse aesthetic.','2014-01-26 18:24:07'),(771,56,29869896,'Knausgaard hashtag wolf single-origin coffee venmo leggings brunch taxidermy quinoa.','2014-01-24 06:00:37'),(772,56,17854592,'Waistcoat thundercats plaid shabby chic meditation meh polaroid.','2014-01-26 21:19:36'),(773,56,17854592,'Kinfolk ethical bespoke whatever cleanse cardigan normcore 3 wolf moon franzen.','2014-01-17 08:09:53'),(774,56,17854592,'3 wolf moon schlitz post-ironic tattooed lumbersexual pork belly.','2014-01-06 03:28:10'),(775,56,17854592,'Single-origin coffee tofu tilde polaroid.','2014-01-05 23:33:14'),(776,56,31529883,'Tofu scenester farm-to-table letterpress blue bottle craft beer irony kogi before they sold out.','2014-01-27 12:52:06'),(777,56,31529883,'Schlitz taxidermy irony shoreditch hammock biodiesel fanny pack art party.','2014-01-19 01:42:03'),(778,56,31529883,'Squid pork belly kickstarter humblebrag.','2013-12-29 21:02:12'),(779,56,36312566,'Sartorial bespoke gluten-free hammock mumblecore austin messenger bag migas fixie.','2014-01-19 10:43:01'),(780,56,36312566,'Occupy microdosing yolo freegan chicharrones sriracha retro dreamcatcher.','2014-01-05 16:30:09'),(781,56,36312566,'Tumblr letterpress tousled knausgaard vice.','2014-01-16 22:48:48'),(782,56,36312566,'Gluten-free hammock shabby chic narwhal keytar.','2014-01-02 00:47:40'),(783,56,36312566,'Organic pitchfork flexitarian street diy asymmetrical kitsch swag taxidermy.','2014-01-14 22:56:31'),(784,56,21564334,'Messenger bag tacos literally cleanse humblebrag vinegar meditation.','2014-01-02 12:24:22'),(785,56,21564334,'Blog vegan 3 wolf moon put a bird on it umami lomo cornhole mustache migas.','2014-01-06 01:32:39'),(786,56,21564334,'Carry hammock schlitz freegan viral.','2013-12-29 00:57:46'),(787,56,21564334,'Beard umami neutra chicharrones.','2014-01-07 01:04:15'),(788,56,21564334,'Flannel letterpress echo listicle.','2014-01-11 13:54:24'),(789,57,15263590,'Chicharrones food truck pop-up lomo mumblecore flexitarian messenger bag taxidermy kombucha.','2011-09-27 15:35:55'),(790,57,15263590,'Butcher williamsburg loko fingerstache bushwick biodiesel salvia thundercats yuccie.','2011-09-17 00:58:30'),(791,58,30937314,'Street forage chia loko try-hard beard meggings.','2014-05-04 02:34:54'),(792,58,30937314,'Scenester pinterest neutra church-key keytar park kale chips tattooed pickled.','2014-05-26 20:55:09'),(793,58,30937314,'Vice humblebrag deep v actually cold-pressed 3 wolf moon poutine.','2014-05-23 12:45:40'),(794,59,22829031,'Kale chips literally schlitz 8-bit godard fap meggings polaroid.','2015-10-11 05:57:20'),(795,59,22829031,'Synth heirloom organic banjo.','2015-10-26 03:39:05'),(796,59,22829031,'Polaroid ethical fingerstache irony everyday try-hard.','2015-11-04 16:38:14'),(797,59,22829031,'Echo venmo vice cleanse.','2015-10-13 21:03:01'),(798,59,17729075,'Squid actually shoreditch gentrify listicle letterpress trust fund.','2015-10-26 01:31:05'),(799,59,17729075,'Forage retro swag franzen salvia pop-up.','2015-10-16 13:32:39'),(800,60,31607796,'Knausgaard leggings sustainable 3 wolf moon cred meditation put a bird on it loko narwhal.','2012-04-16 19:43:35'),(801,60,31607796,'Schlitz sustainable poutine tattooed taxidermy ramps mumblecore actually viral.','2012-04-01 05:16:21'),(802,60,31607796,'Retro butcher humblebrag cred.','2012-04-27 11:27:34'),(803,60,31607796,'Tousled meggings distillery scenester.','2012-04-27 02:39:40'),(804,60,31607796,'Pop-up humblebrag gentrify cleanse vice ramps irony.','2012-04-09 11:54:46'),(805,60,45281434,'Locavore church-key dreamcatcher skateboard.','2012-04-27 16:55:26'),(806,60,45281434,'Literally chia goth post-ironic cred you probably haven\'t heard of them williamsburg normcore before they sold out.','2012-04-17 15:48:44'),(807,60,45281434,'Squid sartorial lo-fi viral dreamcatcher heirloom mixtape poutine truffaut.','2012-04-23 03:32:15'),(808,60,45281434,'Tattooed kitsch blog viral truffaut direct trade leggings sartorial.','2012-04-24 16:17:50'),(809,60,13165639,'Schlitz blue bottle raw denim keytar venmo.','2012-04-15 15:02:40'),(810,60,13165639,'Quinoa chambray waistcoat scenester meh.','2012-04-22 03:45:24'),(811,60,13165639,'Selvage tumblr wayfarers tacos dreamcatcher.','2012-04-19 06:52:27'),(812,60,20044351,'Chicharrones helvetica cray distillery green juice everyday mumblecore truffaut godard.','2012-04-26 13:25:38'),(813,60,20044351,'Fingerstache intelligentsia semiotics cardigan.','2012-04-20 01:04:18'),(814,60,20044351,'Blog fingerstache mixtape ugh church-key cleanse.','2012-04-20 10:21:33'),(815,61,19597702,'Trust fund green juice shoreditch mumblecore lumbersexual pinterest mixtape.','2012-05-22 16:40:55'),(816,61,19597702,'Pinterest fap meditation vice vinyl franzen neutra godard truffaut.','2012-05-30 20:33:20'),(817,61,32805266,'Try-hard echo ethical art party kogi cornhole next level tousled.','2012-05-13 04:54:22'),(818,61,32805266,'You probably haven\'t heard of them vinyl sustainable bushwick health portland.','2012-05-28 03:55:46'),(819,61,32805266,'Cleanse yr authentic semiotics flexitarian.','2012-06-07 01:40:14'),(820,61,31236188,'Tattooed tilde fashion axe tofu vinegar pabst scenester small batch post-ironic.','2012-05-10 05:58:44'),(821,61,31236188,'Vice artisan forage pug bicycle rights next level green juice.','2012-06-08 17:27:27'),(822,61,31236188,'Sartorial pork belly offal butcher cray actually biodiesel.','2012-06-09 19:12:21'),(823,61,23812603,'3 wolf moon tattooed ennui yr kinfolk squid.','2012-06-01 03:19:43'),(824,61,23812603,'Art party plaid twee bespoke viral sartorial church-key.','2012-05-28 10:42:04'),(825,61,35360953,'Brunch pbr&b drinking fixie try-hard +1 scenester park.','2012-06-08 10:04:56'),(826,61,35360953,'Offal pbr&b ethical fanny pack pabst freegan +1 cold-pressed echo.','2012-05-12 09:01:30'),(827,61,35360953,'Irony wolf schlitz seitan street hashtag cardigan single-origin coffee five dollar toast.','2012-05-13 18:07:32'),(828,61,35360953,'+1 marfa offal squid.','2012-05-20 19:22:18'),(829,61,35360953,'Wes anderson meditation swag aesthetic pour-over kale chips try-hard meggings.','2012-05-14 19:39:10'),(830,61,19762299,'Blog thundercats put a bird on it beard tofu mumblecore.','2012-05-16 09:03:43'),(831,61,19762299,'Mustache deep v chillwave marfa.','2012-05-31 17:22:33'),(832,61,27012695,'Wayfarers shoreditch you probably haven\'t heard of them chicharrones pour-over.','2012-05-22 10:19:13'),(833,61,27012695,'Iphone kale chips retro keffiyeh sustainable goth mumblecore banh mi.','2012-05-31 03:22:33'),(834,61,27012695,'Whatever offal mustache vegan typewriter taxidermy letterpress vinyl.','2012-05-18 10:43:51'),(835,61,27012695,'Biodiesel gentrify jean shorts fixie chartreuse 3 wolf moon tacos waistcoat polaroid.','2012-06-04 05:42:37'),(836,62,27012695,'Hella +1 banjo kickstarter yolo yr flannel bespoke.','2016-07-16 05:29:08'),(837,62,27012695,'Cliche yr fixie slow-carb.','2016-07-07 07:11:22'),(838,62,27012695,'Selvage normcore dreamcatcher distillery fixie quinoa street church-key.','2016-07-11 03:11:42'),(839,62,15445406,'Vice leggings literally synth retro kinfolk.','2016-07-23 05:00:16'),(840,62,15445406,'Vinegar heirloom fashion axe pabst offal put a bird on it neutra irony.','2016-07-27 04:45:30'),(841,62,15445406,'Xoxo leggings banh mi fanny pack mlkshk.','2016-07-16 15:40:24'),(842,62,13874798,'Tattooed heirloom vegan letterpress.','2016-07-03 21:52:24'),(843,62,13874798,'Artisan loko craft beer tacos chillwave hammock.','2016-07-01 16:12:12'),(844,63,20736044,'Fanny pack photo booth godard blue bottle venmo mumblecore.','2015-08-23 17:39:21'),(845,63,20736044,'Migas bespoke hoodie single-origin coffee.','2015-08-18 20:55:56'),(846,63,20736044,'Vegan mumblecore iphone gastropub vhs distillery whatever.','2015-08-24 07:18:45'),(847,63,20736044,'Everyday swag fap 8-bit craft beer.','2015-08-24 08:41:16'),(848,63,20736044,'Food truck synth forage master fanny pack marfa butcher vinegar schlitz.','2015-08-23 21:04:04'),(849,63,40963269,'Listicle cornhole williamsburg vinegar.','2015-08-19 03:07:51'),(850,63,40963269,'Leggings ugh ramps before they sold out scenester kickstarter distillery fashion axe chambray.','2015-08-22 16:47:02'),(851,63,31554337,'Gentrify cleanse polaroid street everyday vegan goth 8-bit gastropub.','2015-08-14 21:06:05'),(852,63,31554337,'Neutra jean shorts everyday brooklyn.','2015-08-28 14:59:48'),(853,63,31554337,'Irony cleanse slow-carb gentrify neutra sriracha distillery.','2015-08-20 13:54:56'),(854,63,31554337,'Asymmetrical wes anderson jean shorts banjo banh mi.','2015-08-27 17:22:51'),(855,63,12951799,'Everyday tousled lo-fi meh banh mi helvetica health cleanse.','2015-08-15 07:18:13'),(856,63,12951799,'Asymmetrical post-ironic microdosing master synth goth mustache.','2015-08-07 05:23:29'),(857,64,29263547,'Tumblr xoxo flexitarian occupy tilde pork belly.','2013-12-06 15:43:16'),(858,64,29263547,'Next level ennui park messenger bag vinegar butcher slow-carb tacos asymmetrical.','2013-12-17 13:40:43'),(859,64,29263547,'3 wolf moon pitchfork 8-bit pop-up echo forage hoodie helvetica fixie.','2013-12-17 03:04:58'),(860,64,29263547,'Humblebrag craft beer vice williamsburg hammock mixtape.','2013-12-09 15:55:42'),(861,64,29263547,'Offal tofu kogi yr literally.','2013-12-19 04:24:12'),(862,64,17341580,'Farm-to-table kogi thundercats ugh artisan.','2013-12-26 18:35:05'),(863,64,17341580,'Skateboard church-key pour-over you probably haven\'t heard of them scenester everyday art party bushwick.','2013-12-11 17:45:05'),(864,64,17292819,'Drinking shabby chic art party pbr&b jean shorts tilde chia pabst ugh.','2013-12-10 15:16:34'),(865,64,17292819,'Jean shorts master art party umami tousled mumblecore yuccie listicle stumptown.','2013-12-07 12:06:52'),(866,64,17292819,'Mlkshk poutine trust fund paleo aesthetic goth gluten-free.','2013-11-28 12:41:54'),(867,64,24158751,'Deep v tacos crucifix tilde pickled.','2013-12-10 19:02:06'),(868,64,24158751,'Pinterest hashtag knausgaard literally loko banh mi.','2013-12-13 08:33:46'),(869,64,24158751,'8-bit cronut flannel art party.','2013-12-06 20:36:05'),(870,64,24158751,'Farm-to-table 3 wolf moon flannel banh mi helvetica direct trade slow-carb.','2013-12-12 18:56:19'),(871,64,43666550,'90\'s pour-over seitan retro goth helvetica wayfarers cred semiotics.','2013-12-26 10:05:24'),(872,64,43666550,'Kitsch flannel williamsburg gentrify semiotics mustache direct trade.','2013-12-14 23:09:23'),(873,64,43666550,'Vinegar park dreamcatcher retro hella kinfolk lo-fi.','2013-12-08 07:23:25'),(874,64,43666550,'Tattooed next level organic sartorial intelligentsia occupy.','2013-12-12 13:25:09'),(875,64,38301185,'Fanny pack tousled shabby chic cornhole fashion axe swag food truck normcore offal.','2013-12-19 20:07:16'),(876,64,38301185,'Typewriter leggings freegan mixtape kogi migas pour-over crucifix.','2013-11-28 04:14:53'),(877,64,38301185,'Beard wayfarers hoodie meggings vegan post-ironic.','2013-11-29 03:10:18'),(878,64,38301185,'Narwhal sriracha pbr&b hoodie craft beer mlkshk vegan occupy yr.','2013-12-05 03:35:05'),(879,65,17417105,'Quinoa twee pitchfork tofu photo booth gluten-free helvetica.','2016-02-18 01:52:47'),(880,65,17417105,'Biodiesel viral tacos venmo food truck.','2016-02-27 20:09:14'),(881,65,17417105,'Meh food truck chia celiac drinking skateboard williamsburg flexitarian brunch.','2016-02-12 07:45:46'),(882,65,26379168,'Master aesthetic ugh truffaut pbr&b godard umami waistcoat.','2016-02-23 18:47:25'),(883,65,26379168,'Humblebrag pabst cleanse +1.','2016-03-06 03:03:52'),(884,65,25989733,'Locavore fap microdosing +1 yr migas.','2016-03-07 00:00:19'),(885,65,25989733,'Chia flannel cleanse photo booth roof poutine meditation ennui.','2016-02-20 10:23:47'),(886,65,25989733,'Salvia kinfolk before they sold out green juice.','2016-02-29 05:46:25'),(887,65,36022953,'Mixtape xoxo letterpress banh mi offal.','2016-02-12 06:36:52'),(888,65,36022953,'Pbr&b mixtape organic kombucha.','2016-02-23 13:27:33'),(889,65,36022953,'Freegan williamsburg roof church-key umami small batch pinterest.','2016-02-20 13:53:10'),(890,65,36022953,'Cred tumblr venmo chicharrones austin five dollar toast paleo cliche.','2016-02-14 00:36:29'),(891,65,39920833,'Fap kale chips hashtag williamsburg distillery butcher vinegar.','2016-02-22 21:15:16'),(892,65,39920833,'Franzen sartorial 3 wolf moon schlitz scenester cornhole chicharrones pickled.','2016-02-27 06:24:51'),(893,65,32127763,'Xoxo readymade chambray irony godard scenester aesthetic fashion axe cray.','2016-03-05 07:05:36'),(894,65,32127763,'Try-hard post-ironic thundercats pork belly beard biodiesel fixie.','2016-02-19 14:43:34'),(895,65,32127763,'Green juice bitters cronut squid iphone.','2016-02-22 06:26:09'),(896,65,23367123,'Polaroid typewriter swag yolo diy bushwick pinterest.','2016-02-10 07:33:35'),(897,65,23367123,'Portland irony cronut tumblr humblebrag quinoa sustainable iphone park.','2016-02-20 11:12:31'),(898,65,23367123,'Wayfarers kogi literally dreamcatcher gluten-free lo-fi.','2016-02-22 02:58:55'),(899,65,23367123,'Scenester meh ennui lomo.','2016-02-21 07:27:02'),(900,65,23367123,'Tilde biodiesel portland letterpress wes anderson keytar deep v vhs.','2016-03-03 10:22:49'),(901,66,22190419,'Helvetica cleanse meggings chia diy.','2013-10-11 14:48:43'),(902,66,22190419,'Gluten-free pork belly bicycle rights neutra.','2013-09-27 19:45:49'),(903,66,22190419,'Banh mi street artisan listicle waistcoat swag schlitz park.','2013-10-21 18:12:19'),(904,66,17292819,'You probably haven\'t heard of them whatever kitsch blue bottle.','2013-10-15 14:25:54'),(905,66,17292819,'Carry kitsch readymade lo-fi.','2013-10-03 18:09:55'),(906,66,17292819,'Vice street viral austin authentic photo booth blue bottle 90\'s.','2013-10-09 18:44:48'),(907,66,17427905,'Paleo portland tacos tote bag.','2013-10-25 20:44:41'),(908,66,17427905,'Farm-to-table semiotics pug bushwick kinfolk meh keytar thundercats.','2013-09-25 05:02:42'),(909,66,23973410,'Locavore cardigan 3 wolf moon drinking church-key.','2013-10-05 01:51:49'),(910,66,23973410,'Vhs bespoke goth tattooed swag.','2013-09-27 23:22:15'),(911,66,23973410,'Vice post-ironic yuccie pop-up ugh waistcoat.','2013-10-18 06:07:36'),(912,66,28680653,'Readymade dreamcatcher park vice everyday meditation.','2013-10-22 10:20:15'),(913,66,28680653,'Scenester ennui tote bag taxidermy meditation.','2013-10-17 21:24:02'),(914,66,28680653,'Tacos small batch carry street.','2013-10-04 08:16:06'),(915,66,28680653,'Listicle forage keffiyeh tilde twee yr locavore cred.','2013-10-15 11:04:04'),(916,66,28680653,'Fanny pack shabby chic pbr&b gastropub disrupt truffaut.','2013-10-24 22:25:15'),(917,66,26942691,'Vinegar franzen fingerstache sriracha stumptown cleanse brunch.','2013-10-17 22:24:51'),(918,66,26942691,'Forage carry letterpress chambray meditation polaroid godard cray sustainable.','2013-09-30 21:33:07'),(919,66,26942691,'Distillery skateboard freegan disrupt pug letterpress fap.','2013-10-10 11:51:48'),(920,66,26942691,'Jean shorts kombucha crucifix vice food truck sartorial shabby chic slow-carb.','2013-10-08 07:39:21'),(921,66,26942691,'Food truck chambray seitan selfies helvetica.','2013-10-09 07:09:13'),(922,67,27012695,'Pbr&b vice chia vinyl normcore slow-carb.','2014-12-26 20:24:50'),(923,67,27012695,'Vhs blue bottle farm-to-table godard helvetica.','2014-12-16 07:50:18'),(924,67,27012695,'Offal taxidermy post-ironic shoreditch.','2014-12-12 22:32:14'),(925,68,34746608,'Waistcoat disrupt food truck loko xoxo.','2015-06-13 19:55:54'),(926,68,34746608,'Neutra vice flexitarian street.','2015-06-20 08:32:16'),(927,68,38562307,'Master tacos meh cardigan craft beer offal.','2015-06-13 00:57:06'),(928,68,38562307,'Chia umami kitsch kinfolk.','2015-06-01 22:20:52'),(929,68,38562307,'Occupy mixtape pour-over lo-fi celiac jean shorts.','2015-06-02 08:15:02'),(930,68,38562307,'Try-hard skateboard truffaut ennui twee kogi small batch.','2015-06-01 18:36:25'),(931,68,14121867,'Gentrify normcore ennui hoodie tousled williamsburg salvia single-origin coffee park.','2015-06-05 13:26:19'),(932,68,14121867,'Diy gentrify tote bag polaroid kogi kitsch brooklyn 8-bit.','2015-05-29 23:57:27'),(933,68,14121867,'Polaroid chartreuse organic 90\'s intelligentsia vice plaid.','2015-05-27 21:43:21'),(934,68,14121867,'Marfa try-hard flannel locavore.','2015-06-06 04:24:48'),(935,68,31774857,'Whatever chartreuse thundercats 3 wolf moon jean shorts.','2015-06-05 03:00:59'),(936,68,31774857,'Slow-carb neutra trust fund tattooed ennui.','2015-06-16 02:25:58'),(937,68,31774857,'Wes anderson mlkshk tote bag dreamcatcher kale chips tofu knausgaard beard.','2015-06-07 04:29:27'),(938,68,31774857,'Farm-to-table you probably haven\'t heard of them schlitz tousled organic.','2015-06-13 01:00:18'),(939,68,31774857,'Vegan truffaut ugh vinegar cold-pressed.','2015-06-11 06:15:09'),(940,68,43455116,'Selvage shoreditch kickstarter bicycle rights direct trade.','2015-05-26 01:43:33'),(941,68,43455116,'Cray yr food truck yolo chambray brunch.','2015-05-31 12:42:24'),(942,68,19563887,'Vhs post-ironic ramps gastropub.','2015-06-12 21:52:25'),(943,68,19563887,'Slow-carb paleo mustache pitchfork kinfolk asymmetrical dreamcatcher.','2015-06-06 14:07:28'),(944,68,19563887,'Pickled chambray portland ugh kickstarter brooklyn wes anderson.','2015-06-16 17:27:18'),(945,68,19563887,'Mumblecore readymade distillery craft beer dreamcatcher portland normcore.','2015-06-15 03:10:04'),(946,68,27444006,'Williamsburg chillwave bitters wayfarers master pickled truffaut pour-over beard.','2015-05-30 00:57:52'),(947,68,27444006,'Pbr&b salvia banjo umami normcore xoxo cliche tumblr blue bottle.','2015-05-23 04:43:18'),(948,68,27444006,'Wes anderson sriracha swag keffiyeh twee dreamcatcher.','2015-06-21 09:05:56'),(949,69,20985559,'Ethical cray chia organic shabby chic blog.','2011-11-22 13:09:13'),(950,69,20985559,'Tofu venmo roof hashtag freegan fingerstache tousled poutine whatever.','2011-11-21 22:57:34'),(951,69,20985559,'Disrupt pbr&b tumblr ethical.','2011-11-23 10:49:24'),(952,69,20985559,'Tofu normcore pbr&b aesthetic offal squid irony goth.','2011-11-17 07:29:45'),(953,69,20985559,'Goth tote bag mixtape try-hard humblebrag kale chips messenger bag.','2011-12-07 09:29:07'),(954,69,34443305,'Truffaut taxidermy wayfarers drinking.','2011-12-02 23:55:50'),(955,69,34443305,'Banjo kombucha kitsch meh sustainable.','2011-11-19 04:47:31'),(956,69,43250243,'Cronut flannel pour-over quinoa twee retro carry hashtag gastropub.','2011-12-06 09:32:28'),(957,69,43250243,'Swag green juice cleanse salvia forage photo booth.','2011-11-29 06:12:17'),(958,69,43250243,'Plaid migas health tofu schlitz hoodie you probably haven\'t heard of them twee.','2011-11-12 00:11:00'),(959,69,38562307,'Truffaut blue bottle cred kombucha williamsburg.','2011-11-28 10:29:38'),(960,69,38562307,'Skateboard venmo vinegar church-key seitan.','2011-12-08 04:52:37'),(961,69,38562307,'Echo intelligentsia fixie squid disrupt 90\'s cray.','2011-11-15 05:18:08'),(962,69,38562307,'Thundercats pour-over bushwick wolf cleanse.','2011-12-01 06:37:19'),(963,70,13505303,'Brunch cliche actually lumbersexual shabby chic wes anderson.','2015-06-26 00:21:14'),(964,70,13505303,'Aesthetic biodiesel brooklyn pitchfork freegan tousled cronut post-ironic.','2015-06-23 08:53:37'),(965,70,13505303,'Fixie viral franzen kogi squid pickled poutine etsy plaid.','2015-06-22 05:08:16'),(966,70,13505303,'Tattooed kale chips green juice knausgaard ugh tacos typewriter.','2015-06-22 11:32:47'),(967,70,25539219,'Carry brunch hella offal neutra whatever green juice kitsch cardigan.','2015-06-29 14:06:05'),(968,70,25539219,'Heirloom art party hammock 8-bit intelligentsia venmo.','2015-07-15 20:31:49'),(969,70,30458781,'Semiotics literally art party paleo occupy typewriter.','2015-07-19 00:05:52'),(970,70,30458781,'Umami organic hashtag ennui dreamcatcher tumblr.','2015-07-10 01:48:33'),(971,70,30458781,'Iphone leggings mumblecore austin put a bird on it tote bag vinyl.','2015-06-22 17:17:16'),(972,71,43442399,'Keytar 3 wolf moon quinoa lumbersexual green juice.','2013-06-06 16:09:21'),(973,71,43442399,'Yolo trust fund hammock meh 8-bit.','2013-05-26 16:31:10'),(974,71,43442399,'Seitan tote bag banjo food truck loko celiac.','2013-06-14 20:50:58'),(975,71,35936990,'Cleanse vegan street readymade meh kale chips kinfolk next level.','2013-06-10 18:30:45'),(976,71,35936990,'Semiotics stumptown aesthetic messenger bag biodiesel post-ironic.','2013-05-18 02:28:08'),(977,71,35936990,'Cronut messenger bag iphone kogi cray.','2013-06-01 00:00:22'),(978,71,35936990,'Chambray master wayfarers tote bag schlitz street sustainable.','2013-05-19 16:10:12'),(979,71,35936990,'8-bit trust fund kickstarter cray retro polaroid twee.','2013-05-25 13:35:08'),(980,71,13461775,'Direct trade artisan gastropub try-hard ethical food truck farm-to-table put a bird on it raw denim.','2013-06-15 10:31:22'),(981,71,13461775,'Listicle fap biodiesel quinoa art party marfa kinfolk disrupt.','2013-05-29 13:54:36'),(982,71,13461775,'Whatever sustainable kombucha slow-carb master bicycle rights.','2013-05-23 21:22:45'),(983,71,13461775,'Pour-over umami pinterest selfies.','2013-06-02 01:39:51'),(984,72,12219178,'Kickstarter waistcoat gentrify pop-up goth.','2014-10-23 01:53:19'),(985,72,12219178,'Helvetica kombucha mixtape listicle kitsch health.','2014-11-07 04:51:16'),(986,72,12219178,'Mumblecore ethical leggings put a bird on it.','2014-10-18 23:57:39'),(987,72,12219178,'Craft beer cornhole humblebrag beard 3 wolf moon narwhal asymmetrical.','2014-10-14 12:45:48'),(988,72,12219178,'You probably haven\'t heard of them hella brooklyn whatever brunch put a bird on it.','2014-11-13 01:27:22'),(989,72,29403176,'Blog chambray flexitarian park vinegar mixtape.','2014-11-07 16:51:01'),(990,72,29403176,'Drinking ethical post-ironic hammock pop-up chillwave meditation brunch.','2014-10-28 03:23:36'),(991,72,29403176,'Kombucha bespoke bitters fixie retro.','2014-11-01 18:10:49'),(992,72,29403176,'Stumptown mustache tilde chambray distillery.','2014-10-27 05:30:12'),(993,72,29403176,'Church-key pbr&b echo flexitarian cornhole.','2014-10-22 20:24:29'),(994,72,26163209,'Pour-over pug brunch twee you probably haven\'t heard of them yolo gluten-free.','2014-10-23 15:20:40'),(995,72,26163209,'Typewriter health irony vinegar sartorial pbr&b distillery food truck literally.','2014-10-30 13:41:22'),(996,72,23973410,'Cray you probably haven\'t heard of them deep v thundercats listicle offal trust fund.','2014-10-14 19:23:56'),(997,72,23973410,'Artisan listicle forage cliche yuccie cray fingerstache waistcoat skateboard.','2014-11-07 21:25:33'),(998,72,23973410,'Fanny pack synth bitters disrupt.','2014-10-20 02:30:07'),(999,72,23973410,'Gentrify church-key pitchfork plaid.','2014-10-28 03:30:24'),(1000,72,23973410,'Cardigan meditation farm-to-table banjo.','2014-11-09 14:38:42'),(1001,72,13461775,'Umami meditation typewriter waistcoat.','2014-10-31 10:10:31'),(1002,72,13461775,'Flexitarian shoreditch sriracha five dollar toast roof ugh.','2014-10-23 10:29:22'),(1003,72,15944880,'Irony whatever you probably haven\'t heard of them next level green juice.','2014-10-18 19:02:17'),(1004,72,15944880,'Marfa synth brooklyn dreamcatcher literally.','2014-10-20 09:58:49'),(1005,72,15944880,'Cred tilde meditation offal distillery fap.','2014-10-19 04:03:00'),(1006,73,35511872,'Tattooed put a bird on it small batch goth dreamcatcher.','2016-08-21 08:48:39'),(1007,73,35511872,'Dreamcatcher chia xoxo gastropub williamsburg squid.','2016-08-21 21:37:40'),(1008,73,35511872,'Etsy church-key keffiyeh irony chia tilde kogi skateboard.','2016-08-24 06:55:40'),(1009,73,35511872,'Pug butcher lo-fi quinoa everyday master.','2016-09-05 20:09:17'),(1010,73,35511872,'Kogi brooklyn plaid lomo quinoa ethical.','2016-09-02 00:46:15'),(1011,74,33759264,'Yolo occupy five dollar toast keytar wayfarers cold-pressed umami.','2012-11-22 07:14:18'),(1012,74,33759264,'Sriracha you probably haven\'t heard of them locavore +1.','2012-11-08 12:23:23'),(1013,74,33759264,'Wolf synth etsy fixie tote bag offal.','2012-11-09 11:21:54'),(1014,74,26404866,'Plaid lomo hashtag chicharrones salvia tote bag jean shorts.','2012-11-08 20:40:37'),(1015,74,26404866,'Bushwick chicharrones chia roof before they sold out keffiyeh.','2012-11-16 05:14:11'),(1016,74,36450668,'Migas listicle paleo farm-to-table.','2012-11-04 19:25:22'),(1017,74,36450668,'Photo booth tilde hashtag kale chips skateboard retro.','2012-11-25 09:16:06'),(1018,74,36450668,'Etsy tote bag gentrify chicharrones pour-over gastropub cold-pressed.','2012-11-23 22:30:03'),(1019,74,36450668,'Viral neutra shoreditch schlitz kitsch next level leggings.','2012-12-01 18:35:47'),(1020,74,36450668,'Drinking whatever direct trade pickled beard cliche.','2012-11-09 06:20:38'),(1021,74,13306910,'Readymade carry skateboard forage bushwick direct trade fap ugh.','2012-11-21 13:11:49'),(1022,74,13306910,'Kombucha vice sustainable austin artisan celiac.','2012-12-01 17:32:57'),(1023,74,13306910,'Flexitarian helvetica letterpress xoxo drinking tilde wes anderson poutine.','2012-12-02 15:48:15'),(1024,74,13306910,'Freegan carry poutine vinyl.','2012-11-04 12:35:14'),(1025,74,13306910,'Trust fund tattooed kombucha chartreuse disrupt.','2012-11-17 10:47:07'),(1026,75,31422116,'Waistcoat five dollar toast paleo salvia fingerstache post-ironic beard roof bicycle rights.','2013-12-28 03:42:20'),(1027,75,31422116,'Selfies wolf synth jean shorts taxidermy.','2013-12-26 20:38:59'),(1028,75,31422116,'Whatever paleo post-ironic next level butcher yolo kombucha.','2014-01-18 10:53:49'),(1029,75,31422116,'Fanny pack williamsburg beard fixie cray goth mustache 90\'s.','2014-01-15 11:01:50'),(1030,75,32431009,'Cred crucifix pitchfork freegan deep v chambray kale chips.','2014-01-19 08:32:40'),(1031,75,32431009,'Hashtag +1 cold-pressed quinoa forage small batch twee bitters.','2014-01-15 02:28:22'),(1032,76,44227911,'Viral paleo poutine pinterest cliche.','2016-01-12 22:02:15'),(1033,76,44227911,'Lo-fi 8-bit echo lumbersexual butcher normcore lomo.','2015-12-22 18:19:44'),(1034,76,44227911,'Yuccie helvetica pinterest goth single-origin coffee.','2015-12-18 20:26:44'),(1035,76,28536060,'Brooklyn small batch food truck listicle hella pop-up locavore plaid.','2015-12-24 01:33:47'),(1036,76,28536060,'Diy thundercats tilde raw denim.','2016-01-07 16:41:19'),(1037,76,24271560,'Asymmetrical occupy intelligentsia pug shabby chic hammock neutra pour-over echo.','2015-12-22 11:37:15'),(1038,76,24271560,'Letterpress seitan fingerstache tattooed.','2015-12-27 23:53:16'),(1039,76,24271560,'Pop-up pickled schlitz humblebrag mustache bitters meh master.','2015-12-23 10:28:35'),(1040,76,24271560,'Kale chips meditation aesthetic xoxo.','2016-01-06 13:34:33'),(1041,76,24271560,'Brooklyn occupy before they sold out bushwick cred gastropub.','2016-01-12 08:58:15'),(1042,76,17200043,'Shoreditch tousled literally franzen kitsch bespoke sriracha ethical selvage.','2015-12-23 22:15:23'),(1043,76,17200043,'Tumblr flannel readymade stumptown.','2015-12-24 11:20:13'),(1044,76,17200043,'Biodiesel 8-bit wolf venmo.','2015-12-28 19:08:55'),(1045,76,17200043,'+1 aesthetic kickstarter yuccie typewriter sartorial bitters street.','2016-01-01 10:41:48'),(1046,76,17200043,'Pour-over taxidermy loko lumbersexual.','2016-01-06 06:34:25'),(1047,76,22904002,'Godard vegan craft beer retro street authentic.','2015-12-31 11:33:34'),(1048,76,22904002,'Paleo keytar polaroid brooklyn mixtape.','2015-12-16 19:24:02'),(1049,76,22904002,'Goth fap biodiesel swag fanny pack.','2016-01-05 06:17:30'),(1050,76,44673996,'Asymmetrical hammock try-hard ethical irony distillery vinegar neutra.','2015-12-26 05:48:29'),(1051,76,44673996,'Vhs +1 ramps banjo gastropub occupy lo-fi art party ethical.','2015-12-25 13:31:20'),(1052,76,44673996,'Fanny pack etsy single-origin coffee pug sustainable tattooed.','2016-01-13 18:10:33'),(1053,77,45436360,'Biodiesel helvetica hammock brunch.','2012-07-06 01:54:17'),(1054,77,45436360,'Twee yolo green juice 90\'s fingerstache raw denim.','2012-07-11 07:25:08'),(1055,77,38822468,'Xoxo chillwave plaid retro aesthetic mixtape kale chips chia.','2012-07-13 10:51:43'),(1056,77,38822468,'Occupy sriracha trust fund hella.','2012-06-22 17:17:05'),(1057,77,38822468,'8-bit street church-key loko brooklyn.','2012-06-26 07:16:57'),(1058,77,29925063,'Cray green juice farm-to-table bespoke scenester bitters.','2012-07-10 05:44:44'),(1059,77,29925063,'Ramps plaid migas banjo ennui freegan organic.','2012-07-02 11:53:09'),(1060,77,29925063,'Banjo yr wes anderson etsy tote bag wolf health tacos sartorial.','2012-07-02 18:35:35'),(1061,77,25467334,'Drinking synth loko squid cronut.','2012-06-22 11:25:40'),(1062,77,25467334,'Plaid quinoa bicycle rights organic humblebrag dreamcatcher post-ironic before they sold out.','2012-07-17 10:23:18'),(1063,77,25467334,'Truffaut post-ironic selvage flexitarian squid franzen health.','2012-06-22 14:30:53'),(1064,77,25467334,'Readymade bespoke kickstarter dreamcatcher salvia.','2012-07-04 10:48:09'),(1065,77,29344445,'Etsy brooklyn twee banjo.','2012-06-26 06:19:04'),(1066,77,29344445,'Knausgaard paleo ennui raw denim ugh forage migas beard butcher.','2012-07-02 06:01:35'),(1067,77,25989733,'Kinfolk vhs distillery microdosing migas.','2012-07-18 10:11:39'),(1068,77,25989733,'Echo helvetica pork belly vice.','2012-06-19 16:42:18'),(1069,77,29403176,'Pug blue bottle irony flexitarian fap single-origin coffee food truck semiotics.','2012-06-27 14:02:17'),(1070,77,29403176,'Bushwick carry vice pitchfork green juice iphone vegan celiac chambray.','2012-07-08 20:29:08'),(1071,77,29403176,'Tumblr forage hashtag keytar craft beer wes anderson tilde.','2012-06-20 11:41:33'),(1072,77,29403176,'Humblebrag knausgaard pitchfork viral venmo vhs.','2012-07-04 22:24:41'),(1073,78,12853373,'Pickled yr cornhole typewriter forage food truck artisan five dollar toast.','2013-10-24 07:48:00'),(1074,78,12853373,'Heirloom portland cliche etsy hella food truck blog brunch.','2013-10-31 11:58:50'),(1075,78,12853373,'Marfa distillery cray direct trade.','2013-10-17 20:49:16'),(1076,78,36964824,'Next level bespoke truffaut lumbersexual quinoa tacos keffiyeh.','2013-10-26 00:44:02'),(1077,78,36964824,'Fap readymade literally cleanse fanny pack vegan aesthetic.','2013-10-12 12:57:58'),(1078,78,36964824,'Gentrify hammock helvetica chambray irony green juice.','2013-11-07 07:39:39'),(1079,78,36964824,'Tacos gluten-free wolf cornhole five dollar toast ennui ugh.','2013-10-15 01:58:34'),(1080,78,36964824,'Cred actually yuccie kickstarter umami.','2013-10-09 18:35:13'),(1081,78,38124291,'Cornhole locavore small batch goth.','2013-10-19 03:06:07'),(1082,78,38124291,'Fashion axe skateboard narwhal cray 3 wolf moon brunch pbr&b readymade.','2013-10-09 15:15:38'),(1083,78,38124291,'Trust fund schlitz twee gastropub drinking kombucha.','2013-11-04 05:41:20'),(1084,78,38124291,'Vinegar semiotics craft beer keytar banh mi umami.','2013-10-25 00:03:55'),(1085,78,34574465,'Banh mi slow-carb before they sold out ramps +1 roof five dollar toast.','2013-10-26 21:29:41'),(1086,78,34574465,'Vinegar freegan intelligentsia asymmetrical bespoke.','2013-10-22 11:01:09'),(1087,78,34574465,'Vhs polaroid sriracha carry blog shoreditch health wayfarers selvage.','2013-11-07 16:03:13'),(1088,78,34574465,'Next level gentrify austin marfa park master 8-bit hoodie chambray.','2013-10-23 14:10:43'),(1089,78,34574465,'Migas neutra meh tumblr.','2013-10-13 00:01:45'),(1090,78,19597702,'Kombucha offal hoodie iphone kogi retro.','2013-11-01 11:50:58'),(1091,78,19597702,'Pinterest distillery sartorial single-origin coffee tousled.','2013-10-26 00:21:43'),(1092,78,19597702,'Small batch bitters shoreditch truffaut tofu heirloom helvetica vinyl austin.','2013-10-11 05:59:21'),(1093,78,36665361,'Brooklyn etsy try-hard pitchfork tofu roof diy farm-to-table.','2013-10-09 15:10:56'),(1094,78,36665361,'Plaid disrupt art party actually schlitz kickstarter stumptown.','2013-10-27 02:37:34'),(1095,78,36665361,'Kitsch vhs seitan cold-pressed.','2013-10-17 07:49:03'),(1096,78,36665361,'Keffiyeh venmo pickled disrupt park pinterest mustache.','2013-10-16 10:48:29'),(1097,78,36665361,'Master mumblecore photo booth seitan yuccie cleanse cliche narwhal etsy.','2013-10-23 00:39:12'),(1098,79,33319967,'Chartreuse beard cliche lomo ugh listicle quinoa scenester.','2012-10-25 20:58:18'),(1099,79,33319967,'Authentic bitters synth humblebrag.','2012-10-21 08:31:17'),(1100,79,33319967,'Freegan iphone yr put a bird on it fixie.','2012-11-03 01:11:45'),(1101,79,33319967,'Squid whatever mlkshk forage +1 kale chips tattooed disrupt.','2012-10-10 20:30:22'),(1102,79,25026636,'Meditation freegan heirloom five dollar toast bicycle rights sriracha master trust fund beard.','2012-10-21 08:36:24'),(1103,79,25026636,'Wes anderson church-key ugh squid master vinegar selvage +1 lo-fi.','2012-11-03 00:19:41'),(1104,80,24231710,'Typewriter mustache hella blog.','2014-01-03 04:24:10'),(1105,80,24231710,'Umami goth cliche post-ironic actually humblebrag normcore tacos portland.','2013-12-29 16:04:17'),(1106,80,34222705,'Forage tousled mixtape fingerstache.','2014-01-02 21:06:28'),(1107,80,34222705,'Art party 8-bit hella crucifix leggings.','2013-12-19 20:15:22'),(1108,80,21658096,'Biodiesel keffiyeh polaroid kitsch tofu cornhole tote bag lo-fi.','2013-12-28 05:47:40'),(1109,80,21658096,'Meggings lomo park migas.','2013-12-08 07:32:58'),(1110,80,21658096,'Meh before they sold out loko skateboard godard blog vegan.','2013-12-29 23:19:39'),(1111,80,21658096,'Gentrify post-ironic gastropub microdosing single-origin coffee kickstarter.','2013-12-23 07:22:51'),(1112,80,45637433,'Mlkshk truffaut banh mi twee tacos.','2013-12-04 21:12:53'),(1113,80,45637433,'Poutine yr mumblecore portland.','2013-12-29 11:03:09'),(1114,80,35872082,'Raw denim kinfolk bicycle rights health butcher banjo.','2013-12-25 15:04:33'),(1115,80,35872082,'Ugh +1 keffiyeh bicycle rights mustache tattooed.','2013-12-07 15:02:47'),(1116,80,35872082,'Humblebrag raw denim +1 lumbersexual.','2013-12-14 01:42:28'),(1117,80,44227911,'Pickled truffaut distillery selfies listicle intelligentsia fanny pack seitan bespoke.','2013-12-04 05:49:27'),(1118,80,44227911,'Try-hard brooklyn microdosing yuccie blue bottle tote bag cold-pressed.','2013-12-10 20:47:08'),(1119,81,18371576,'Mumblecore wes anderson readymade kale chips.','2015-08-14 20:58:28'),(1120,81,18371576,'Neutra williamsburg polaroid pitchfork cliche street skateboard.','2015-08-05 04:20:48'),(1121,81,18371576,'Disrupt pbr&b waistcoat kogi paleo pour-over tofu chicharrones thundercats.','2015-08-26 16:40:27'),(1122,81,18371576,'Venmo distillery pop-up pitchfork.','2015-08-01 03:29:04'),(1123,81,18371576,'Scenester farm-to-table twee ramps 3 wolf moon vice tofu before they sold out street.','2015-08-31 02:11:29'),(1124,81,41142088,'Hammock meditation flexitarian knausgaard.','2015-08-08 18:48:48'),(1125,81,41142088,'Farm-to-table brunch freegan pinterest chia truffaut yuccie chartreuse gluten-free.','2015-08-22 03:43:38'),(1126,81,41142088,'Viral next level whatever street schlitz butcher plaid synth meh.','2015-08-02 05:21:59'),(1127,81,41142088,'Aesthetic fap venmo mlkshk asymmetrical dreamcatcher tote bag pbr&b wayfarers.','2015-08-01 15:56:30'),(1128,81,43245132,'Pitchfork distillery lumbersexual chillwave health celiac.','2015-08-23 23:31:12'),(1129,81,43245132,'Quinoa wes anderson crucifix tofu banh mi retro mlkshk photo booth.','2015-08-20 21:34:38'),(1130,81,43245132,'Synth whatever organic loko.','2015-08-27 06:26:23'),(1131,81,43245132,'Trust fund lo-fi cred hoodie.','2015-08-29 04:06:38'),(1132,81,43171322,'Echo tilde narwhal ugh synth sartorial portland.','2015-08-17 17:35:06'),(1133,81,43171322,'Flannel tofu pop-up gastropub.','2015-08-08 20:49:38'),(1134,81,43171322,'Art party meditation sartorial neutra you probably haven\'t heard of them pinterest jean shorts ramps health.','2015-08-13 02:58:49'),(1135,81,43171322,'Meh sriracha distillery cardigan street lumbersexual meditation trust fund.','2015-08-05 20:04:53'),(1136,82,38802687,'Chia carry poutine shoreditch neutra kombucha.','2013-08-19 00:15:54'),(1137,82,38802687,'Tacos butcher twee post-ironic mumblecore.','2013-08-14 11:49:40'),(1138,82,38802687,'Authentic everyday you probably haven\'t heard of them echo tilde.','2013-08-18 00:30:47'),(1139,82,30619554,'Swag kombucha seitan tacos drinking.','2013-08-01 21:12:23'),(1140,82,30619554,'Green juice microdosing fingerstache authentic cliche venmo hoodie.','2013-08-20 14:11:47'),(1141,82,30619554,'Heirloom bitters park selvage ennui cliche chia bicycle rights microdosing.','2013-08-20 11:24:39'),(1142,82,30619554,'Artisan farm-to-table cornhole fashion axe master keffiyeh umami kombucha beard.','2013-08-19 01:40:03'),(1143,82,30619554,'Diy pbr&b salvia vinegar poutine.','2013-07-27 05:06:32'),(1144,83,40830695,'Waistcoat jean shorts try-hard cornhole freegan banh mi master.','2013-07-24 22:19:55'),(1145,83,40830695,'Freegan lomo skateboard drinking locavore heirloom single-origin coffee occupy.','2013-07-27 08:38:29'),(1146,83,40830695,'Plaid vegan farm-to-table tattooed tofu.','2013-07-25 08:38:51'),(1147,83,40830695,'Bespoke seitan gluten-free kinfolk deep v keytar tacos.','2013-07-28 12:15:17'),(1148,83,43770232,'Shabby chic fap hashtag neutra tote bag roof vinegar tattooed etsy.','2013-07-18 00:39:12'),(1149,83,43770232,'Meditation shabby chic etsy 3 wolf moon listicle.','2013-08-03 05:30:22'),(1150,83,43770232,'Mustache twee tofu schlitz.','2013-08-01 21:04:31'),(1151,83,43770232,'Chia irony intelligentsia pork belly distillery art party meh bicycle rights everyday.','2013-08-04 09:14:20'),(1152,83,20279896,'Tumblr gentrify kale chips put a bird on it sartorial pickled ennui cleanse.','2013-08-05 15:09:19'),(1153,83,20279896,'Fanny pack try-hard swag green juice.','2013-08-09 01:35:32'),(1154,83,20279896,'Schlitz iphone poutine bitters mixtape waistcoat kinfolk.','2013-07-22 06:03:21'),(1155,83,20279896,'Cornhole typewriter chambray mlkshk umami meggings blog listicle portland.','2013-07-18 22:41:45'),(1156,83,20279896,'Single-origin coffee umami pitchfork next level disrupt chillwave keytar scenester.','2013-08-02 18:54:37'),(1157,84,34523108,'Franzen locavore single-origin coffee vegan put a bird on it kogi readymade knausgaard pour-over.','2014-06-12 12:14:33'),(1158,84,34523108,'Sriracha gluten-free beard williamsburg cronut keytar aesthetic.','2014-06-17 02:33:28'),(1159,84,34523108,'Heirloom put a bird on it literally sriracha.','2014-06-26 03:22:20'),(1160,84,34523108,'Authentic knausgaard chambray heirloom cornhole.','2014-06-30 02:44:28'),(1161,85,12853373,'Roof 8-bit literally quinoa diy deep v keffiyeh.','2012-12-25 14:33:16'),(1162,85,12853373,'Disrupt pug xoxo celiac bushwick aesthetic butcher kombucha pbr&b.','2012-12-10 21:13:51'),(1163,85,12853373,'Post-ironic meditation street 3 wolf moon narwhal you probably haven\'t heard of them selvage readymade carry.','2012-12-05 19:34:49'),(1164,85,12853373,'Chambray hashtag etsy bitters single-origin coffee organic fap.','2012-12-01 21:23:44'),(1165,85,12853373,'Fashion axe pickled humblebrag forage knausgaard blue bottle typewriter sustainable.','2012-12-16 07:18:02'),(1166,85,30198511,'Iphone blog taxidermy 8-bit fap pbr&b sustainable umami vice.','2012-11-29 19:44:00'),(1167,85,30198511,'Microdosing paleo butcher sustainable tote bag.','2012-12-04 23:16:47'),(1168,85,30198511,'Carry pork belly taxidermy bespoke.','2012-12-25 16:45:36'),(1169,85,40963269,'Sriracha raw denim banjo asymmetrical five dollar toast.','2012-11-29 02:20:34'),(1170,85,40963269,'Beard cliche banh mi church-key yolo hammock.','2012-12-19 03:04:56'),(1171,85,40963269,'Sriracha hashtag austin fingerstache synth.','2012-12-03 07:49:42'),(1172,85,40844136,'Chartreuse slow-carb pour-over selfies.','2012-12-11 02:42:55'),(1173,85,40844136,'Locavore raw denim swag cronut hammock fap waistcoat.','2012-12-25 03:10:25'),(1174,85,40844136,'Ethical tote bag sustainable chicharrones skateboard pbr&b.','2012-12-16 06:28:44'),(1175,85,17267163,'Drinking iphone 3 wolf moon vinyl kombucha pop-up etsy austin.','2012-12-19 08:23:41'),(1176,85,17267163,'Vhs distillery food truck kitsch banh mi.','2012-12-14 08:43:35'),(1177,85,17267163,'Umami marfa portland fap lo-fi direct trade truffaut.','2012-11-27 10:02:50'),(1178,86,35306744,'Ennui forage sriracha blog five dollar toast tumblr.','2013-12-15 12:28:33'),(1179,86,35306744,'Yolo authentic kickstarter cardigan roof.','2013-12-15 05:04:00'),(1180,86,35306744,'Keytar ramps microdosing crucifix green juice normcore shoreditch chartreuse.','2013-12-06 05:25:32'),(1181,86,44227911,'Direct trade tacos readymade pabst master xoxo.','2013-12-08 19:25:05'),(1182,86,44227911,'3 wolf moon brooklyn drinking intelligentsia pabst cornhole blog.','2013-12-12 20:03:59'),(1183,86,27281719,'Retro migas occupy marfa truffaut thundercats offal.','2013-12-09 18:08:39'),(1184,86,27281719,'Typewriter schlitz master kogi banh mi carry authentic skateboard letterpress.','2013-12-22 21:58:11'),(1185,86,27281719,'Neutra asymmetrical chambray humblebrag.','2013-12-13 04:46:36'),(1186,86,27281719,'Offal readymade wolf humblebrag food truck hammock iphone.','2013-12-17 04:47:56'),(1187,86,27281719,'Occupy typewriter squid bushwick sartorial scenester brooklyn keytar chicharrones.','2013-12-11 21:03:49'),(1188,86,13505303,'Goth health typewriter godard trust fund ethical before they sold out distillery umami.','2013-12-03 03:38:37'),(1189,86,13505303,'Kombucha portland chicharrones chartreuse.','2013-12-13 11:57:45'),(1190,86,13505303,'Chartreuse knausgaard brunch gentrify readymade drinking umami.','2013-12-15 14:39:10'),(1191,86,13505303,'Pbr&b tousled craft beer ugh.','2013-11-22 17:53:03'),(1192,86,13505303,'Health narwhal pug heirloom park echo pickled gentrify kickstarter.','2013-12-13 13:31:27'),(1193,86,41797133,'Cray tote bag hoodie meh lo-fi echo migas freegan keffiyeh.','2013-12-18 07:47:57'),(1194,86,41797133,'Pop-up kogi hella chia forage wayfarers franzen kale chips.','2013-12-01 21:47:00'),(1195,86,41797133,'Tilde distillery health chambray jean shorts.','2013-12-17 16:18:26'),(1196,86,12526585,'Skateboard godard etsy retro taxidermy heirloom.','2013-12-22 09:45:35'),(1197,86,12526585,'Butcher vhs chartreuse pabst small batch bushwick seitan.','2013-12-06 00:01:20'),(1198,86,12526585,'Pickled wes anderson stumptown gentrify fap.','2013-11-28 22:47:41'),(1199,87,28536060,'Shoreditch vegan art party chicharrones direct trade narwhal blue bottle everyday.','2015-10-15 09:39:46'),(1200,87,28536060,'Yuccie loko skateboard franzen celiac.','2015-10-20 04:11:30'),(1201,87,28536060,'Truffaut tacos cray kale chips migas leggings schlitz cornhole.','2015-10-15 13:13:55'),(1202,87,26977981,'Tofu actually cold-pressed distillery celiac kitsch food truck wolf.','2015-10-04 05:31:05'),(1203,87,26977981,'Vice meggings chartreuse artisan cred.','2015-10-25 16:29:30'),(1204,87,26977981,'Stumptown put a bird on it occupy brooklyn tattooed forage mustache.','2015-10-17 22:55:57'),(1205,87,26977981,'Messenger bag keffiyeh ramps godard leggings shoreditch yr authentic tacos.','2015-10-23 10:55:30'),(1206,87,32127763,'Bicycle rights carry viral brunch retro hella hammock vinyl gastropub.','2015-10-16 22:10:15'),(1207,87,32127763,'Heirloom readymade stumptown chia kitsch.','2015-10-05 19:33:41'),(1208,88,43770232,'Five dollar toast yuccie kickstarter skateboard tousled fanny pack 8-bit.','2011-09-13 21:01:42'),(1209,88,43770232,'Vinegar chia skateboard pop-up mustache kitsch fanny pack pour-over.','2011-08-23 10:35:13'),(1210,88,43770232,'Taxidermy put a bird on it synth lo-fi tote bag.','2011-08-27 12:05:30'),(1211,88,43770232,'Blue bottle swag blog typewriter helvetica quinoa.','2011-09-05 13:42:54'),(1212,88,43770232,'Narwhal diy tousled bitters distillery fashion axe.','2011-08-29 21:13:18'),(1213,89,34574465,'Gentrify kinfolk ennui tumblr vinegar chicharrones.','2012-04-02 21:20:44'),(1214,89,34574465,'You probably haven\'t heard of them polaroid 3 wolf moon meh single-origin coffee.','2012-03-11 09:27:20'),(1215,89,34574465,'Next level pinterest flannel carry kickstarter heirloom vegan crucifix 8-bit.','2012-03-24 12:08:38'),(1216,89,30595074,'Gluten-free xoxo whatever selfies sustainable.','2012-04-01 23:53:46'),(1217,89,30595074,'Shoreditch bitters diy next level intelligentsia forage.','2012-03-15 17:10:26'),(1218,89,30595074,'Bitters portland vice humblebrag viral freegan.','2012-03-17 14:43:30'),(1219,89,30595074,'Locavore readymade pickled microdosing.','2012-04-05 12:35:42'),(1220,89,38802687,'Single-origin coffee distillery meh five dollar toast green juice umami pbr&b goth.','2012-03-24 09:07:57'),(1221,89,38802687,'Selfies knausgaard biodiesel meggings truffaut 8-bit messenger bag.','2012-04-03 04:45:50'),(1222,90,21641053,'Literally godard hashtag bespoke master goth lo-fi crucifix celiac.','2014-10-05 21:56:18'),(1223,90,21641053,'Artisan cred waistcoat echo kombucha.','2014-09-20 14:50:19'),(1224,90,21641053,'Chartreuse flannel skateboard kinfolk wes anderson plaid park.','2014-10-14 01:39:48'),(1225,90,21641053,'Chia hoodie kale chips vegan whatever austin single-origin coffee.','2014-10-13 19:30:41'),(1226,90,21641053,'Roof master trust fund slow-carb cardigan.','2014-09-23 20:50:14'),(1227,90,14234608,'Xoxo polaroid cardigan ramps bicycle rights cronut neutra mumblecore.','2014-10-20 05:21:49'),(1228,90,14234608,'Plaid tilde sustainable taxidermy everyday cray.','2014-10-16 07:27:01'),(1229,90,14234608,'Pinterest single-origin coffee jean shorts celiac.','2014-09-25 07:47:20'),(1230,90,31554337,'Thundercats helvetica keffiyeh farm-to-table.','2014-10-17 19:05:41'),(1231,90,31554337,'Bushwick wayfarers fingerstache locavore next level biodiesel tumblr.','2014-09-23 06:23:38'),(1232,90,23973410,'Quinoa hammock sriracha bicycle rights loko swag sartorial.','2014-10-18 06:11:48'),(1233,90,23973410,'Offal squid iphone stumptown hoodie everyday ramps yr narwhal.','2014-10-20 10:47:22'),(1234,90,14984165,'Food truck etsy you probably haven\'t heard of them gastropub whatever godard.','2014-09-29 05:32:36'),(1235,90,14984165,'Salvia tumblr lo-fi selvage letterpress williamsburg authentic umami synth.','2014-09-23 12:53:05'),(1236,90,14984165,'Locavore freegan forage fap.','2014-10-16 21:54:09'),(1237,90,25930891,'Hammock quinoa cray pitchfork truffaut ugh distillery.','2014-10-04 06:22:35'),(1238,90,25930891,'Keytar chartreuse actually brunch poutine thundercats synth crucifix venmo.','2014-09-20 17:29:55'),(1239,90,25930891,'Vinyl gentrify flexitarian kombucha art party.','2014-09-23 18:16:05'),(1240,90,35676024,'Keytar neutra 3 wolf moon street quinoa pinterest yuccie listicle.','2014-10-12 10:16:21'),(1241,90,35676024,'Photo booth diy waistcoat scenester cold-pressed small batch ramps hammock.','2014-10-04 23:50:00'),(1242,90,35676024,'Bespoke yolo kickstarter vice hella.','2014-10-09 16:04:42'),(1243,91,20242113,'8-bit kinfolk cronut kale chips butcher typewriter shabby chic.','2014-10-23 22:32:54'),(1244,91,20242113,'Echo knausgaard mixtape kale chips whatever biodiesel craft beer lomo lo-fi.','2014-10-08 02:58:13'),(1245,91,20242113,'Chillwave banh mi single-origin coffee neutra 3 wolf moon brunch.','2014-10-28 05:27:29'),(1246,91,39145077,'Cronut yolo ethical bicycle rights.','2014-10-11 02:14:29'),(1247,91,39145077,'Blue bottle five dollar toast flexitarian bushwick.','2014-10-08 13:46:15'),(1248,91,39145077,'Pabst heirloom offal art party.','2014-10-31 19:13:58'),(1249,91,16599111,'Hella raw denim tumblr hashtag squid.','2014-10-30 11:50:38'),(1250,91,16599111,'Crucifix jean shorts beard fingerstache asymmetrical.','2014-10-29 20:49:03'),(1251,91,16599111,'Intelligentsia messenger bag butcher gentrify crucifix park wolf food truck.','2014-11-02 07:24:55'),(1252,91,16599111,'Fixie ramps pour-over direct trade.','2014-10-15 05:29:09'),(1253,91,16599111,'Roof freegan trust fund everyday schlitz deep v gastropub park.','2014-10-13 15:45:51'),(1254,91,41575641,'Jean shorts austin chillwave trust fund next level put a bird on it bespoke actually yr.','2014-10-13 00:07:46'),(1255,91,41575641,'3 wolf moon synth post-ironic cornhole mlkshk.','2014-10-25 22:05:47'),(1256,91,41575641,'Hella selfies iphone green juice schlitz.','2014-11-01 19:42:01'),(1257,91,41575641,'Cray mixtape irony ennui thundercats kogi organic.','2014-10-30 07:04:39'),(1258,91,38865986,'Yuccie lomo leggings polaroid.','2014-10-31 12:27:54'),(1259,91,38865986,'Authentic vinegar tacos banjo mustache.','2014-10-12 10:45:23'),(1260,91,38865986,'Paleo williamsburg cold-pressed vinegar farm-to-table polaroid flannel drinking.','2014-10-12 06:08:16'),(1261,91,36437797,'Cray before they sold out taxidermy leggings iphone.','2014-10-09 06:11:10'),(1262,91,36437797,'Cronut small batch fingerstache actually offal.','2014-10-12 12:36:15'),(1263,91,36437797,'Freegan photo booth mustache cliche five dollar toast park cardigan microdosing.','2014-10-11 16:02:30'),(1264,91,36437797,'Microdosing yolo migas celiac.','2014-10-22 15:06:40'),(1265,91,30361168,'Cray pour-over chillwave beard lumbersexual bespoke cliche tattooed chambray.','2014-11-03 01:46:22'),(1266,91,30361168,'Seitan art party knausgaard asymmetrical bespoke.','2014-10-21 06:24:45'),(1267,91,30361168,'Pug pop-up banh mi quinoa.','2014-10-30 18:27:52'),(1268,91,30361168,'Retro try-hard seitan venmo.','2014-10-12 06:13:09'),(1269,91,30361168,'Occupy marfa butcher echo xoxo williamsburg pabst.','2014-10-20 03:37:28'),(1270,92,42909427,'Kombucha gluten-free neutra poutine literally pour-over polaroid humblebrag raw denim.','2016-08-17 06:02:50'),(1271,92,42909427,'90\'s yuccie roof locavore hammock godard farm-to-table chambray.','2016-08-18 22:46:58'),(1272,92,42909427,'Pour-over diy letterpress distillery.','2016-08-22 03:36:34'),(1273,92,43714149,'Before they sold out truffaut paleo twee taxidermy authentic.','2016-08-18 17:27:57'),(1274,92,43714149,'Cleanse semiotics direct trade butcher celiac diy literally hoodie.','2016-09-01 20:32:43'),(1275,92,43523957,'Pabst chillwave shoreditch swag distillery kinfolk williamsburg ethical.','2016-09-02 12:10:00'),(1276,92,43523957,'+1 everyday viral direct trade bespoke pop-up.','2016-08-25 02:58:34'),(1277,92,43523957,'Synth shabby chic gentrify fashion axe cleanse ennui art party.','2016-08-28 05:43:18'),(1278,92,19104830,'Small batch kickstarter meh intelligentsia synth plaid cliche.','2016-08-20 19:34:14'),(1279,92,19104830,'Iphone knausgaard master next level loko whatever.','2016-08-21 18:27:01'),(1280,92,19104830,'Pinterest franzen fap authentic lo-fi.','2016-08-24 11:48:32'),(1281,93,17919065,'Vegan neutra retro brunch selvage chambray.','2014-10-31 03:14:15'),(1282,93,17919065,'Ennui letterpress kogi vinegar loko food truck.','2014-10-28 16:41:55'),(1283,93,17919065,'Schlitz hella bicycle rights pickled 90\'s irony.','2014-10-30 20:52:47'),(1284,93,41811189,'Banh mi authentic intelligentsia butcher ramps fanny pack dreamcatcher blue bottle fixie.','2014-11-03 14:10:38'),(1285,93,41811189,'Retro 8-bit stumptown intelligentsia organic cronut flannel.','2014-10-23 02:52:48'),(1286,93,41811189,'Paleo pinterest cornhole normcore.','2014-10-11 04:02:03'),(1287,93,41811189,'Bespoke synth iphone brooklyn.','2014-10-23 20:39:40'),(1288,93,29925063,'Mlkshk cornhole before they sold out austin pinterest church-key letterpress salvia.','2014-10-24 08:05:20'),(1289,93,29925063,'Migas knausgaard gluten-free goth.','2014-10-27 09:59:20'),(1290,93,29925063,'Try-hard chillwave 3 wolf moon cornhole intelligentsia lomo kitsch keffiyeh neutra.','2014-10-18 18:57:18'),(1291,93,29925063,'Selfies small batch locavore truffaut seitan umami organic.','2014-10-20 08:24:22'),(1292,93,26379168,'Kombucha helvetica artisan knausgaard.','2014-10-11 19:21:36'),(1293,93,26379168,'Microdosing hashtag loko twee park.','2014-11-02 06:49:02'),(1294,93,26379168,'Vice xoxo trust fund tofu.','2014-10-22 17:46:43'),(1295,93,26379168,'Diy pitchfork gastropub master neutra.','2014-10-14 00:30:17'),(1296,93,26379168,'Migas williamsburg microdosing tattooed gluten-free salvia taxidermy poutine banh mi.','2014-11-02 09:32:31'),(1297,93,31221908,'Salvia kinfolk kale chips migas pug.','2014-10-21 01:08:40'),(1298,93,31221908,'Fap direct trade salvia cronut.','2014-10-04 04:05:43'),(1299,93,31221908,'Swag trust fund cardigan helvetica heirloom.','2014-10-25 14:29:17'),(1300,93,41905126,'Master bushwick bicycle rights godard sartorial.','2014-10-12 13:31:05'),(1301,93,41905126,'Umami whatever cray sartorial helvetica schlitz letterpress.','2014-10-04 22:57:15'),(1302,93,41905126,'Salvia art party cray cornhole knausgaard typewriter locavore.','2014-10-11 11:55:05'),(1303,93,41905126,'Messenger bag knausgaard plaid pour-over bushwick truffaut.','2014-10-21 19:14:22'),(1304,93,41905126,'Diy occupy deep v knausgaard selvage yuccie.','2014-10-06 01:43:20'),(1305,94,18677422,'Heirloom chia church-key vhs stumptown raw denim hoodie try-hard bicycle rights.','2013-05-13 07:13:53'),(1306,94,18677422,'Poutine crucifix celiac twee dreamcatcher health sriracha.','2013-05-19 12:51:03'),(1307,94,18677422,'Cleanse plaid fap iphone disrupt marfa.','2013-04-28 21:24:58'),(1308,94,18677422,'Synth williamsburg pickled squid farm-to-table kogi.','2013-05-19 04:39:49'),(1309,94,18677422,'Church-key lo-fi echo tilde fanny pack yolo fashion axe lomo.','2013-05-05 10:46:31'),(1310,94,19597702,'Next level kinfolk echo ugh offal keytar etsy.','2013-04-27 18:43:24'),(1311,94,19597702,'Wolf slow-carb kickstarter artisan bitters.','2013-04-26 14:44:46'),(1312,94,19597702,'Tumblr brooklyn yr mixtape single-origin coffee selvage.','2013-05-01 16:38:24'),(1313,94,19597702,'Skateboard authentic vhs literally.','2013-05-07 16:48:01'),(1314,94,19597702,'Slow-carb tumblr shoreditch kickstarter selvage pickled.','2013-04-27 03:17:59'),(1315,94,34520146,'Hella messenger bag cold-pressed tattooed crucifix tumblr listicle leggings.','2013-04-26 14:28:36'),(1316,94,34520146,'Kombucha next level fixie tumblr farm-to-table.','2013-04-26 06:20:38'),(1317,94,34520146,'Street yuccie vhs tofu locavore gentrify ethical marfa.','2013-05-21 07:23:42'),(1318,94,39300380,'Hammock locavore yr pabst trust fund.','2013-05-21 20:09:30'),(1319,94,39300380,'Roof chambray church-key meditation locavore 90\'s pour-over neutra.','2013-05-09 22:22:28'),(1320,94,43714149,'Vegan flexitarian keffiyeh try-hard fashion axe.','2013-05-21 17:31:59'),(1321,94,43714149,'Pbr&b occupy austin put a bird on it asymmetrical brooklyn kogi.','2013-05-06 10:54:57'),(1322,94,43714149,'Synth selfies put a bird on it umami chicharrones bicycle rights.','2013-05-04 06:13:18'),(1323,94,43714149,'Occupy mixtape truffaut direct trade aesthetic taxidermy.','2013-05-19 12:34:27'),(1324,94,43714149,'Kombucha everyday slow-carb direct trade.','2013-05-11 05:03:37'),(1325,94,19998545,'Yr normcore actually pabst helvetica messenger bag tumblr flexitarian.','2013-05-06 04:06:57'),(1326,94,19998545,'Vinyl pabst keytar cred.','2013-05-18 02:26:31'),(1327,94,19998545,'Gastropub helvetica tilde irony +1 chambray flexitarian normcore.','2013-04-29 05:52:50'),(1328,94,19998545,'Ethical pinterest health plaid.','2013-05-02 18:50:39'),(1329,94,19998545,'Fashion axe franzen swag yolo selvage listicle asymmetrical.','2013-05-09 22:46:08'),(1330,94,42744426,'Swag ennui echo lomo.','2013-05-12 03:58:53'),(1331,94,42744426,'Vegan knausgaard lo-fi yuccie sriracha cray disrupt godard.','2013-05-13 11:47:10'),(1332,95,45637433,'Kitsch bitters cardigan migas skateboard beard microdosing keffiyeh.','2015-08-05 10:54:49'),(1333,95,45637433,'Humblebrag 3 wolf moon dreamcatcher twee kogi gentrify sustainable tattooed gluten-free.','2015-08-08 16:42:12'),(1334,95,36884758,'Keffiyeh wolf vinyl tousled helvetica squid cronut flannel pitchfork.','2015-08-14 08:32:01'),(1335,95,36884758,'Squid pop-up tilde keffiyeh freegan.','2015-08-05 16:26:08'),(1336,95,18319576,'Leggings chillwave echo lomo you probably haven\'t heard of them cliche.','2015-08-04 09:00:43'),(1337,95,18319576,'Jean shorts kombucha tumblr twee health fashion axe chartreuse.','2015-07-31 12:55:31'),(1338,95,16819919,'Fixie echo actually street.','2015-08-04 08:57:30'),(1339,95,16819919,'Vice blog loko before they sold out.','2015-08-06 22:14:32'),(1340,95,16819919,'Plaid cornhole jean shorts sustainable chicharrones.','2015-08-02 00:39:23'),(1341,95,16819919,'Vegan pbr&b cleanse messenger bag pork belly pinterest keytar.','2015-08-15 08:03:26'),(1342,96,38448111,'Chia aesthetic iphone typewriter.','2015-11-09 09:14:37'),(1343,96,38448111,'Craft beer drinking tousled sustainable church-key dreamcatcher next level actually.','2015-11-01 15:20:25'),(1344,96,38448111,'Ennui wolf pinterest banjo locavore ramps tacos portland aesthetic.','2015-11-26 15:50:21'),(1345,96,42252648,'Seitan echo mixtape flexitarian aesthetic lo-fi cardigan.','2015-11-04 05:41:48'),(1346,96,42252648,'Forage ennui polaroid narwhal kombucha chia listicle mustache marfa.','2015-11-15 08:43:01'),(1347,96,38802687,'Cold-pressed taxidermy tattooed jean shorts 3 wolf moon waistcoat.','2015-11-20 19:18:05'),(1348,96,38802687,'Poutine humblebrag wes anderson pour-over xoxo kombucha.','2015-11-15 10:06:44'),(1349,96,38802687,'Craft beer roof tattooed meggings wolf celiac schlitz narwhal.','2015-11-01 06:40:44'),(1350,96,31221908,'Iphone fanny pack bushwick microdosing tousled chicharrones.','2015-11-03 21:36:56'),(1351,96,31221908,'Art party celiac hashtag shabby chic leggings etsy forage flexitarian listicle.','2015-11-10 18:28:57'),(1352,96,31221908,'Wayfarers normcore sriracha pork belly.','2015-10-30 17:48:04'),(1353,96,21371768,'Marfa twee tattooed keytar fashion axe pug sriracha listicle cleanse.','2015-11-10 11:16:27'),(1354,96,21371768,'Lumbersexual banh mi deep v narwhal kinfolk twee fixie.','2015-11-27 06:58:28'),(1355,96,21371768,'Austin pbr&b kickstarter asymmetrical marfa plaid locavore.','2015-11-09 20:19:20'),(1356,96,21371768,'Cleanse flannel tote bag organic gluten-free cred pug meh pinterest.','2015-11-23 11:38:54'),(1357,96,14710744,'Fixie yuccie austin scenester yolo food truck.','2015-11-04 17:52:58'),(1358,96,14710744,'Small batch cronut blog aesthetic.','2015-11-21 15:50:35'),(1359,96,14710744,'Portland banh mi slow-carb wes anderson.','2015-11-09 17:39:24'),(1360,96,14710744,'Tousled carry mumblecore cliche irony.','2015-11-09 17:26:08'),(1361,96,44409215,'Tofu gastropub food truck green juice.','2015-11-26 20:45:15'),(1362,96,44409215,'Taxidermy art party 8-bit tote bag chicharrones street tacos master.','2015-11-09 01:39:23'),(1363,96,44409215,'Narwhal ethical swag offal cold-pressed bicycle rights pop-up aesthetic.','2015-11-09 01:52:54'),(1364,96,44409215,'Cold-pressed humblebrag whatever green juice kale chips artisan swag biodiesel post-ironic.','2015-11-01 08:35:25'),(1365,96,44409215,'Vinegar listicle celiac dreamcatcher small batch.','2015-10-30 16:10:54'),(1366,97,23973410,'Kinfolk semiotics whatever keffiyeh wayfarers cray kombucha brooklyn raw denim.','2014-03-07 00:44:28'),(1367,97,23973410,'Deep v cred flannel cardigan.','2014-02-13 15:24:12'),(1368,97,23973410,'Asymmetrical literally williamsburg wes anderson.','2014-03-02 19:59:47'),(1369,97,23973410,'Vice leggings godard thundercats.','2014-02-20 20:11:15'),(1370,97,16641618,'Kale chips chicharrones celiac raw denim asymmetrical squid plaid brunch truffaut.','2014-02-12 01:31:29'),(1371,97,16641618,'Migas godard vinegar gentrify chillwave hammock before they sold out.','2014-02-20 11:46:21'),(1372,97,34520146,'Crucifix tattooed jean shorts viral chillwave pitchfork poutine.','2014-02-07 06:50:56'),(1373,97,34520146,'Farm-to-table kale chips everyday chicharrones flexitarian diy.','2014-03-04 16:32:16'),(1374,97,34520146,'Meggings green juice ugh letterpress.','2014-02-20 14:09:12'),(1375,97,34520146,'Pug kitsch offal kale chips before they sold out 8-bit chicharrones meh ennui.','2014-02-27 01:39:19'),(1376,97,42080405,'Yr narwhal ennui meh.','2014-02-15 09:11:19'),(1377,97,42080405,'You probably haven\'t heard of them tousled pop-up stumptown yolo tumblr scenester kale chips banh mi.','2014-03-02 09:01:45'),(1378,97,42080405,'Venmo fashion axe 90\'s intelligentsia.','2014-02-07 11:51:38'),(1379,97,42080405,'Wayfarers park ramps paleo post-ironic lomo art party umami.','2014-03-08 09:48:31'),(1380,97,42252648,'Dreamcatcher readymade shoreditch health before they sold out fingerstache.','2014-02-12 20:01:38'),(1381,97,42252648,'Bushwick raw denim tilde cliche kinfolk.','2014-02-28 08:33:47'),(1382,97,42252648,'Cleanse kogi mixtape brunch occupy portland chartreuse tumblr.','2014-02-20 08:10:06'),(1383,97,42252648,'Organic ennui pbr&b pabst intelligentsia letterpress keffiyeh echo drinking.','2014-02-17 10:56:29'),(1384,97,42252648,'Cray polaroid vinegar plaid meh actually distillery mixtape.','2014-02-25 17:52:16'),(1385,97,28121177,'Butcher blog beard master irony.','2014-02-06 08:51:40'),(1386,97,28121177,'Franzen narwhal carry bespoke 8-bit.','2014-03-07 22:38:28'),(1387,97,28121177,'Shoreditch vinyl gentrify sriracha 3 wolf moon gluten-free heirloom portland.','2014-02-18 15:39:32'),(1388,98,29361920,'3 wolf moon bitters small batch wolf mlkshk.','2012-04-19 21:20:31'),(1389,98,29361920,'Quinoa occupy intelligentsia lo-fi hashtag.','2012-03-23 21:52:30'),(1390,98,29361920,'Park ramps mixtape normcore mlkshk.','2012-04-11 19:44:47'),(1391,98,29361920,'Park yuccie post-ironic drinking tousled ethical hoodie iphone wes anderson.','2012-04-17 11:45:41'),(1392,98,16819919,'Vhs wayfarers loko hammock.','2012-03-21 18:50:53'),(1393,98,16819919,'Pbr&b craft beer meditation gentrify cliche irony iphone lo-fi.','2012-04-06 06:53:27'),(1394,98,26323844,'Seitan asymmetrical banjo retro slow-carb.','2012-04-17 12:49:15'),(1395,98,26323844,'3 wolf moon bicycle rights cornhole ennui keffiyeh.','2012-03-30 07:29:57'),(1396,98,26323844,'Goth migas vhs craft beer vegan knausgaard thundercats.','2012-04-18 23:17:15'),(1397,98,26323844,'Kinfolk neutra cliche vinegar.','2012-04-15 16:01:18'),(1398,98,26323844,'Tofu literally artisan tote bag.','2012-03-21 12:42:05'),(1399,98,41523483,'8-bit farm-to-table brunch intelligentsia.','2012-04-13 14:11:12'),(1400,98,41523483,'Hammock kombucha brooklyn fixie kinfolk gastropub.','2012-04-10 19:26:46'),(1401,98,41523483,'Waistcoat flexitarian 3 wolf moon ramps ugh.','2012-04-10 14:58:43'),(1402,98,41523483,'Sartorial kale chips chartreuse locavore listicle distillery.','2012-03-20 22:16:53'),(1403,98,41523483,'Etsy migas mumblecore kickstarter paleo before they sold out pork belly green juice.','2012-04-15 03:01:35'),(1404,98,17636614,'Brunch hashtag vegan ethical mixtape neutra raw denim 90\'s.','2012-03-30 07:09:41'),(1405,98,17636614,'Squid vhs humblebrag seitan hammock craft beer direct trade pinterest health.','2012-03-28 11:56:07'),(1406,98,39679558,'Godard cold-pressed flannel ramps church-key butcher vice.','2012-03-25 16:44:19'),(1407,98,39679558,'Portland trust fund direct trade hoodie chia biodiesel letterpress park mixtape.','2012-04-17 09:51:47'),(1408,98,39679558,'Pabst letterpress pop-up cleanse brooklyn asymmetrical marfa art party pitchfork.','2012-04-01 06:18:01'),(1409,98,39679558,'Vegan carry letterpress fashion axe cleanse crucifix mlkshk park pug.','2012-04-02 16:36:38'),(1410,98,39679558,'Schlitz paleo butcher locavore vice jean shorts iphone.','2012-03-24 02:11:16'),(1411,99,12818808,'Vinegar swag occupy cliche.','2015-07-06 05:54:02'),(1412,99,12818808,'Actually knausgaard goth keytar five dollar toast pinterest shabby chic next level.','2015-07-15 19:34:35'),(1413,99,13017027,'Artisan beard photo booth loko shabby chic pickled.','2015-07-05 15:06:45'),(1414,99,13017027,'Xoxo scenester kombucha mustache raw denim you probably haven\'t heard of them sustainable.','2015-07-26 11:45:35'),(1415,99,13017027,'Gentrify vegan cardigan cold-pressed semiotics.','2015-07-26 18:56:33'),(1416,99,22331968,'Mixtape lo-fi pop-up brooklyn green juice williamsburg.','2015-07-30 15:39:37'),(1417,99,22331968,'Fashion axe keffiyeh cray food truck diy 90\'s.','2015-07-25 00:54:32'),(1418,99,22331968,'Chartreuse aesthetic gentrify cleanse fashion axe stumptown.','2015-07-22 18:54:03'),(1419,99,22331968,'Forage gentrify ennui disrupt everyday jean shorts.','2015-07-28 06:48:33'),(1420,99,22331968,'Ugh brooklyn church-key slow-carb.','2015-07-06 02:38:49'),(1421,99,30619554,'Church-key poutine viral pabst freegan sustainable actually drinking.','2015-07-17 04:07:42'),(1422,99,30619554,'Meggings fingerstache xoxo biodiesel.','2015-07-15 07:37:47'),(1423,100,13306910,'Park selvage keytar retro shabby chic hoodie kickstarter.','2015-07-01 01:03:00'),(1424,100,13306910,'Pork belly slow-carb farm-to-table etsy knausgaard goth meh blog.','2015-07-20 12:22:19'),(1425,100,13306910,'Tumblr knausgaard loko helvetica tote bag vinegar narwhal.','2015-07-16 15:10:24'),(1426,100,13306910,'Bespoke food truck banjo williamsburg.','2015-07-26 14:14:35'),(1427,100,13306910,'Plaid hammock ennui photo booth lo-fi trust fund disrupt seitan.','2015-07-01 16:26:31'),(1428,100,43442399,'Tofu messenger bag portland williamsburg lumbersexual gentrify fixie taxidermy try-hard.','2015-06-30 15:31:17'),(1429,100,43442399,'3 wolf moon salvia cronut five dollar toast gastropub seitan truffaut hammock.','2015-07-17 00:15:23'),(1430,100,43442399,'Meh pinterest typewriter farm-to-table church-key.','2015-06-30 22:56:32'),(1431,100,30198511,'Church-key pickled street hoodie.','2015-07-16 08:12:11'),(1432,100,30198511,'Chicharrones drinking scenester ethical kickstarter vhs xoxo.','2015-07-19 21:17:43'),(1433,100,38562307,'Pour-over tattooed hella next level chicharrones vinyl artisan wayfarers fingerstache.','2015-07-01 11:13:44'),(1434,100,38562307,'Mumblecore keffiyeh xoxo hella.','2015-07-19 14:01:00'),(1435,100,38562307,'Carry freegan polaroid green juice letterpress blue bottle.','2015-07-28 03:22:52'),(1436,100,22940116,'Austin goth pop-up jean shorts fashion axe mumblecore stumptown.','2015-07-08 21:56:04'),(1437,100,22940116,'Mumblecore cred literally mixtape franzen fashion axe locavore hashtag trust fund.','2015-07-10 16:08:24'),(1438,100,22940116,'Blue bottle offal lomo meh street crucifix letterpress green juice disrupt.','2015-07-14 14:07:13'),(1439,100,43012450,'Post-ironic banh mi retro portland lumbersexual.','2015-07-25 11:24:30'),(1440,100,43012450,'Chia austin hammock hashtag.','2015-07-22 19:28:17'),(1441,100,43012450,'Marfa wayfarers yolo readymade.','2015-07-14 02:23:49'),(1442,101,45637433,'Kinfolk green juice bicycle rights microdosing gastropub stumptown paleo.','2012-02-14 03:43:00'),(1443,101,45637433,'Hashtag viral tacos 8-bit butcher polaroid kinfolk farm-to-table.','2012-02-12 13:52:34'),(1444,101,45637433,'Ethical everyday slow-carb organic shabby chic.','2012-02-12 09:25:58'),(1445,101,45637433,'Photo booth intelligentsia +1 put a bird on it scenester mumblecore keytar pop-up.','2012-01-31 05:06:53'),(1446,101,40216887,'Wayfarers portland salvia fanny pack.','2012-01-29 07:48:41'),(1447,101,40216887,'Pour-over kogi fanny pack pbr&b pork belly ramps mumblecore 90\'s gluten-free.','2012-02-21 12:42:46'),(1448,101,40216887,'Lumbersexual knausgaard before they sold out normcore.','2012-02-25 03:13:05'),(1449,101,40216887,'Truffaut yuccie pork belly banjo.','2012-02-08 06:12:00'),(1450,101,40216887,'Tofu keytar pour-over knausgaard sartorial 8-bit microdosing.','2012-01-30 20:34:46'),(1451,101,31187371,'Five dollar toast meggings cornhole bushwick put a bird on it.','2012-02-10 11:15:31'),(1452,101,31187371,'Lomo offal tote bag bushwick vegan plaid park try-hard hammock.','2012-01-30 12:02:12'),(1453,102,40366058,'Fixie cronut cleanse tofu locavore post-ironic.','2014-05-25 02:50:31'),(1454,102,40366058,'Godard thundercats neutra authentic keffiyeh yolo.','2014-06-19 10:54:10'),(1455,102,17421714,'Asymmetrical artisan gastropub scenester.','2014-06-14 16:26:28'),(1456,102,17421714,'Drinking heirloom try-hard authentic twee cred meh.','2014-06-12 04:46:46'),(1457,102,17421714,'Park ugh distillery vegan disrupt next level.','2014-06-13 20:03:26'),(1458,102,17421714,'Organic readymade neutra pinterest.','2014-06-11 22:42:01'),(1459,102,17421714,'Fingerstache church-key schlitz cardigan mlkshk.','2014-06-03 20:17:24'),(1460,102,24158751,'Squid ennui meh tacos beard lumbersexual keytar artisan.','2014-06-21 13:14:30'),(1461,102,24158751,'Health viral ramps keytar.','2014-05-31 00:25:30'),(1462,103,32455114,'Green juice meh organic neutra vinegar lomo 8-bit.','2014-03-29 15:03:38'),(1463,103,32455114,'Gastropub banjo jean shorts try-hard fashion axe.','2014-03-14 09:44:37'),(1464,103,35638756,'Truffaut skateboard swag mixtape vhs poutine art party pork belly pabst.','2014-03-20 08:08:36'),(1465,103,35638756,'Diy crucifix selvage leggings artisan lumbersexual organic park.','2014-04-01 15:22:04'),(1466,103,35638756,'Franzen raw denim forage bespoke.','2014-03-11 14:37:26'),(1467,103,15263590,'Yolo post-ironic flannel direct trade pug.','2014-03-30 23:41:35'),(1468,103,15263590,'Mlkshk taxidermy street williamsburg artisan tacos meggings lumbersexual.','2014-04-08 14:51:54'),(1469,103,15263590,'Vinyl truffaut bespoke mixtape cliche mumblecore kombucha pbr&b crucifix.','2014-04-06 20:38:32'),(1470,103,15263590,'Lomo letterpress keffiyeh ethical loko dreamcatcher williamsburg bushwick.','2014-04-02 18:31:44'),(1471,103,25026636,'Pork belly pour-over schlitz distillery.','2014-03-17 00:12:30'),(1472,103,25026636,'Everyday salvia offal put a bird on it franzen mlkshk messenger bag williamsburg slow-carb.','2014-04-09 06:13:42'),(1473,103,25026636,'Hashtag lomo franzen jean shorts gentrify.','2014-03-14 01:48:53'),(1474,104,26290420,'Microdosing fanny pack tattooed freegan diy cray sriracha typewriter lo-fi.','2013-09-27 21:48:30'),(1475,104,26290420,'Selfies irony butcher cred.','2013-10-04 18:16:39'),(1476,104,19563887,'Pop-up jean shorts fashion axe cliche ugh.','2013-10-08 05:05:55'),(1477,104,19563887,'Whatever kitsch meh williamsburg cleanse shabby chic hella.','2013-10-14 04:30:24'),(1478,104,19563887,'Vinyl slow-carb forage biodiesel meggings cred hashtag brunch try-hard.','2013-10-09 08:05:20'),(1479,104,34766122,'Meditation hashtag goth health helvetica meggings hoodie polaroid.','2013-09-29 22:59:29'),(1480,104,34766122,'Kitsch fixie pabst dreamcatcher helvetica loko.','2013-10-13 04:52:34'),(1481,104,34766122,'Crucifix drinking ethical brooklyn.','2013-09-27 16:56:17'),(1482,104,33759264,'Cronut wayfarers mixtape dreamcatcher polaroid semiotics fap.','2013-09-26 13:46:37'),(1483,104,33759264,'Ennui normcore chambray trust fund pork belly post-ironic vinyl bitters cleanse.','2013-10-15 21:12:50'),(1484,104,17524232,'Pitchfork normcore paleo pickled.','2013-10-05 00:19:55'),(1485,104,17524232,'Heirloom flexitarian fashion axe fixie truffaut cronut.','2013-10-12 03:00:44'),(1486,104,41142088,'Tousled ugh photo booth keytar flannel.','2013-09-22 18:06:24'),(1487,104,41142088,'Forage cardigan normcore franzen carry pinterest.','2013-10-19 01:42:12'),(1488,104,41142088,'Vinyl schlitz fixie leggings cronut.','2013-10-17 20:52:01'),(1489,104,41142088,'Cronut pork belly goth fingerstache schlitz kickstarter food truck.','2013-09-25 14:58:36'),(1490,104,41142088,'Schlitz hella franzen portland waistcoat heirloom health narwhal.','2013-10-09 10:00:21'),(1491,104,36627764,'Polaroid bushwick craft beer direct trade pop-up butcher cray etsy tousled.','2013-10-01 16:58:11'),(1492,104,36627764,'Letterpress listicle ramps green juice farm-to-table shabby chic.','2013-09-26 01:48:12'),(1493,105,35396580,'Put a bird on it before they sold out migas austin viral.','2015-09-11 16:33:46'),(1494,105,35396580,'Cliche tacos artisan kogi church-key brooklyn small batch meh shabby chic.','2015-09-29 00:14:32'),(1495,105,35396580,'Synth yr blog next level jean shorts typewriter.','2015-09-21 04:47:14'),(1496,105,45281434,'Wolf bushwick pinterest try-hard franzen craft beer williamsburg.','2015-09-27 19:22:37'),(1497,105,45281434,'Yuccie normcore blue bottle bespoke fashion axe locavore chartreuse meditation.','2015-09-14 14:08:12'),(1498,105,45281434,'Lomo authentic occupy brunch polaroid park.','2015-09-12 13:57:10'),(1499,105,45281434,'Gluten-free carry pabst photo booth franzen.','2015-09-18 12:08:45'),(1500,105,44043546,'Messenger bag dreamcatcher selvage franzen art party etsy pbr&b.','2015-09-09 12:51:41'),(1501,105,44043546,'Cronut offal schlitz hoodie.','2015-09-11 01:28:49'),(1502,105,44043546,'Paleo narwhal +1 pop-up forage farm-to-table jean shorts hella iphone.','2015-09-21 03:51:50'),(1503,105,44043546,'Listicle butcher bespoke bicycle rights put a bird on it echo.','2015-09-20 17:10:19'),(1504,105,29804621,'Scenester authentic cliche chicharrones.','2015-09-11 15:52:35'),(1505,105,29804621,'Bushwick ugh post-ironic hoodie vinegar small batch raw denim echo.','2015-09-12 11:34:12'),(1506,105,29804621,'Wolf banjo kombucha church-key vegan.','2015-09-07 06:12:42'),(1507,105,29804621,'Bicycle rights venmo letterpress actually celiac lumbersexual messenger bag small batch.','2015-09-16 01:30:55'),(1508,105,29804621,'Truffaut trust fund selfies cred butcher.','2015-09-16 07:41:29'),(1509,105,45637433,'Mixtape slow-carb tousled umami brunch etsy normcore polaroid.','2015-09-14 10:55:24'),(1510,105,45637433,'Carry jean shorts photo booth polaroid pug viral.','2015-09-15 00:55:27'),(1511,105,45637433,'Sriracha next level fanny pack hashtag tacos yuccie.','2015-09-15 10:07:01'),(1512,106,27198524,'Celiac hoodie dreamcatcher 8-bit mustache beard deep v wolf.','2014-12-05 14:15:04'),(1513,106,27198524,'Intelligentsia humblebrag carry gentrify yolo neutra bushwick hashtag organic.','2014-12-20 10:27:53'),(1514,106,23588879,'Freegan loko neutra asymmetrical blog slow-carb humblebrag pickled post-ironic.','2014-12-10 12:40:00'),(1515,106,23588879,'Vinyl master park microdosing.','2014-12-11 22:35:05'),(1516,106,23588879,'Leggings neutra disrupt polaroid.','2014-12-22 20:42:29'),(1517,106,23588879,'Artisan lomo roof paleo bitters tilde lumbersexual quinoa.','2014-12-18 12:28:27'),(1518,107,25648670,'Squid echo swag thundercats taxidermy microdosing mustache.','2016-03-18 19:13:13'),(1519,107,25648670,'Put a bird on it trust fund blue bottle distillery health lumbersexual yolo.','2016-03-17 17:36:02'),(1520,107,31554337,'Raw denim meh asymmetrical kitsch fanny pack pbr&b kale chips bushwick post-ironic.','2016-04-16 15:50:32'),(1521,107,31554337,'8-bit viral tilde salvia seitan.','2016-04-07 04:08:57'),(1522,107,26942691,'Trust fund wes anderson hella vinegar plaid.','2016-04-04 10:37:50'),(1523,107,26942691,'Carry pop-up humblebrag five dollar toast schlitz quinoa kickstarter.','2016-03-17 17:06:42'),(1524,107,26942691,'Yr meh microdosing pabst polaroid kinfolk bitters trust fund blog.','2016-03-27 23:30:35'),(1525,107,26942691,'Park kitsch tacos lomo biodiesel tilde.','2016-04-10 18:44:32'),(1526,107,37209483,'Sustainable pug hammock marfa meditation.','2016-03-28 10:03:26'),(1527,107,37209483,'Truffaut put a bird on it wes anderson deep v chia seitan.','2016-03-26 10:47:49'),(1528,107,37209483,'Readymade locavore organic yr chillwave.','2016-04-05 05:51:02'),(1529,107,26318407,'Salvia umami disrupt xoxo blog viral shabby chic seitan.','2016-04-06 07:44:32'),(1530,107,26318407,'Taxidermy vinyl cold-pressed portland wes anderson butcher 8-bit.','2016-04-12 02:39:33'),(1531,108,20985559,'Mlkshk pork belly craft beer godard art party yr.','2015-11-13 08:35:59'),(1532,108,20985559,'Organic 3 wolf moon shoreditch knausgaard.','2015-11-25 14:23:32'),(1533,108,20985559,'Semiotics seitan carry cold-pressed.','2015-11-18 10:18:59'),(1534,108,29361920,'Trust fund waistcoat selvage kitsch celiac humblebrag.','2015-11-09 00:32:59'),(1535,108,29361920,'Xoxo locavore pickled goth drinking cronut godard helvetica aesthetic.','2015-11-03 23:06:15'),(1536,108,45173342,'Fingerstache kitsch whatever williamsburg gluten-free typewriter chillwave goth five dollar toast.','2015-11-12 06:58:18'),(1537,108,45173342,'Street vhs art party pinterest.','2015-11-08 09:22:53'),(1538,108,45173342,'Cronut cred chartreuse 90\'s trust fund cold-pressed.','2015-11-09 14:09:21'),(1539,108,43171322,'Pop-up neutra ethical fanny pack.','2015-10-30 22:42:41'),(1540,108,43171322,'Knausgaard pour-over craft beer bushwick retro hoodie lo-fi.','2015-10-31 15:07:53'),(1541,108,43171322,'Shoreditch whatever scenester kogi.','2015-10-30 17:05:53'),(1542,108,12818808,'Goth organic mumblecore before they sold out twee salvia pinterest ennui godard.','2015-11-21 08:57:48'),(1543,108,12818808,'Pork belly bitters banjo you probably haven\'t heard of them.','2015-11-01 18:11:04'),(1544,108,12818808,'Freegan humblebrag food truck tofu poutine portland pitchfork keytar authentic.','2015-10-27 04:25:56'),(1545,108,12818808,'Yr hella actually selfies raw denim pabst.','2015-11-10 16:52:39'),(1546,109,21658096,'Everyday distillery cred blue bottle lumbersexual fap cliche trust fund gluten-free.','2014-03-11 05:32:53'),(1547,109,21658096,'Twee vice scenester vegan goth mumblecore literally.','2014-03-18 11:57:37'),(1548,109,13356743,'Trust fund umami everyday bitters scenester wayfarers park.','2014-04-03 17:27:12'),(1549,109,13356743,'Direct trade 90\'s brooklyn banjo aesthetic mlkshk.','2014-03-10 22:44:09'),(1550,109,13356743,'Thundercats freegan skateboard vice selvage banjo shabby chic pop-up trust fund.','2014-03-15 13:41:55'),(1551,109,13356743,'Distillery thundercats bespoke slow-carb.','2014-03-08 02:46:38'),(1552,109,13356743,'Raw denim pinterest letterpress pbr&b meh.','2014-03-21 04:36:46'),(1553,109,22228100,'Cornhole gentrify 90\'s before they sold out pinterest.','2014-03-07 16:58:07'),(1554,109,22228100,'Biodiesel gastropub cardigan celiac pitchfork blog forage vinyl offal.','2014-04-02 11:40:01'),(1555,109,22228100,'Letterpress lo-fi synth goth.','2014-03-17 16:56:30'),(1556,109,30361168,'Selfies cliche celiac chicharrones health fingerstache.','2014-04-04 10:58:00'),(1557,109,30361168,'Pinterest pork belly cliche whatever.','2014-04-04 11:06:06'),(1558,109,30361168,'Butcher tattooed hammock swag actually fixie 8-bit.','2014-03-30 02:44:02'),(1559,110,23289781,'Meditation iphone selfies health wes anderson messenger bag.','2013-05-02 19:29:19'),(1560,110,23289781,'Jean shorts roof green juice sriracha wayfarers post-ironic slow-carb kale chips diy.','2013-05-03 00:55:59'),(1561,110,23289781,'Tofu you probably haven\'t heard of them vice squid.','2013-04-16 14:34:26'),(1562,110,23289781,'Bitters farm-to-table intelligentsia neutra.','2013-04-20 21:13:12'),(1563,110,23289781,'Blog wayfarers try-hard viral chillwave helvetica direct trade.','2013-05-03 17:54:11'),(1564,110,14875000,'Slow-carb diy portland franzen.','2013-05-10 08:16:37'),(1565,110,14875000,'Poutine banh mi everyday bicycle rights ramps pickled diy pour-over vice.','2013-05-11 21:43:42'),(1566,110,14875000,'3 wolf moon pour-over twee xoxo sustainable mustache lumbersexual actually godard.','2013-04-14 11:42:02'),(1567,110,17854592,'Actually pug sartorial green juice helvetica bespoke cornhole pork belly ethical.','2013-05-07 06:34:38'),(1568,110,17854592,'Irony synth selvage gentrify butcher.','2013-04-25 20:21:47'),(1569,111,16819919,'Neutra vice 90\'s goth readymade flexitarian pour-over iphone.','2012-12-05 13:04:45'),(1570,111,16819919,'Park yuccie truffaut chillwave.','2012-12-10 12:24:43'),(1571,111,29403176,'Kickstarter carry craft beer selfies banjo waistcoat.','2012-12-04 09:32:09'),(1572,111,29403176,'Brooklyn +1 etsy fashion axe.','2012-12-10 10:01:59'),(1573,111,29403176,'Cornhole pbr&b wayfarers microdosing blue bottle chia.','2012-11-29 23:28:54'),(1574,111,29403176,'Xoxo tattooed pbr&b pug meggings seitan artisan bicycle rights raw denim.','2012-12-03 22:16:05'),(1575,111,18972028,'Jean shorts vice ennui letterpress poutine keytar plaid truffaut heirloom.','2012-12-26 07:56:23'),(1576,111,18972028,'Ugh messenger bag food truck wolf.','2012-12-17 08:35:25'),(1577,111,18972028,'Beard aesthetic five dollar toast chicharrones tote bag.','2012-12-15 16:59:49'),(1578,111,18972028,'Bicycle rights bushwick 3 wolf moon everyday yr.','2012-12-12 21:11:48'),(1579,111,38865986,'Xoxo photo booth twee everyday.','2012-12-13 21:01:59'),(1580,111,38865986,'Cronut distillery authentic street brunch schlitz actually dreamcatcher.','2012-12-13 00:27:42'),(1581,111,38865986,'Messenger bag chartreuse viral narwhal vinegar shoreditch master lo-fi.','2012-12-16 07:18:40'),(1582,111,38865986,'Vinyl before they sold out helvetica occupy cornhole park.','2012-12-06 22:50:56'),(1583,111,16641618,'Craft beer narwhal goth yr cold-pressed keffiyeh.','2012-12-11 04:44:21'),(1584,111,16641618,'Mlkshk tilde iphone jean shorts you probably haven\'t heard of them twee keffiyeh tofu meh.','2012-12-06 18:24:53'),(1585,111,16641618,'Shoreditch asymmetrical keytar godard small batch xoxo tacos aesthetic cardigan.','2012-12-10 07:15:49'),(1586,111,16641618,'Try-hard letterpress pickled chambray paleo plaid etsy taxidermy pitchfork.','2012-12-13 17:50:41'),(1587,111,16641618,'+1 swag wolf trust fund plaid.','2012-12-02 21:15:37'),(1588,112,36437797,'Salvia narwhal vice before they sold out knausgaard.','2015-06-15 17:04:43'),(1589,112,36437797,'Trust fund church-key park cardigan tattooed flexitarian scenester next level master.','2015-06-22 10:56:49'),(1590,112,36437797,'Sustainable 8-bit asymmetrical ramps meditation neutra yolo cray.','2015-06-25 00:53:33'),(1591,112,36437797,'Twee actually lo-fi cliche.','2015-07-02 17:43:42'),(1592,112,36437797,'Banh mi bespoke tofu pickled squid kickstarter vegan beard.','2015-06-27 13:12:17'),(1593,112,31221908,'8-bit blue bottle crucifix you probably haven\'t heard of them forage.','2015-06-11 20:36:13'),(1594,112,31221908,'Shoreditch fanny pack carry wes anderson food truck flannel.','2015-06-27 12:52:36'),(1595,112,21256053,'Yuccie plaid squid literally.','2015-06-30 04:36:55'),(1596,112,21256053,'Lumbersexual organic keytar before they sold out.','2015-06-20 19:18:53'),(1597,112,21256053,'Microdosing mumblecore raw denim street park trust fund pork belly.','2015-06-16 00:11:51'),(1598,112,21256053,'Food truck tilde health xoxo taxidermy sustainable disrupt ramps.','2015-06-18 21:39:35'),(1599,112,26323844,'Occupy gentrify kombucha chambray offal carry single-origin coffee.','2015-06-21 04:59:51'),(1600,112,26323844,'Readymade helvetica pinterest truffaut etsy twee tattooed poutine thundercats.','2015-07-04 23:43:56'),(1601,112,26323844,'Etsy try-hard seitan slow-carb whatever vinegar.','2015-07-03 21:32:28'),(1602,112,18390662,'Fanny pack chambray cleanse fingerstache tacos tofu.','2015-06-25 06:17:46'),(1603,112,18390662,'Beard before they sold out ennui yolo banh mi kogi poutine.','2015-06-18 01:52:10'),(1604,112,18390662,'Organic gluten-free distillery yolo chillwave intelligentsia pickled direct trade.','2015-06-21 18:26:20'),(1605,112,18390662,'Tumblr jean shorts hella poutine semiotics tote bag.','2015-07-08 11:17:22'),(1606,112,18390662,'Cronut echo kitsch iphone hammock shoreditch.','2015-06-25 08:16:58'),(1607,112,43442399,'Letterpress gastropub hoodie beard synth literally forage.','2015-07-01 19:11:51'),(1608,112,43442399,'Portland ethical chia freegan kinfolk art party lumbersexual offal hoodie.','2015-07-06 19:59:41'),(1609,112,43442399,'Dreamcatcher fashion axe leggings polaroid neutra sriracha organic.','2015-06-11 05:04:53'),(1610,112,43442399,'Bushwick schlitz chia single-origin coffee organic selfies.','2015-06-30 01:58:50'),(1611,112,43442399,'Hashtag tacos bushwick disrupt humblebrag ennui tofu offal thundercats.','2015-06-12 10:20:28'),(1612,112,30619554,'Everyday pbr&b twee meditation food truck semiotics.','2015-07-08 01:21:58'),(1613,112,30619554,'Organic humblebrag cronut selfies keffiyeh wes anderson tousled marfa flannel.','2015-06-12 09:57:42'),(1614,112,30619554,'Cred yr keytar semiotics kinfolk.','2015-06-14 01:50:14'),(1615,112,30619554,'Tousled vice roof kitsch austin.','2015-06-30 01:28:23'),(1616,112,30619554,'Mlkshk chartreuse fanny pack before they sold out umami.','2015-06-15 18:17:43'),(1617,113,29383026,'Lumbersexual chillwave keytar mixtape kitsch pbr&b.','2012-02-29 23:12:38'),(1618,113,29383026,'Put a bird on it small batch kitsch marfa cray.','2012-03-09 16:44:37'),(1619,113,29383026,'Letterpress whatever direct trade kitsch you probably haven\'t heard of them.','2012-03-13 00:00:46'),(1620,113,25620290,'Wolf deep v meditation sartorial shoreditch retro ennui.','2012-03-07 06:06:44'),(1621,113,25620290,'Park mixtape keffiyeh yolo fanny pack venmo ethical try-hard.','2012-03-08 01:10:12'),(1622,113,25620290,'Blog ethical bushwick mlkshk pork belly health readymade brunch.','2012-02-29 18:49:24'),(1623,113,25620290,'Narwhal mlkshk pabst plaid wayfarers fanny pack.','2012-03-18 09:48:10'),(1624,113,25620290,'Kombucha vhs distillery brooklyn street tacos.','2012-02-28 22:35:36'),(1625,113,17558584,'Godard bespoke cold-pressed mixtape +1 everyday.','2012-02-27 07:42:25'),(1626,113,17558584,'Post-ironic quinoa poutine mustache schlitz leggings pork belly 8-bit.','2012-03-03 20:27:37'),(1627,113,17558584,'Twee wayfarers hoodie flexitarian schlitz.','2012-03-09 13:17:22'),(1628,113,17558584,'Yolo chartreuse selfies echo.','2012-03-17 07:03:16'),(1629,113,32250670,'Bitters squid flexitarian listicle hoodie pop-up meditation street shabby chic.','2012-03-15 13:09:01'),(1630,113,32250670,'Diy shoreditch organic chicharrones flannel small batch offal.','2012-03-22 11:03:29'),(1631,113,32250670,'Lumbersexual selvage lomo put a bird on it messenger bag mustache slow-carb.','2012-03-26 06:44:27'),(1632,113,23367123,'Shabby chic franzen retro chicharrones keffiyeh you probably haven\'t heard of them gentrify migas pinterest.','2012-02-29 13:15:15'),(1633,113,23367123,'Banh mi slow-carb kogi art party chambray.','2012-03-12 11:36:47'),(1634,113,23367123,'Yr lo-fi artisan meggings 3 wolf moon tousled hoodie gluten-free.','2012-03-02 11:33:11'),(1635,113,32263057,'Selfies bespoke wayfarers keytar gluten-free direct trade butcher cray.','2012-03-15 14:20:43'),(1636,113,32263057,'Banh mi pickled mustache selfies organic seitan.','2012-03-21 19:55:07'),(1637,114,41133796,'Yuccie chicharrones photo booth banh mi cronut skateboard.','2015-01-04 09:29:10'),(1638,114,41133796,'Biodiesel aesthetic artisan food truck microdosing yuccie banjo stumptown disrupt.','2015-01-20 05:54:48'),(1639,114,41133796,'Kinfolk craft beer put a bird on it semiotics.','2015-01-01 10:51:12'),(1640,114,41133796,'Taxidermy pug single-origin coffee cray.','2015-01-13 19:14:11'),(1641,114,17919065,'Park mustache actually leggings vegan pug.','2014-12-24 17:41:51'),(1642,114,17919065,'Biodiesel narwhal scenester vice before they sold out semiotics kombucha.','2015-01-18 18:44:36'),(1643,114,17919065,'Wayfarers iphone listicle literally wolf tousled brooklyn.','2015-01-12 13:23:54'),(1644,114,17919065,'Hoodie truffaut selvage farm-to-table five dollar toast butcher stumptown pabst.','2015-01-04 19:33:57'),(1645,114,17919065,'Bespoke 3 wolf moon art party direct trade tofu.','2014-12-25 02:35:42'),(1646,114,39145077,'Kale chips 3 wolf moon forage viral cliche crucifix.','2014-12-22 07:52:19'),(1647,114,39145077,'Jean shorts mustache actually migas offal.','2015-01-16 07:04:58'),(1648,114,39145077,'Goth carry twee street truffaut.','2015-01-10 06:43:26'),(1649,114,39145077,'90\'s vice fixie fap photo booth 3 wolf moon lumbersexual cleanse gastropub.','2015-01-01 05:35:28'),(1650,114,14327424,'Yuccie fixie master shabby chic trust fund retro.','2014-12-27 16:58:10'),(1651,114,14327424,'Yr pork belly humblebrag salvia.','2015-01-18 07:00:42'),(1652,114,14327424,'Selfies brunch scenester fap pabst.','2015-01-07 14:12:26'),(1653,114,14327424,'Loko freegan yr mixtape vice tattooed put a bird on it 3 wolf moon tote bag.','2014-12-27 21:24:20'),(1654,114,14327424,'Dreamcatcher yolo ethical before they sold out chillwave goth pork belly tattooed photo booth.','2015-01-01 07:13:02'),(1655,114,22936284,'Deep v swag keytar before they sold out goth chicharrones drinking.','2015-01-05 15:23:11'),(1656,114,22936284,'Whatever freegan shabby chic austin echo blog fixie.','2014-12-29 20:22:55'),(1657,114,22936284,'Direct trade freegan lumbersexual pabst flannel blog letterpress helvetica +1.','2015-01-13 20:19:38'),(1658,114,22936284,'Yuccie banjo dreamcatcher migas gastropub sriracha.','2014-12-25 23:22:50'),(1659,115,18716791,'Pour-over drinking pitchfork wes anderson brooklyn vinyl knausgaard flexitarian.','2016-01-15 21:20:54'),(1660,115,18716791,'Banh mi tote bag freegan chicharrones green juice aesthetic park tofu.','2016-01-25 22:31:30'),(1661,115,18716791,'Echo heirloom forage chartreuse ramps slow-carb.','2016-01-21 03:20:05'),(1662,116,29344445,'Slow-carb irony marfa yuccie organic bitters vice.','2012-02-24 11:34:57'),(1663,116,29344445,'Occupy scenester listicle bitters pabst shoreditch.','2012-03-09 02:33:49'),(1664,116,29344445,'Next level craft beer marfa pour-over gluten-free cronut slow-carb kickstarter.','2012-03-03 21:34:18'),(1665,116,29344445,'Polaroid single-origin coffee mumblecore crucifix squid biodiesel kickstarter.','2012-02-12 16:25:21'),(1666,116,41797133,'Ethical thundercats brunch pickled.','2012-02-13 15:03:03'),(1667,116,41797133,'Pickled church-key helvetica meggings kickstarter wes anderson.','2012-03-06 07:53:31'),(1668,116,41797133,'Pbr&b actually keffiyeh sriracha forage literally aesthetic hella.','2012-02-18 18:52:22'),(1669,116,41797133,'Loko tattooed williamsburg sriracha cliche farm-to-table lumbersexual thundercats marfa.','2012-03-04 16:44:29'),(1670,117,23289781,'Poutine listicle bitters occupy chia photo booth meggings.','2012-06-13 04:36:33'),(1671,117,23289781,'Kitsch beard echo synth cronut before they sold out raw denim authentic.','2012-07-03 18:58:42'),(1672,117,23289781,'Truffaut photo booth crucifix hoodie.','2012-06-09 16:40:59'),(1673,117,23289781,'Paleo post-ironic chambray thundercats ramps normcore semiotics hashtag plaid.','2012-06-28 20:10:15'),(1674,117,17421714,'Wayfarers fap post-ironic asymmetrical pickled gastropub.','2012-06-12 22:07:47'),(1675,117,17421714,'Goth biodiesel skateboard roof.','2012-06-06 12:58:15'),(1676,117,17421714,'You probably haven\'t heard of them 90\'s bespoke diy fingerstache chartreuse before they sold out pickled kinfolk.','2012-07-05 05:23:57'),(1677,117,36627764,'Heirloom green juice art party intelligentsia kitsch.','2012-06-26 12:14:19'),(1678,117,36627764,'Crucifix wolf williamsburg craft beer trust fund twee kombucha brooklyn.','2012-06-30 23:38:09'),(1679,117,36627764,'Freegan sustainable tofu stumptown irony cronut fap diy raw denim.','2012-07-02 00:26:41'),(1680,117,36627764,'Crucifix kinfolk banjo swag gentrify.','2012-06-15 12:08:38'),(1681,117,36627764,'Leggings pop-up mumblecore tousled skateboard.','2012-06-13 03:07:28'),(1682,117,26942691,'Chia letterpress fingerstache pinterest hashtag try-hard tacos quinoa park.','2012-06-15 14:29:33'),(1683,117,26942691,'Blog whatever yuccie williamsburg jean shorts iphone banh mi tote bag.','2012-07-05 16:03:38'),(1684,117,43442399,'You probably haven\'t heard of them wayfarers butcher disrupt hella kickstarter helvetica.','2012-06-07 06:34:06'),(1685,117,43442399,'Flexitarian hoodie scenester irony gluten-free skateboard plaid.','2012-06-14 11:03:06'),(1686,117,43442399,'Mixtape cred trust fund beard kale chips food truck fap street wes anderson.','2012-06-20 14:35:10'),(1687,117,43442399,'Distillery venmo fanny pack pop-up sartorial twee chambray everyday.','2012-06-06 02:19:46'),(1688,117,43442399,'Messenger bag fixie kickstarter mumblecore green juice lo-fi diy.','2012-06-15 16:05:06'),(1689,117,33206842,'Kinfolk chartreuse kogi pabst bespoke mumblecore.','2012-06-24 14:08:50'),(1690,117,33206842,'Put a bird on it narwhal aesthetic lumbersexual kickstarter mustache sustainable.','2012-06-10 07:01:36'),(1691,117,33206842,'Tilde poutine carry viral chambray.','2012-06-15 08:30:33'),(1692,118,31726881,'Bitters xoxo vinyl cornhole cray skateboard blue bottle.','2014-07-30 13:18:52'),(1693,118,31726881,'Wayfarers viral loko offal fixie fingerstache tattooed kogi pour-over.','2014-07-22 03:05:34'),(1694,119,33852512,'Hoodie kale chips jean shorts sartorial chia beard blue bottle authentic deep v.','2013-05-18 09:41:58'),(1695,119,33852512,'Brooklyn vinyl narwhal bespoke messenger bag.','2013-05-15 21:18:05'),(1696,119,33852512,'Taxidermy kogi wes anderson poutine.','2013-05-02 04:18:45'),(1697,119,33852512,'Try-hard meditation pitchfork craft beer cleanse helvetica messenger bag vinyl.','2013-04-25 11:00:47'),(1698,119,33852512,'Ennui polaroid shabby chic yr trust fund 3 wolf moon.','2013-05-14 09:49:06'),(1699,119,38051814,'Pug carry shoreditch vhs sartorial distillery keytar.','2013-05-15 02:32:48'),(1700,119,38051814,'Single-origin coffee vinegar +1 tilde.','2013-05-01 16:15:20'),(1701,119,38051814,'Trust fund plaid lumbersexual celiac tousled post-ironic slow-carb.','2013-05-20 07:09:16'),(1702,119,17729075,'Mixtape gastropub street church-key twee microdosing iphone try-hard pug.','2013-05-06 00:02:10'),(1703,119,17729075,'Echo pitchfork put a bird on it chillwave meditation narwhal trust fund.','2013-05-01 02:30:04'),(1704,119,38124291,'90\'s ennui kogi knausgaard farm-to-table.','2013-04-24 13:14:58'),(1705,119,38124291,'Organic listicle fingerstache dreamcatcher schlitz distillery.','2013-04-25 23:16:56'),(1706,119,38124291,'Before they sold out mixtape 3 wolf moon umami meditation hashtag food truck.','2013-05-09 09:16:55'),(1707,119,38124291,'Bitters leggings kombucha sustainable lumbersexual pabst church-key mlkshk austin.','2013-05-05 20:00:45'),(1708,119,38124291,'Selfies yr next level sartorial master you probably haven\'t heard of them cliche knausgaard tofu.','2013-04-28 21:42:33'),(1709,119,30937314,'Bicycle rights sartorial put a bird on it venmo cornhole waistcoat hashtag.','2013-04-24 10:40:40'),(1710,119,30937314,'Offal viral waistcoat biodiesel hella deep v hammock keffiyeh.','2013-04-29 08:41:18'),(1711,119,30937314,'Deep v microdosing yr lomo actually.','2013-05-18 18:17:42'),(1712,119,30937314,'Brunch loko kombucha portland blue bottle forage next level slow-carb.','2013-05-09 12:19:49'),(1713,119,28680653,'Dreamcatcher lomo fingerstache hella quinoa scenester.','2013-04-20 21:06:25'),(1714,119,28680653,'Slow-carb cleanse blue bottle food truck.','2013-05-12 16:30:09'),(1715,119,28680653,'Wes anderson synth farm-to-table readymade freegan.','2013-04-21 08:27:45'),(1716,119,28680653,'Whatever sriracha before they sold out stumptown.','2013-05-04 14:54:01'),(1717,119,28680653,'Vhs sartorial ramps diy cred kale chips.','2013-05-19 05:32:05'),(1718,119,21328836,'Cronut actually pitchfork pork belly.','2013-04-30 09:14:59'),(1719,119,21328836,'Selvage kickstarter freegan intelligentsia pop-up yr sriracha wes anderson polaroid.','2013-04-21 06:28:03'),(1720,119,21328836,'Carry sriracha pinterest keytar plaid forage kitsch.','2013-05-07 09:05:13'),(1721,119,21328836,'8-bit salvia lo-fi cardigan kale chips blue bottle.','2013-04-27 14:01:46'),(1722,120,40613021,'Godard beard austin mustache.','2011-08-22 04:55:42'),(1723,120,40613021,'Hashtag you probably haven\'t heard of them everyday craft beer.','2011-08-21 02:33:26'),(1724,120,40203597,'Vegan church-key drinking master cardigan blue bottle poutine.','2011-08-22 14:16:15'),(1725,120,40203597,'Vhs vinegar microdosing scenester shoreditch food truck.','2011-08-29 16:41:02'),(1726,120,40203597,'Street green juice bicycle rights meggings messenger bag salvia.','2011-09-09 19:16:33'),(1727,120,40203597,'Mlkshk semiotics meh small batch tumblr deep v chillwave.','2011-09-10 08:27:04'),(1728,120,40203597,'Franzen tofu photo booth knausgaard cray roof vice austin.','2011-08-22 18:12:20'),(1729,120,25648670,'Letterpress venmo salvia aesthetic vinyl shabby chic vegan.','2011-09-04 07:24:51'),(1730,120,25648670,'Wayfarers 90\'s aesthetic celiac single-origin coffee.','2011-09-20 05:50:17'),(1731,120,25648670,'Lo-fi everyday schlitz hashtag.','2011-08-25 23:55:12'),(1732,120,25648670,'Bitters single-origin coffee try-hard trust fund cleanse next level messenger bag pork belly brooklyn.','2011-09-07 01:20:50'),(1733,120,20812318,'Cliche asymmetrical post-ironic cray skateboard banh mi.','2011-09-02 14:01:55'),(1734,120,20812318,'Messenger bag you probably haven\'t heard of them blog art party echo.','2011-09-04 21:33:30'),(1735,120,20812318,'Ethical shabby chic everyday cred.','2011-08-22 16:39:28'),(1736,120,20812318,'Offal bitters park literally.','2011-09-19 23:01:46'),(1737,120,41523483,'Tousled fingerstache chia hoodie yolo single-origin coffee.','2011-09-08 20:31:54'),(1738,120,41523483,'Food truck etsy before they sold out wayfarers crucifix try-hard.','2011-08-25 16:30:17'),(1739,120,41523483,'Gentrify deep v blue bottle yr bitters pickled etsy master.','2011-09-14 08:30:50'),(1740,120,29383026,'Craft beer stumptown irony banjo tousled dreamcatcher carry.','2011-08-28 15:23:53'),(1741,120,29383026,'Street knausgaard banh mi distillery.','2011-09-08 05:37:00'),(1742,120,29383026,'90\'s blog truffaut fanny pack.','2011-09-10 22:23:02'),(1743,120,29383026,'Yr asymmetrical vhs banjo portland small batch tote bag chicharrones.','2011-09-09 04:22:09'),(1744,121,40796972,'Gastropub biodiesel skateboard 8-bit raw denim artisan beard everyday mlkshk.','2012-08-03 07:11:53'),(1745,121,40796972,'Truffaut semiotics everyday beard twee tattooed.','2012-08-18 11:14:49'),(1746,121,40796972,'Authentic everyday tote bag small batch narwhal irony hashtag intelligentsia.','2012-08-12 18:19:03'),(1747,121,12628705,'Chillwave offal pitchfork green juice ramps slow-carb meditation flexitarian cronut.','2012-08-26 23:55:19'),(1748,121,12628705,'Literally seitan sustainable ennui goth diy thundercats cold-pressed.','2012-08-13 06:09:42'),(1749,121,12628705,'Swag cray tote bag bespoke chambray put a bird on it blog.','2012-08-06 10:12:58'),(1750,121,41756464,'Messenger bag brunch sartorial lumbersexual forage freegan cornhole seitan raw denim.','2012-08-24 07:48:04'),(1751,121,41756464,'Tumblr put a bird on it keytar neutra fap bespoke chambray sustainable.','2012-08-01 06:10:12'),(1752,121,35663695,'Etsy cardigan loko vinegar marfa.','2012-08-14 03:39:06'),(1753,121,35663695,'Brunch letterpress asymmetrical pug.','2012-08-07 07:42:50'),(1754,121,35663695,'Tofu post-ironic thundercats retro godard whatever leggings.','2012-08-11 13:58:38'),(1755,121,35663695,'Heirloom kickstarter shabby chic mumblecore mlkshk ennui yolo loko tofu.','2012-08-06 00:39:07'),(1756,121,42230696,'Health kinfolk literally hoodie pour-over.','2012-08-19 18:14:26'),(1757,121,42230696,'Mumblecore typewriter yolo swag kale chips marfa cronut.','2012-08-17 19:17:21'),(1758,121,35638756,'You probably haven\'t heard of them kickstarter flexitarian pickled.','2012-08-09 11:42:34'),(1759,121,35638756,'Lo-fi post-ironic hashtag ethical viral literally try-hard truffaut.','2012-08-21 11:53:52'),(1760,121,35638756,'Butcher pitchfork knausgaard artisan.','2012-08-05 04:00:23'),(1761,122,12728251,'Hella paleo chillwave bushwick brooklyn.','2014-07-18 04:22:44'),(1762,122,12728251,'Leggings offal farm-to-table yolo hashtag.','2014-06-29 04:28:10'),(1763,122,40796972,'Sriracha butcher portland readymade vinyl post-ironic vice stumptown direct trade.','2014-07-18 15:13:21'),(1764,122,40796972,'Letterpress mlkshk tilde food truck 8-bit brooklyn irony kogi mixtape.','2014-07-14 11:54:07'),(1765,122,40796972,'Goth neutra vinyl yr before they sold out wes anderson yuccie shoreditch skateboard.','2014-07-15 14:28:04'),(1766,122,40796972,'Readymade xoxo shoreditch listicle you probably haven\'t heard of them disrupt waistcoat.','2014-06-29 03:00:22'),(1767,122,18716791,'Truffaut ennui normcore slow-carb photo booth pitchfork butcher.','2014-07-20 07:53:01'),(1768,122,18716791,'Franzen squid banh mi celiac gluten-free williamsburg chicharrones.','2014-07-17 09:37:52'),(1769,122,18716791,'Pbr&b truffaut kitsch cred humblebrag paleo five dollar toast echo.','2014-06-30 12:50:18'),(1770,122,18716791,'Synth twee lomo chicharrones hella meggings.','2014-07-15 05:06:20'),(1771,122,43523957,'Chillwave vinyl cardigan twee authentic yuccie.','2014-06-28 20:48:06'),(1772,122,43523957,'Vinyl 90\'s ramps irony ugh.','2014-07-09 11:25:39'),(1773,122,43523957,'Chillwave try-hard squid selvage shabby chic dreamcatcher bitters.','2014-07-06 19:50:05'),(1774,122,43523957,'Freegan cleanse sustainable tilde vinegar.','2014-07-14 21:01:37'),(1775,122,45770550,'Heirloom five dollar toast diy hella carry kinfolk jean shorts waistcoat.','2014-07-21 09:48:17'),(1776,122,45770550,'Yuccie banjo heirloom waistcoat semiotics vinegar pabst shoreditch freegan.','2014-07-09 22:03:47'),(1777,122,45770550,'Ennui tousled loko irony pbr&b wes anderson literally.','2014-07-14 09:27:04'),(1778,123,12523853,'Church-key street freegan pug.','2012-08-14 01:49:37'),(1779,123,12523853,'Irony authentic health helvetica readymade 90\'s taxidermy.','2012-08-13 02:33:44'),(1780,123,12523853,'Keffiyeh messenger bag ethical +1 pitchfork kale chips gastropub park umami.','2012-08-10 09:23:24'),(1781,123,12523853,'90\'s locavore pork belly cronut schlitz artisan bushwick.','2012-08-02 04:57:23'),(1782,123,12523853,'Gentrify quinoa heirloom authentic squid keytar yolo.','2012-08-17 18:49:37'),(1783,123,19504918,'Banh mi butcher chicharrones 90\'s you probably haven\'t heard of them thundercats distillery fashion axe mumblecore.','2012-08-10 07:50:53'),(1784,123,19504918,'Five dollar toast meh pork belly blue bottle iphone.','2012-08-18 21:58:43'),(1785,123,19504918,'Single-origin coffee artisan lomo mumblecore readymade art party paleo.','2012-08-07 19:56:02'),(1786,123,40203597,'Kinfolk photo booth biodiesel master normcore tacos banjo neutra.','2012-08-08 02:53:19'),(1787,123,40203597,'Listicle wolf beard meggings dreamcatcher venmo migas.','2012-08-12 16:24:28'),(1788,123,40203597,'Kickstarter carry neutra flannel.','2012-08-20 14:53:17'),(1789,123,40203597,'Goth keffiyeh forage helvetica pour-over occupy stumptown.','2012-08-21 21:54:55'),(1790,123,35830186,'Kale chips vegan meh waistcoat.','2012-08-10 15:52:04'),(1791,123,35830186,'Mustache squid vinyl semiotics green juice sartorial 8-bit.','2012-08-14 05:56:38'),(1792,123,35830186,'Williamsburg master diy meditation fanny pack health tote bag distillery.','2012-08-23 09:26:54'),(1793,123,35830186,'Artisan retro kombucha green juice cold-pressed flannel synth.','2012-08-06 21:59:37'),(1794,123,26942691,'Health diy brooklyn pitchfork cronut try-hard echo.','2012-08-05 21:31:55'),(1795,123,26942691,'Meggings pour-over +1 messenger bag tacos.','2012-08-21 11:43:00'),(1796,123,26942691,'Banjo 90\'s actually letterpress banh mi keffiyeh cronut irony.','2012-08-08 23:52:03'),(1797,124,35663695,'Dreamcatcher jean shorts blue bottle meditation.','2015-02-05 17:09:05'),(1798,124,35663695,'Hella lo-fi yuccie iphone knausgaard migas cronut park.','2015-01-19 00:41:19'),(1799,124,35663695,'Yolo shabby chic lumbersexual meggings knausgaard small batch twee.','2015-01-29 23:20:10'),(1800,125,40216887,'Ennui pabst gastropub messenger bag vice photo booth direct trade meditation forage.','2015-01-15 21:26:32'),(1801,125,40216887,'Disrupt ugh goth pickled before they sold out everyday fingerstache.','2015-01-21 18:43:31'),(1802,125,40216887,'Deep v ennui vinyl yuccie cred gentrify cardigan plaid single-origin coffee.','2015-02-08 15:12:09'),(1803,125,17729075,'Swag ramps kombucha sartorial aesthetic meditation cold-pressed neutra cliche.','2015-01-26 01:07:50'),(1804,125,17729075,'Humblebrag mumblecore keffiyeh hoodie bespoke twee narwhal.','2015-01-25 04:25:55'),(1805,125,27281719,'Forage selvage cliche +1 microdosing.','2015-01-29 00:31:39'),(1806,125,27281719,'Forage banjo normcore loko neutra plaid ethical.','2015-01-23 14:02:02'),(1807,125,27281719,'Synth green juice loko pop-up kogi.','2015-01-28 04:07:01'),(1808,125,27281719,'Banjo cliche carry vhs celiac truffaut five dollar toast raw denim thundercats.','2015-01-16 04:29:22'),(1809,125,27281719,'Seitan tumblr crucifix tousled yuccie slow-carb polaroid.','2015-02-08 03:07:58'),(1810,125,42909539,'Umami craft beer stumptown cred.','2015-02-07 19:51:34'),(1811,125,42909539,'Tote bag bespoke salvia etsy vice lumbersexual hoodie flannel ethical.','2015-02-07 21:38:21'),(1812,125,42909539,'Knausgaard ramps art party austin kickstarter 3 wolf moon listicle wolf.','2015-01-15 15:25:56'),(1813,125,42909539,'Carry sustainable humblebrag cornhole stumptown.','2015-02-10 02:02:27'),(1814,125,44088389,'Wolf helvetica aesthetic leggings humblebrag health keffiyeh.','2015-01-20 19:33:38'),(1815,125,44088389,'Yuccie yolo brunch literally asymmetrical iphone.','2015-01-29 17:19:08'),(1816,125,44088389,'Cleanse mustache five dollar toast vinyl sustainable selvage next level street etsy.','2015-02-01 07:56:42'),(1817,125,30595074,'Lomo bushwick kogi farm-to-table cray yr lo-fi yolo.','2015-01-29 22:52:22'),(1818,125,30595074,'Kinfolk listicle williamsburg tumblr cardigan literally organic.','2015-02-09 21:33:06'),(1819,125,30595074,'Disrupt cronut brunch cleanse tumblr pop-up pabst.','2015-02-11 01:53:56'),(1820,125,30595074,'Franzen cleanse roof single-origin coffee viral salvia kogi microdosing ugh.','2015-01-15 06:29:41'),(1821,125,30595074,'Shoreditch echo food truck blog chicharrones mlkshk meditation slow-carb yuccie.','2015-02-09 22:46:21'),(1822,125,44563425,'Flexitarian lomo cold-pressed kinfolk hammock yuccie.','2015-02-04 07:12:12'),(1823,125,44563425,'Cred williamsburg sustainable keytar goth marfa semiotics authentic.','2015-01-25 18:54:41'),(1824,125,44563425,'Retro wayfarers taxidermy jean shorts pour-over.','2015-01-27 13:34:29'),(1825,126,25620290,'Hella cred vegan mustache kickstarter vice viral cardigan deep v.','2013-01-26 13:48:47'),(1826,126,25620290,'Put a bird on it fingerstache direct trade plaid yolo mixtape.','2013-01-27 04:44:28'),(1827,126,25620290,'Chicharrones swag plaid put a bird on it cardigan pickled.','2013-01-18 08:45:53'),(1828,127,43741517,'Cliche cardigan before they sold out carry green juice.','2011-10-12 08:39:21'),(1829,127,43741517,'Fixie mixtape poutine austin waistcoat chia park.','2011-10-19 03:24:27'),(1830,127,43741517,'Selfies synth thundercats lumbersexual letterpress hashtag venmo.','2011-10-09 15:29:16'),(1831,127,43741517,'Banh mi taxidermy offal church-key raw denim put a bird on it health biodiesel.','2011-10-13 05:19:35'),(1832,127,43741517,'Brooklyn photo booth blue bottle fap lomo kitsch venmo chillwave chia.','2011-10-28 04:16:42'),(1833,127,40844136,'Kinfolk cred deep v blue bottle vinyl before they sold out letterpress bushwick 3 wolf moon.','2011-10-30 03:49:15'),(1834,127,40844136,'Crucifix vinyl semiotics tousled fixie small batch butcher you probably haven\'t heard of them.','2011-10-11 18:17:19'),(1835,127,40844136,'Umami typewriter heirloom small batch godard viral portland pabst tote bag.','2011-10-30 03:15:13'),(1836,127,40844136,'Five dollar toast messenger bag chartreuse everyday paleo cred butcher.','2011-10-07 20:00:50'),(1837,127,15674148,'Polaroid tilde pabst skateboard mustache whatever kickstarter freegan.','2011-10-25 23:22:12'),(1838,127,15674148,'Lo-fi paleo godard portland health small batch.','2011-11-01 16:19:21'),(1839,127,15674148,'Hammock mustache synth fashion axe narwhal banjo seitan mixtape.','2011-10-30 07:04:20'),(1840,127,15674148,'Pitchfork roof bitters chia gastropub try-hard.','2011-10-16 13:32:46'),(1841,127,38975451,'Meggings occupy wes anderson park pinterest lomo hoodie food truck squid.','2011-11-04 22:44:59'),(1842,127,38975451,'Chartreuse tattooed beard park wes anderson distillery.','2011-10-19 12:29:22'),(1843,127,38975451,'Seitan etsy occupy pbr&b hashtag bushwick.','2011-10-16 13:23:50'),(1844,127,38975451,'Tofu hashtag gentrify ennui pug ethical tousled kitsch.','2011-10-23 05:29:10'),(1845,127,38975451,'Pour-over locavore venmo tote bag tofu pinterest squid.','2011-10-17 09:18:56'),(1846,127,23786581,'Microdosing asymmetrical +1 everyday keffiyeh plaid aesthetic yuccie beard.','2011-11-05 08:44:33'),(1847,127,23786581,'Umami ramps plaid literally wolf.','2011-10-30 00:45:13'),(1848,127,23786581,'Humblebrag keytar single-origin coffee fixie neutra.','2011-10-15 19:56:49'),(1849,127,23786581,'Listicle freegan williamsburg whatever loko.','2011-10-19 22:31:08'),(1850,128,27444006,'Hashtag health aesthetic kickstarter chillwave kitsch pour-over cliche.','2014-10-01 01:09:28'),(1851,128,27444006,'Microdosing celiac freegan jean shorts.','2014-09-20 12:13:12'),(1852,128,27444006,'Trust fund paleo put a bird on it swag distillery pop-up narwhal.','2014-09-26 23:04:15'),(1853,128,35663695,'Chartreuse fashion axe pug seitan lumbersexual park neutra.','2014-10-08 00:17:58'),(1854,128,35663695,'Tousled before they sold out yolo artisan microdosing brunch cred next level plaid.','2014-09-28 23:11:19'),(1855,128,35663695,'Goth normcore flexitarian hashtag authentic synth cleanse austin.','2014-10-12 09:09:02'),(1856,128,44862533,'Letterpress migas kickstarter yr bicycle rights wayfarers green juice typewriter.','2014-09-17 16:23:40'),(1857,128,44862533,'Twee fanny pack next level microdosing cornhole park waistcoat pinterest.','2014-10-16 18:25:54'),(1858,128,18738703,'Vegan fap cronut mumblecore fanny pack bushwick neutra chicharrones.','2014-09-25 14:19:05'),(1859,128,18738703,'Photo booth salvia paleo xoxo.','2014-10-02 11:40:31'),(1860,128,18738703,'Sriracha ugh skateboard trust fund direct trade.','2014-10-17 00:11:51'),(1861,129,19217977,'Hashtag meh sriracha microdosing kickstarter.','2013-08-13 08:31:39'),(1862,129,19217977,'Organic banh mi readymade kale chips put a bird on it single-origin coffee chia taxidermy.','2013-08-04 04:06:07'),(1863,129,19217977,'Master hoodie mumblecore roof literally organic tote bag try-hard.','2013-07-31 22:11:51'),(1864,129,19217977,'Sustainable waistcoat poutine thundercats gastropub authentic tote bag.','2013-08-21 02:11:41'),(1865,129,19217977,'Microdosing kitsch banh mi semiotics.','2013-08-12 01:33:27'),(1866,129,45770550,'Twee master pork belly everyday bespoke fashion axe mumblecore.','2013-08-15 05:32:40'),(1867,129,45770550,'Iphone ennui before they sold out yolo.','2013-08-06 20:10:26'),(1868,129,45770550,'Skateboard hoodie chillwave yolo street stumptown vhs church-key.','2013-08-12 17:21:08'),(1869,129,45770550,'Drinking authentic small batch yr shabby chic health art party.','2013-08-21 12:36:10'),(1870,129,37930705,'Blue bottle polaroid shabby chic messenger bag crucifix fanny pack meh occupy kitsch.','2013-07-25 18:51:02'),(1871,129,37930705,'Waistcoat post-ironic 3 wolf moon kombucha fap flannel raw denim messenger bag.','2013-07-30 10:43:33'),(1872,129,37930705,'Franzen vice pork belly tofu bespoke raw denim kale chips offal.','2013-08-18 20:38:58'),(1873,129,37930705,'Normcore sustainable pour-over chillwave before they sold out.','2013-08-06 10:48:03'),(1874,129,34766122,'Waistcoat tumblr blog mustache craft beer squid.','2013-08-03 16:43:18'),(1875,129,34766122,'Ugh put a bird on it pork belly helvetica green juice blue bottle narwhal try-hard sartorial.','2013-08-18 07:07:25'),(1876,129,34766122,'Try-hard lo-fi cleanse craft beer church-key.','2013-08-12 19:41:07'),(1877,129,34766122,'Irony kale chips loko yuccie portland cardigan.','2013-08-08 00:31:41'),(1878,129,34766122,'Goth truffaut twee diy drinking trust fund shabby chic echo crucifix.','2013-07-27 12:10:07'),(1879,129,19563887,'Before they sold out vhs selfies paleo waistcoat.','2013-08-05 00:31:36'),(1880,129,19563887,'Viral keffiyeh echo waistcoat scenester jean shorts gentrify intelligentsia skateboard.','2013-08-03 00:35:31'),(1881,129,19563887,'Locavore schlitz single-origin coffee godard tousled salvia paleo mixtape helvetica.','2013-07-24 08:19:16'),(1882,129,19563887,'Cornhole photo booth kombucha narwhal drinking.','2013-08-20 03:09:25'),(1883,130,22940116,'Listicle iphone photo booth venmo.','2015-06-03 12:49:20'),(1884,130,22940116,'Knausgaard twee post-ironic single-origin coffee photo booth chicharrones.','2015-05-29 01:29:41'),(1885,130,22940116,'Semiotics tumblr mixtape humblebrag.','2015-06-27 16:02:18'),(1886,130,22940116,'Stumptown farm-to-table authentic viral mlkshk crucifix pug.','2015-06-01 16:36:23'),(1887,131,18493604,'Iphone green juice sustainable celiac selvage +1 squid.','2012-12-06 18:09:28'),(1888,131,18493604,'Quinoa helvetica gastropub tacos locavore food truck blue bottle.','2012-12-03 02:29:31'),(1889,131,34520146,'Knausgaard quinoa blog waistcoat banjo kinfolk put a bird on it.','2012-12-01 23:54:48'),(1890,131,34520146,'Plaid synth sartorial banjo kombucha swag carry occupy cold-pressed.','2012-11-25 11:07:26'),(1891,131,34520146,'Everyday meditation skateboard next level chillwave tacos.','2012-12-16 06:31:01'),(1892,131,34520146,'Hashtag banjo craft beer lumbersexual mixtape.','2012-12-06 12:22:20'),(1893,131,34520146,'Austin mixtape mustache wolf photo booth brunch butcher fap.','2012-11-17 14:09:46'),(1894,131,39166962,'Flannel shabby chic brooklyn pinterest locavore offal health sriracha literally.','2012-12-07 10:30:06'),(1895,131,39166962,'Ennui ramps photo booth paleo.','2012-12-01 03:38:42'),(1896,131,39166962,'Blue bottle brunch single-origin coffee messenger bag kitsch wayfarers.','2012-11-18 03:51:31'),(1897,131,39166962,'Vinyl carry stumptown distillery aesthetic heirloom neutra chicharrones fingerstache.','2012-11-22 16:11:00'),(1898,131,39166962,'Portland semiotics organic knausgaard neutra photo booth post-ironic disrupt aesthetic.','2012-12-05 08:08:25'),(1899,131,44088389,'Williamsburg artisan butcher blog franzen.','2012-12-05 11:34:35'),(1900,131,44088389,'Godard tilde migas bespoke.','2012-11-24 08:47:10'),(1901,131,40366058,'Leggings raw denim truffaut 90\'s.','2012-12-16 04:56:19'),(1902,131,40366058,'Actually loko organic readymade fixie cold-pressed selvage portland.','2012-12-12 18:54:08'),(1903,131,40366058,'Fixie mlkshk craft beer try-hard bitters chia.','2012-12-15 09:13:57'),(1904,131,40366058,'Godard intelligentsia pug food truck.','2012-11-24 19:41:36'),(1905,131,40366058,'Iphone green juice next level taxidermy.','2012-12-08 14:54:16'),(1906,131,37209483,'Post-ironic banjo hashtag carry occupy cronut wes anderson yolo.','2012-11-19 21:56:33'),(1907,131,37209483,'Neutra church-key gastropub paleo.','2012-11-17 21:26:22'),(1908,131,37209483,'Ethical pickled heirloom tacos mumblecore viral microdosing tumblr.','2012-12-14 17:34:35'),(1909,132,13874798,'Diy vinegar umami wes anderson.','2015-02-11 00:29:53'),(1910,132,13874798,'Farm-to-table portland street cardigan post-ironic stumptown chillwave put a bird on it.','2015-01-18 00:54:13'),(1911,133,31056875,'Cred pug green juice single-origin coffee messenger bag pitchfork.','2014-09-19 15:40:17'),(1912,133,31056875,'Narwhal actually ethical kickstarter beard craft beer blog mlkshk.','2014-09-20 21:52:28'),(1913,133,31056875,'Bushwick tousled sriracha aesthetic.','2014-09-22 06:39:11'),(1914,133,31056875,'Lo-fi typewriter distillery pour-over trust fund kale chips.','2014-09-20 19:49:18'),(1915,133,34520146,'Raw denim williamsburg plaid skateboard bespoke umami gentrify.','2014-10-07 11:51:13'),(1916,133,34520146,'Cold-pressed health roof typewriter meggings.','2014-10-07 11:25:53'),(1917,133,34520146,'Gentrify food truck banjo irony austin.','2014-10-16 14:30:16'),(1918,133,34520146,'Cold-pressed normcore knausgaard tofu gentrify craft beer direct trade etsy.','2014-10-09 05:22:17'),(1919,133,34520146,'Hoodie cardigan bushwick narwhal pbr&b vinegar yolo everyday schlitz.','2014-09-27 06:40:35'),(1920,133,45637433,'Plaid sriracha keffiyeh godard church-key fap pabst keytar viral.','2014-10-10 14:05:25'),(1921,133,45637433,'Ennui brooklyn wayfarers kale chips.','2014-09-24 19:01:50'),(1922,133,45637433,'Cold-pressed kogi chicharrones tumblr five dollar toast.','2014-10-17 00:44:32'),(1923,133,33689233,'Yolo kitsch listicle freegan try-hard hammock sustainable photo booth.','2014-09-23 13:37:52'),(1924,133,33689233,'Kogi mlkshk vinegar photo booth ethical iphone.','2014-09-30 20:54:38'),(1925,133,33689233,'Loko lo-fi vhs park.','2014-09-22 11:34:29'),(1926,133,33689233,'Sustainable blue bottle chambray pork belly.','2014-09-22 13:11:44'),(1927,133,40815559,'Health austin disrupt green juice ennui ethical kogi.','2014-09-27 23:17:36'),(1928,133,40815559,'Bicycle rights lo-fi xoxo migas.','2014-09-20 21:05:29'),(1929,133,40815559,'Synth carry gastropub lumbersexual put a bird on it blue bottle microdosing tofu.','2014-09-30 16:49:03'),(1930,133,40815559,'Before they sold out truffaut health flannel blog salvia kickstarter meh.','2014-10-10 09:43:22'),(1931,134,39166962,'Thundercats loko austin tousled photo booth meggings.','2015-01-02 15:51:16'),(1932,134,39166962,'Austin portland venmo bushwick chambray cold-pressed.','2015-01-12 13:43:19'),(1933,134,39166962,'Typewriter pitchfork quinoa selvage cray vinegar locavore vinyl.','2015-01-07 17:40:47'),(1934,134,39166962,'Truffaut cliche chia photo booth carry drinking.','2014-12-28 09:05:45'),(1935,134,39166962,'Try-hard chambray helvetica mlkshk.','2014-12-31 16:55:41'),(1936,134,32431009,'Deep v paleo actually cliche tousled meggings put a bird on it.','2014-12-29 20:48:05'),(1937,134,32431009,'Keytar food truck 8-bit kinfolk gluten-free etsy pork belly fap.','2014-12-20 10:22:34'),(1938,134,32431009,'Meh tilde selfies normcore food truck bespoke yuccie cray.','2014-12-24 00:58:20'),(1939,134,45161098,'Echo normcore thundercats leggings beard gentrify church-key craft beer scenester.','2014-12-26 19:12:51'),(1940,134,45161098,'Knausgaard sriracha street craft beer.','2014-12-26 01:05:40'),(1941,134,38686163,'Hella lumbersexual knausgaard blog pitchfork leggings.','2014-12-17 22:51:31'),(1942,134,38686163,'Etsy sriracha +1 tumblr schlitz park franzen.','2014-12-24 12:15:31'),(1943,134,38686163,'Pour-over cred vice swag plaid flexitarian.','2014-12-24 04:42:51'),(1944,134,38686163,'90\'s freegan art party thundercats franzen try-hard blog celiac.','2014-12-19 16:20:31'),(1945,134,14249860,'Flexitarian church-key chambray seitan dreamcatcher.','2014-12-17 09:47:33'),(1946,134,14249860,'Meditation slow-carb listicle swag post-ironic pop-up.','2015-01-08 21:16:16'),(1947,134,14249860,'Vinyl irony migas synth skateboard keytar meggings.','2015-01-10 11:21:42'),(1948,134,14249860,'Vinegar chambray try-hard disrupt aesthetic banjo narwhal offal.','2015-01-03 19:15:08'),(1949,134,14249860,'Wes anderson blue bottle banh mi leggings loko.','2014-12-23 10:14:44'),(1950,135,20000953,'Occupy photo booth cleanse mumblecore dreamcatcher banh mi five dollar toast brooklyn.','2015-08-05 20:08:24'),(1951,135,20000953,'Put a bird on it five dollar toast intelligentsia williamsburg.','2015-07-23 13:30:07'),(1952,135,20000953,'Austin fanny pack authentic cronut raw denim.','2015-07-26 11:10:33'),(1953,135,20000953,'Seitan cleanse cray wayfarers flexitarian franzen pbr&b thundercats scenester.','2015-07-21 06:20:43'),(1954,136,16781953,'Cliche actually cleanse mlkshk aesthetic.','2016-07-06 17:25:51'),(1955,136,16781953,'Typewriter gentrify single-origin coffee cardigan narwhal neutra portland.','2016-06-29 17:43:39'),(1956,136,16781953,'Pour-over blue bottle cold-pressed biodiesel yr crucifix normcore etsy goth.','2016-07-25 17:50:25'),(1957,137,25930891,'Sustainable photo booth listicle blue bottle vinyl diy authentic.','2015-09-05 13:13:10'),(1958,137,25930891,'Twee hashtag gluten-free tilde sartorial mumblecore heirloom synth fashion axe.','2015-09-07 18:24:55'),(1959,137,33119356,'Vice cardigan tattooed you probably haven\'t heard of them scenester.','2015-09-11 06:08:55'),(1960,137,33119356,'Pinterest pbr&b pickled asymmetrical.','2015-09-13 23:08:19'),(1961,137,33119356,'Before they sold out distillery mustache roof viral locavore 3 wolf moon farm-to-table pbr&b.','2015-09-01 08:09:20'),(1962,137,33119356,'Cold-pressed banh mi viral craft beer roof.','2015-08-29 07:53:23'),(1963,137,33119356,'Retro biodiesel wolf actually bushwick bespoke gluten-free pour-over.','2015-08-24 12:49:36'),(1964,137,23891252,'Flannel blue bottle pickled single-origin coffee organic pork belly flexitarian post-ironic.','2015-09-08 09:38:54'),(1965,137,23891252,'Pop-up artisan green juice cray vegan microdosing austin bitters chartreuse.','2015-09-17 16:20:12'),(1966,137,23891252,'Lumbersexual taxidermy vice ramps green juice art party beard.','2015-09-18 04:38:38'),(1967,138,20473711,'Pinterest loko taxidermy marfa blog bespoke messenger bag authentic echo.','2012-11-18 17:19:32'),(1968,138,20473711,'Vinyl brooklyn meditation narwhal put a bird on it kombucha occupy.','2012-12-13 20:58:29'),(1969,138,20473711,'Neutra chicharrones synth shoreditch.','2012-11-27 21:31:17'),(1970,138,24271560,'Skateboard tacos viral godard brooklyn bicycle rights austin sartorial.','2012-11-25 04:15:34'),(1971,138,24271560,'Bitters poutine vinyl tattooed small batch.','2012-12-02 16:33:00'),(1972,138,24271560,'Brunch whatever blue bottle squid asymmetrical heirloom leggings franzen.','2012-11-21 17:29:58'),(1973,138,24271560,'Single-origin coffee green juice readymade beard 3 wolf moon organic ramps tote bag seitan.','2012-12-15 02:17:49'),(1974,139,33340731,'Sriracha banh mi direct trade readymade mixtape poutine craft beer listicle pinterest.','2012-02-04 15:01:58'),(1975,139,33340731,'Cleanse cold-pressed carry thundercats actually gentrify.','2012-02-08 00:50:41'),(1976,139,33340731,'Try-hard leggings cornhole migas.','2012-01-23 02:28:25'),(1977,139,33340731,'Cronut pabst bicycle rights vice ennui slow-carb ramps quinoa.','2012-02-20 11:54:11'),(1978,139,36410479,'Godard waistcoat hammock vegan direct trade fashion axe viral hashtag.','2012-02-20 16:20:20'),(1979,139,36410479,'Iphone small batch vhs pabst hashtag.','2012-02-14 19:45:22'),(1980,139,33119356,'Venmo salvia cold-pressed pickled food truck.','2012-02-08 00:37:20'),(1981,139,33119356,'Mumblecore hoodie bespoke organic marfa ugh leggings.','2012-02-15 09:46:15'),(1982,139,33119356,'Kogi williamsburg humblebrag forage godard meh authentic skateboard.','2012-01-31 04:11:24'),(1983,139,33119356,'Bespoke hashtag kogi trust fund mustache photo booth street.','2012-02-16 09:57:36'),(1984,139,18809555,'Flexitarian semiotics helvetica brooklyn wayfarers stumptown plaid intelligentsia typewriter.','2012-02-03 20:37:04'),(1985,139,18809555,'Stumptown tattooed church-key drinking mustache shoreditch single-origin coffee migas.','2012-02-22 20:03:46'),(1986,139,18809555,'Bespoke pour-over banh mi carry celiac goth hashtag meh literally.','2012-02-03 02:11:32'),(1987,139,42230696,'+1 listicle readymade small batch.','2012-01-26 05:15:01'),(1988,139,42230696,'Chicharrones whatever tilde brooklyn.','2012-02-16 00:35:13'),(1989,139,42230696,'Pbr&b photo booth leggings next level knausgaard hashtag.','2012-01-29 22:16:10'),(1990,139,41797133,'Truffaut meh hoodie kombucha stumptown mixtape.','2012-02-08 03:09:37'),(1991,139,41797133,'Hella pabst iphone before they sold out art party neutra selfies celiac you probably haven\'t heard of them.','2012-02-06 02:25:06'),(1992,139,41797133,'Quinoa forage synth shabby chic park.','2012-02-20 00:07:36'),(1993,139,41797133,'Kitsch carry normcore yr microdosing.','2012-01-24 04:30:43'),(1994,140,17200043,'Irony beard microdosing bicycle rights kogi fixie.','2015-09-12 07:43:10'),(1995,140,17200043,'Pop-up vegan keffiyeh fanny pack authentic tousled wes anderson swag.','2015-09-11 15:55:39'),(1996,140,17200043,'Pitchfork authentic semiotics you probably haven\'t heard of them readymade kitsch banh mi etsy.','2015-10-10 17:49:49'),(1997,140,15674148,'Freegan literally tumblr kombucha cray kale chips lumbersexual deep v synth.','2015-09-11 06:18:42'),(1998,140,15674148,'Post-ironic vice irony flexitarian neutra biodiesel gluten-free.','2015-09-23 00:46:58'),(1999,140,15674148,'Irony photo booth roof post-ironic kickstarter vinegar vinyl.','2015-09-13 18:19:13'),(2000,140,15517831,'Farm-to-table blog disrupt selvage synth fashion axe kickstarter everyday sustainable.','2015-10-01 02:38:43'),(2001,140,15517831,'Post-ironic wayfarers marfa schlitz 90\'s.','2015-09-29 00:16:37'),(2002,140,15517831,'Everyday dreamcatcher mixtape freegan.','2015-09-14 22:21:31'),(2003,140,15517831,'Synth authentic hella pickled pug umami distillery selfies lo-fi.','2015-09-22 00:10:09'),(2004,140,22078100,'Shoreditch kickstarter gentrify tofu scenester selfies drinking ramps tousled.','2015-09-26 17:34:25'),(2005,140,22078100,'Disrupt sustainable tilde chartreuse waistcoat hashtag post-ironic +1 pork belly.','2015-09-21 15:32:56'),(2006,140,22078100,'Squid godard five dollar toast meh flexitarian waistcoat kitsch distillery.','2015-10-02 23:20:20'),(2007,140,22078100,'Photo booth kombucha paleo sriracha marfa pinterest vinegar sartorial fashion axe.','2015-09-20 21:39:37'),(2008,140,40613021,'Fanny pack irony +1 art party jean shorts intelligentsia marfa poutine.','2015-09-17 13:28:50'),(2009,140,40613021,'Roof locavore +1 cray lo-fi brunch fashion axe vhs slow-carb.','2015-10-03 11:46:42'),(2010,140,22829031,'Kale chips vinegar organic shabby chic brunch.','2015-10-02 03:08:25'),(2011,140,22829031,'Thundercats vinyl tumblr helvetica pork belly five dollar toast mixtape xoxo.','2015-10-01 08:07:03'),(2012,140,22829031,'Park photo booth mumblecore brooklyn.','2015-09-12 19:31:53'),(2013,140,17341580,'Street dreamcatcher shoreditch blue bottle organic five dollar toast tattooed church-key mlkshk.','2015-10-08 17:51:46'),(2014,140,17341580,'Wolf locavore plaid squid cardigan.','2015-09-12 23:32:04'),(2015,140,17341580,'Art party typewriter keffiyeh butcher.','2015-09-14 13:57:24'),(2016,140,17341580,'Poutine listicle pug polaroid typewriter.','2015-09-19 12:44:36'),(2017,141,12041500,'Narwhal humblebrag readymade lumbersexual 3 wolf moon craft beer +1 leggings.','2011-11-18 23:53:36'),(2018,141,12041500,'Organic ugh next level pinterest food truck single-origin coffee.','2011-12-05 10:17:52'),(2019,141,12041500,'Salvia portland celiac banh mi kickstarter.','2011-11-15 13:17:06'),(2020,141,19360534,'Blue bottle 3 wolf moon cred bitters pickled chillwave yr retro.','2011-11-25 11:41:23'),(2021,141,19360534,'90\'s before they sold out sriracha keytar banjo aesthetic.','2011-11-12 01:25:02'),(2022,141,45436360,'Church-key bicycle rights carry hoodie vhs kitsch tacos pinterest beard.','2011-11-19 16:11:19'),(2023,141,45436360,'Roof cardigan salvia small batch semiotics.','2011-11-24 10:24:31'),(2024,142,36145751,'Disrupt 3 wolf moon pop-up paleo.','2012-07-30 22:33:59'),(2025,142,36145751,'Before they sold out vhs aesthetic knausgaard occupy pork belly.','2012-07-30 18:43:59'),(2026,142,36145751,'Waistcoat cred artisan post-ironic.','2012-08-21 04:01:27'),(2027,142,36145751,'Pug pickled viral flannel ugh 90\'s sriracha.','2012-08-16 10:39:02'),(2028,142,36145751,'Put a bird on it sustainable lo-fi slow-carb.','2012-07-31 07:13:48'),(2029,143,15517831,'Hashtag brunch kombucha scenester.','2012-12-09 14:19:32'),(2030,143,15517831,'Tote bag meggings scenester franzen hella raw denim.','2012-12-14 13:21:20'),(2031,143,15517831,'Neutra ugh loko messenger bag carry.','2012-12-02 00:22:15'),(2032,143,12951799,'Venmo echo food truck normcore hashtag truffaut single-origin coffee cronut chartreuse.','2012-12-28 07:27:25'),(2033,143,12951799,'Viral vice 90\'s pitchfork scenester post-ironic gentrify cray kitsch.','2012-12-25 22:35:43'),(2034,143,12951799,'Literally 8-bit pop-up keytar etsy.','2012-12-13 08:17:11'),(2035,144,19217977,'Pug meggings kitsch austin fanny pack.','2014-06-25 20:55:42'),(2036,144,19217977,'Authentic cred slow-carb park bicycle rights meggings.','2014-07-04 18:00:53'),(2037,144,19217977,'Diy disrupt yr intelligentsia cronut before they sold out.','2014-06-13 08:02:56'),(2038,144,19217977,'Fixie keffiyeh occupy jean shorts leggings lo-fi twee yr cred.','2014-06-15 02:54:14'),(2039,144,19217977,'Shoreditch raw denim 90\'s williamsburg kinfolk vinegar dreamcatcher scenester.','2014-06-16 05:03:52'),(2040,144,30938615,'+1 distillery 8-bit carry chia master fashion axe pbr&b cornhole.','2014-06-19 23:48:29'),(2041,144,30938615,'Truffaut post-ironic kale chips listicle scenester knausgaard godard ramps.','2014-07-03 04:03:26'),(2042,144,30938615,'Asymmetrical ugh viral bicycle rights.','2014-06-05 12:28:02'),(2043,144,30938615,'Literally roof art party craft beer.','2014-06-05 11:58:04'),(2044,144,30938615,'Franzen heirloom viral vhs.','2014-06-20 23:25:16'),(2045,144,20315615,'Kale chips chillwave green juice loko cred crucifix.','2014-06-26 01:11:26'),(2046,144,20315615,'Vice pabst helvetica yuccie waistcoat vinegar authentic.','2014-07-01 18:21:51'),(2047,144,20315615,'Portland cleanse dreamcatcher wolf ugh.','2014-06-30 17:55:41'),(2048,144,20315615,'Keytar intelligentsia hoodie listicle kale chips butcher 90\'s.','2014-06-06 14:25:00'),(2049,144,20315615,'Lumbersexual fixie blog you probably haven\'t heard of them small batch.','2014-06-24 18:12:41'),(2050,144,17417105,'Sartorial semiotics biodiesel master green juice cred everyday.','2014-06-30 17:46:21'),(2051,144,17417105,'Single-origin coffee ennui pour-over kitsch.','2014-06-19 13:33:04'),(2052,144,17417105,'Messenger bag vhs bicycle rights shabby chic 3 wolf moon.','2014-07-03 06:08:15'),(2053,144,17417105,'Brooklyn kale chips sriracha austin.','2014-06-18 21:56:28'),(2054,144,36437797,'Swag health keffiyeh vegan readymade crucifix distillery normcore butcher.','2014-06-13 16:01:37'),(2055,144,36437797,'Lomo tofu before they sold out irony scenester ennui brunch.','2014-06-17 12:40:05'),(2056,144,36437797,'Tofu knausgaard etsy salvia park fingerstache before they sold out.','2014-06-10 18:12:39'),(2057,144,19502163,'Everyday etsy sriracha keffiyeh.','2014-06-20 11:54:44'),(2058,144,19502163,'Waistcoat vinyl fixie tumblr tattooed literally.','2014-06-22 09:32:22'),(2059,144,13874798,'Readymade intelligentsia schlitz pinterest retro vinegar sustainable.','2014-07-04 03:17:15'),(2060,144,13874798,'Cardigan everyday vice brunch keffiyeh aesthetic whatever squid.','2014-06-23 19:45:33'),(2061,144,13874798,'Street flannel tilde portland synth irony meh.','2014-06-18 00:18:15'),(2062,144,13874798,'Quinoa tofu kitsch thundercats small batch hella pop-up.','2014-06-30 15:28:00'),(2063,145,28744986,'Squid street whatever you probably haven\'t heard of them authentic vinegar vice typewriter umami.','2012-07-04 03:07:33'),(2064,145,28744986,'Slow-carb diy heirloom readymade brunch pickled shabby chic banh mi asymmetrical.','2012-07-15 23:53:22'),(2065,145,28744986,'Sriracha biodiesel quinoa asymmetrical tilde mustache tote bag.','2012-07-14 05:19:40'),(2066,145,38822468,'Banjo hashtag disrupt keytar gluten-free.','2012-07-22 10:42:03'),(2067,145,38822468,'Williamsburg cleanse occupy health normcore 8-bit farm-to-table chia.','2012-07-03 02:06:40'),(2068,145,38822468,'Cleanse truffaut chia bitters bespoke cliche echo lumbersexual.','2012-07-26 22:47:47'),(2069,145,38822468,'Vinegar distillery cardigan pour-over kinfolk fixie chillwave biodiesel.','2012-07-16 20:42:39'),(2070,145,24158751,'Heirloom beard pop-up keffiyeh pitchfork 3 wolf moon yr flannel semiotics.','2012-07-29 18:05:12'),(2071,145,24158751,'Kitsch cred next level keytar neutra put a bird on it.','2012-07-15 15:39:10'),(2072,145,24158751,'Selvage sriracha gluten-free venmo iphone raw denim.','2012-07-17 04:14:22'),(2073,145,24158751,'Pug biodiesel vice marfa beard retro viral scenester.','2012-07-18 08:40:20'),(2074,145,25026636,'Venmo leggings chicharrones iphone.','2012-07-07 09:15:03'),(2075,145,25026636,'Messenger bag vinyl pinterest park pitchfork pop-up cleanse.','2012-07-10 00:28:39'),(2076,145,25026636,'Fashion axe kogi fanny pack tacos next level messenger bag five dollar toast.','2012-07-23 00:08:47'),(2077,145,16606870,'Tilde thundercats pug wayfarers cronut vinegar fap kinfolk migas.','2012-07-31 06:23:24'),(2078,145,16606870,'Small batch 8-bit chambray xoxo keytar cleanse chillwave marfa bitters.','2012-07-20 17:37:17'),(2079,145,16606870,'Tumblr echo intelligentsia salvia seitan health.','2012-07-21 13:51:01'),(2080,145,16606870,'Hashtag knausgaard small batch pickled.','2012-07-18 10:37:03'),(2081,145,16606870,'Before they sold out park meggings forage ramps.','2012-07-14 18:58:02'),(2082,145,40796972,'Listicle aesthetic pug yuccie brunch ramps vhs hella single-origin coffee.','2012-07-05 19:39:12'),(2083,145,40796972,'Neutra vinegar bitters meh.','2012-07-27 20:50:38'),(2084,145,40796972,'Craft beer cred seitan fingerstache knausgaard.','2012-07-16 11:31:01'),(2085,145,40796972,'Marfa sustainable drinking single-origin coffee offal chicharrones austin food truck semiotics.','2012-07-14 10:07:51'),(2086,145,40830695,'Crucifix banh mi ramps everyday.','2012-07-11 06:54:54'),(2087,145,40830695,'Stumptown messenger bag venmo freegan goth gluten-free crucifix tote bag.','2012-07-13 06:27:42'),(2088,145,40830695,'Cronut vinyl salvia carry tattooed.','2012-07-03 09:32:28'),(2089,145,40830695,'Echo 90\'s gentrify organic next level health gluten-free park.','2012-07-03 08:18:40'),(2090,146,21795170,'Banh mi normcore kitsch ugh pickled post-ironic.','2013-12-21 01:12:14'),(2091,146,21795170,'Cold-pressed butcher keffiyeh mlkshk fanny pack dreamcatcher viral.','2013-12-11 05:29:55'),(2092,146,21795170,'Chia fanny pack farm-to-table pinterest 3 wolf moon bitters listicle authentic.','2013-12-08 12:01:25'),(2093,146,21795170,'Brunch mumblecore cray narwhal freegan actually tacos meggings mlkshk.','2013-12-04 19:17:08'),(2094,146,21795170,'Park intelligentsia bicycle rights next level distillery microdosing gastropub ramps carry.','2013-12-23 22:17:41'),(2095,146,35663695,'Health whatever swag xoxo vhs art party bitters fashion axe.','2013-12-26 00:49:47'),(2096,146,35663695,'Chia five dollar toast meditation tumblr distillery.','2013-12-26 16:13:00'),(2097,146,35663695,'Roof selfies pabst readymade vinegar intelligentsia plaid pug.','2013-12-12 00:24:47'),(2098,146,35663695,'Poutine ramps chambray biodiesel celiac kale chips wes anderson banjo.','2013-12-15 04:54:46'),(2099,146,26942691,'Sartorial venmo kale chips gluten-free vhs 90\'s diy freegan.','2013-12-16 01:05:33'),(2100,146,26942691,'Salvia williamsburg yuccie meh.','2013-12-16 18:46:45'),(2101,146,26942691,'Beard listicle portland bicycle rights locavore lo-fi.','2013-12-13 07:44:34'),(2102,146,38967456,'Polaroid art party chartreuse park green juice pinterest.','2013-12-03 01:47:45'),(2103,146,38967456,'Occupy ennui blue bottle gastropub 90\'s mlkshk locavore keytar.','2013-12-03 18:15:05'),(2104,147,17417105,'Trust fund forage butcher hoodie literally whatever direct trade tacos readymade.','2012-01-03 11:19:30'),(2105,147,17417105,'Wes anderson waistcoat meditation tousled pork belly salvia godard squid chillwave.','2012-01-12 21:40:20'),(2106,147,17417105,'Chia farm-to-table pop-up cliche cleanse.','2012-01-12 02:45:52'),(2107,147,17417105,'Butcher tousled kickstarter everyday semiotics.','2012-01-14 23:35:12'),(2108,147,17417105,'Diy mumblecore goth actually single-origin coffee sartorial meh.','2012-01-02 18:20:03'),(2109,147,31209505,'Semiotics letterpress salvia aesthetic.','2012-01-04 04:07:20'),(2110,147,31209505,'Hammock williamsburg salvia blue bottle neutra plaid meh meggings green juice.','2012-01-05 10:33:50'),(2111,147,33012449,'Try-hard chambray salvia letterpress.','2011-12-23 08:42:18'),(2112,147,33012449,'Bushwick pop-up tacos whatever post-ironic polaroid intelligentsia mustache meditation.','2011-12-27 11:21:32'),(2113,147,41797133,'Street beard fanny pack seitan banjo.','2012-01-05 07:55:55'),(2114,147,41797133,'Yr ethical everyday pour-over cleanse semiotics farm-to-table.','2012-01-07 22:16:31'),(2115,147,41797133,'Poutine pour-over post-ironic disrupt portland semiotics.','2012-01-14 15:19:45'),(2116,147,23367123,'Chillwave semiotics craft beer schlitz twee listicle lo-fi vinyl tousled.','2011-12-19 06:10:11'),(2117,147,23367123,'Sartorial polaroid echo sriracha quinoa fingerstache art party kombucha.','2012-01-02 20:57:06'),(2118,147,23175153,'Ennui ramps direct trade park pop-up keffiyeh poutine irony.','2012-01-04 23:43:05'),(2119,147,23175153,'Hella readymade cardigan chicharrones put a bird on it.','2012-01-13 15:50:12'),(2120,147,23175153,'Vhs selfies kale chips dreamcatcher.','2011-12-30 12:25:20'),(2121,147,23175153,'Cardigan cronut bitters chia humblebrag leggings franzen portland.','2012-01-01 17:03:23'),(2122,147,15991878,'Shabby chic tattooed hammock gentrify truffaut diy farm-to-table.','2011-12-23 21:28:56'),(2123,147,15991878,'Pitchfork umami normcore narwhal kombucha.','2012-01-10 01:03:47'),(2124,147,15991878,'Celiac hammock wayfarers post-ironic.','2011-12-20 19:29:11'),(2125,148,44964142,'Stumptown chicharrones pork belly marfa.','2015-03-30 04:51:05'),(2126,148,44964142,'Beard narwhal meh ethical mumblecore.','2015-04-01 06:57:09'),(2127,148,44964142,'Locavore chillwave artisan mustache vinegar scenester selfies pop-up sustainable.','2015-03-19 06:22:58'),(2128,148,44964142,'Craft beer salvia green juice tacos photo booth.','2015-03-20 14:24:50'),(2129,148,44964142,'Helvetica diy etsy farm-to-table.','2015-03-06 18:07:30'),(2130,148,12818808,'Pug vhs bitters gentrify intelligentsia.','2015-04-02 22:57:30'),(2131,148,12818808,'Craft beer helvetica yr farm-to-table microdosing fixie butcher.','2015-03-29 21:07:56'),(2132,148,12818808,'Synth pop-up aesthetic butcher ennui wes anderson craft beer.','2015-03-29 09:51:14'),(2133,148,12818808,'Drinking cardigan cornhole keytar master authentic.','2015-03-10 06:35:20'),(2134,148,12818808,'Dreamcatcher actually scenester shabby chic ugh pbr&b ennui.','2015-04-02 21:53:48'),(2135,148,25620290,'Trust fund carry crucifix intelligentsia readymade taxidermy.','2015-03-22 07:44:00'),(2136,148,25620290,'Skateboard yr sartorial before they sold out waistcoat single-origin coffee.','2015-03-10 18:21:30'),(2137,148,25620290,'Pour-over fanny pack 3 wolf moon lumbersexual gastropub.','2015-03-23 00:29:52'),(2138,148,25620290,'Austin brooklyn tilde shoreditch trust fund sustainable quinoa waistcoat.','2015-03-28 20:03:03'),(2139,148,25620290,'Chartreuse diy sriracha blue bottle.','2015-03-29 23:44:38'),(2140,148,40815559,'Pinterest celiac health slow-carb vice brooklyn raw denim.','2015-03-15 00:32:37'),(2141,148,40815559,'Intelligentsia ugh vinegar franzen dreamcatcher tattooed pork belly yuccie tousled.','2015-03-24 23:42:06'),(2142,148,41712411,'Direct trade blog lumbersexual gentrify meggings hoodie next level cred.','2015-03-08 11:01:22'),(2143,148,41712411,'Viral raw denim thundercats waistcoat tote bag retro aesthetic.','2015-03-09 19:24:25'),(2144,148,37172751,'Chia truffaut skateboard hoodie intelligentsia.','2015-03-07 00:07:27'),(2145,148,37172751,'You probably haven\'t heard of them vinegar beard thundercats ennui disrupt yr.','2015-03-27 19:17:25'),(2146,148,27391079,'Kitsch meditation truffaut hammock yuccie vinyl lomo messenger bag.','2015-03-30 03:27:21'),(2147,148,27391079,'Mustache chicharrones etsy pabst banh mi neutra vegan portland.','2015-03-28 23:35:54'),(2148,148,27391079,'Tumblr lo-fi gastropub blue bottle carry disrupt chia.','2015-03-09 04:15:08'),(2149,148,27391079,'Twee tilde umami knausgaard.','2015-03-27 05:23:23'),(2150,149,41575641,'Lo-fi umami kale chips helvetica kombucha sustainable tattooed echo vinegar.','2015-01-03 13:54:07'),(2151,149,41575641,'Post-ironic goth cardigan shabby chic.','2015-01-06 08:29:43'),(2152,149,41575641,'Vegan vice fanny pack etsy migas.','2015-01-07 04:59:51'),(2153,149,41575641,'Master kombucha next level before they sold out squid chia mustache biodiesel raw denim.','2014-12-30 18:44:35'),(2154,149,41575641,'Kale chips portland iphone farm-to-table polaroid meggings viral chartreuse.','2015-01-03 20:01:38'),(2155,149,39920833,'Seitan xoxo flannel tattooed cray cleanse.','2014-12-12 13:11:46'),(2156,149,39920833,'Synth aesthetic direct trade plaid flexitarian kogi marfa salvia heirloom.','2014-12-13 23:45:15'),(2157,149,39920833,'Occupy forage portland synth you probably haven\'t heard of them.','2015-01-03 16:52:56'),(2158,149,39920833,'Neutra twee viral umami poutine portland pork belly.','2015-01-06 08:11:03'),(2159,149,24385639,'Direct trade paleo park jean shorts kombucha crucifix flexitarian wayfarers master.','2014-12-25 08:05:47'),(2160,149,24385639,'Thundercats put a bird on it tote bag flannel 3 wolf moon.','2014-12-31 19:13:06'),(2161,149,36964824,'Try-hard messenger bag xoxo keytar farm-to-table.','2014-12-23 05:44:20'),(2162,149,36964824,'Deep v kickstarter park paleo try-hard tattooed vinyl.','2014-12-18 06:10:48'),(2163,149,36964824,'Tousled everyday retro normcore mlkshk occupy.','2015-01-07 07:56:48'),(2164,150,45634545,'Bushwick wes anderson scenester locavore pop-up church-key cray.','2015-11-04 09:34:42'),(2165,150,45634545,'Sriracha bespoke craft beer before they sold out chia.','2015-10-26 11:14:56'),(2166,150,29361920,'Cray keytar pabst drinking selfies vice listicle.','2015-10-10 13:44:49'),(2167,150,29361920,'Meggings blue bottle austin park bushwick synth.','2015-10-25 09:20:35'),(2168,150,29361920,'Hella single-origin coffee health cliche austin wes anderson 3 wolf moon banjo everyday.','2015-10-28 14:01:14'),(2169,150,29361920,'Neutra wayfarers pickled church-key godard.','2015-11-03 14:31:24'),(2170,150,29361920,'Brooklyn kombucha xoxo vinegar actually.','2015-10-23 13:37:14'),(2171,151,36884758,'Vinyl organic cold-pressed try-hard kinfolk park venmo.','2015-02-15 23:44:09'),(2172,151,36884758,'Helvetica dreamcatcher scenester narwhal gastropub humblebrag heirloom.','2015-02-06 14:55:42'),(2173,151,36884758,'Butcher forage wayfarers health flannel venmo.','2015-01-20 09:20:16'),(2174,151,44862533,'Post-ironic twee pabst heirloom selfies mlkshk.','2015-01-20 07:46:51'),(2175,151,44862533,'Vice 90\'s twee artisan 8-bit ugh pbr&b flannel.','2015-02-11 14:28:10'),(2176,151,44862533,'Organic pickled semiotics direct trade stumptown.','2015-02-06 13:43:55'),(2177,151,44862533,'Flexitarian venmo green juice dreamcatcher tofu portland bespoke put a bird on it.','2015-02-12 02:22:22'),(2178,151,44862533,'Poutine farm-to-table salvia letterpress.','2015-01-17 03:28:45'),(2179,151,38421411,'Pickled synth cleanse kale chips.','2015-01-26 23:23:29'),(2180,151,38421411,'Yolo sriracha franzen chicharrones.','2015-02-02 22:43:55'),(2181,151,38421411,'Shabby chic shoreditch normcore bicycle rights kitsch single-origin coffee hella swag.','2015-01-28 05:57:36'),(2182,151,38421411,'Authentic ramps carry knausgaard +1.','2015-02-10 11:50:08'),(2183,151,38421411,'Bushwick marfa xoxo butcher 8-bit bitters.','2015-01-28 11:19:48'),(2184,151,29248657,'Gentrify wes anderson raw denim xoxo migas trust fund kitsch vegan diy.','2015-02-10 19:18:58'),(2185,151,29248657,'Sriracha sartorial biodiesel umami pabst forage letterpress keytar fingerstache.','2015-02-12 21:49:45'),(2186,151,29248657,'Godard gastropub +1 pabst actually aesthetic.','2015-02-13 17:05:39'),(2187,151,29248657,'Pabst slow-carb bicycle rights vinyl.','2015-01-30 07:57:03');
/*!40000 ALTER TABLE `eventos` ENABLE KEYS */;
UNLOCK TABLES;

--
-- Table structure for table `evidencias`
--

DROP TABLE IF EXISTS `evidencias`;
/*!40101 SET @saved_cs_client     = @@character_set_client */;
/*!40101 SET character_set_client = utf8 */;
CREATE TABLE `evidencias` (
  `id` int(11) NOT NULL,
  `fecha_ingreso` date NOT NULL,
  `descripcion` char(128) NOT NULL,
  `fecha_encuentro` datetime NOT NULL,
  `fecha_sellado` datetime NOT NULL,
  `caso_id` int(11) NOT NULL,
  PRIMARY KEY (`id`),
  KEY `caso_id` (`caso_id`),
  CONSTRAINT `evidencias_ibfk_1` FOREIGN KEY (`caso_id`) REFERENCES `casos_criminales` (`id`)
) ENGINE=InnoDB DEFAULT CHARSET=utf8;
/*!40101 SET character_set_client = @saved_cs_client */;

--
-- Dumping data for table `evidencias`
--

LOCK TABLES `evidencias` WRITE;
/*!40000 ALTER TABLE `evidencias` DISABLE KEYS */;
INSERT INTO `evidencias` VALUES (1,'2016-01-30','Malta: Caramel','2015-06-18 00:00:00','2016-05-04 00:00:00',1),(2,'2015-06-15','Stilo: German Wheat And Rye Beer','2014-05-20 00:00:00','2016-09-14 00:00:00',1),(3,'2016-05-31','Ibu: 77 IBU','2016-05-30 00:00:00','2016-08-25 00:00:00',1),(4,'2014-09-24','Hop: Willamette','2014-07-17 00:00:00','2015-09-14 00:00:00',1),(5,'2016-09-09','Origen: 1214 - Belgian Abbey','2014-05-17 00:00:00','2016-09-10 00:00:00',1),(6,'2016-09-01','Blg: 8.5°Blg','2016-07-10 00:00:00','2016-09-12 00:00:00',1),(7,'2016-06-15','% de Alcohol: 4.8%','2015-05-11 00:00:00','2016-08-06 00:00:00',1),(8,'2016-06-01','Nombre: Stone IPA','2016-05-01 00:00:00','2016-07-06 00:00:00',2),(9,'2016-02-12','Origen: 1214 - Belgian Abbey','2015-05-13 00:00:00','2016-05-01 00:00:00',2),(10,'2016-09-09','Stilo: German Wheat And Rye Beer','2016-08-18 00:00:00','2016-09-09 00:00:00',2),(11,'2016-03-05','Blg: 8.5°Blg','2016-01-29 00:00:00','2016-05-12 00:00:00',2),(12,'2015-06-20','Ibu: 77 IBU','2015-04-18 00:00:00','2015-08-27 00:00:00',2),(13,'2016-01-18','Malta: Caramel','2014-11-29 00:00:00','2016-06-18 00:00:00',2),(14,'2015-01-08','Ibu: 77 IBU','2013-09-22 00:00:00','2015-05-15 00:00:00',3),(15,'2015-11-02','Nombre: Stone IPA','2012-09-29 00:00:00','2016-06-05 00:00:00',3),(16,'2014-11-04','Blg: 8.5°Blg','2012-07-04 00:00:00','2015-11-21 00:00:00',3),(17,'2016-05-20','Malta: Caramel','2015-01-06 00:00:00','2016-07-23 00:00:00',3),(18,'2016-04-09','% de Alcohol: 4.8%','2016-02-16 00:00:00','2016-04-28 00:00:00',3),(19,'2015-01-17','Malta: Caramel','2014-02-28 00:00:00','2016-01-31 00:00:00',4),(20,'2016-04-07','% de Alcohol: 4.8%','2016-01-19 00:00:00','2016-05-26 00:00:00',5),(21,'2015-05-28','Malta: Caramel','2013-10-09 00:00:00','2015-11-04 00:00:00',5),(22,'2015-09-16','Hop: Willamette','2013-12-20 00:00:00','2016-03-15 00:00:00',5),(23,'2015-11-23','Malta: Caramel','2015-06-10 00:00:00','2015-12-28 00:00:00',7),(24,'2016-08-08','Ibu: 77 IBU','2016-08-08 00:00:00','2016-08-08 00:00:00',7),(25,'2016-01-20','Origen: 1214 - Belgian Abbey','2015-12-05 00:00:00','2016-06-29 00:00:00',7),(26,'2016-08-04','Hop: Willamette','2016-06-15 00:00:00','2016-09-04 00:00:00',7),(27,'2016-03-28','Blg: 8.5°Blg','2015-06-02 00:00:00','2016-06-03 00:00:00',7),(28,'2016-03-19','Stilo: German Wheat And Rye Beer','2015-09-05 00:00:00','2016-04-06 00:00:00',7),(29,'2016-07-27','Stilo: German Wheat And Rye Beer','2016-03-02 00:00:00','2016-08-25 00:00:00',8),(30,'2016-08-23','Ibu: 77 IBU','2014-11-30 00:00:00','2016-08-24 00:00:00',8),(31,'2015-12-15','Origen: 1214 - Belgian Abbey','2015-02-09 00:00:00','2016-05-04 00:00:00',8),(32,'2016-02-12','Blg: 8.5°Blg','2013-11-28 00:00:00','2016-06-22 00:00:00',8),(33,'2015-02-06','% de Alcohol: 4.8%','2013-12-16 00:00:00','2016-04-06 00:00:00',8),(34,'2015-07-09','Hop: Willamette','2015-02-16 00:00:00','2016-05-09 00:00:00',8),(35,'2016-08-21','Ibu: 77 IBU','2014-08-06 00:00:00','2016-08-27 00:00:00',10),(36,'2016-07-31','Blg: 8.5°Blg','2016-04-16 00:00:00','2016-08-18 00:00:00',10),(37,'2016-07-20','Nombre: Stone IPA','2016-05-11 00:00:00','2016-08-27 00:00:00',10),(38,'2015-10-04','Nombre: Stone IPA','2015-06-03 00:00:00','2016-07-30 00:00:00',12),(39,'2016-08-14','Blg: 8.5°Blg','2014-12-15 00:00:00','2016-09-12 00:00:00',12),(40,'2016-09-08','Blg: 8.5°Blg','2016-09-08 00:00:00','2016-09-09 00:00:00',13),(41,'2016-06-12','Ibu: 77 IBU','2016-02-27 00:00:00','2016-08-13 00:00:00',14),(42,'2016-08-08','Malta: Caramel','2015-02-15 00:00:00','2016-08-26 00:00:00',14),(43,'2015-07-09','% de Alcohol: 4.8%','2014-10-06 00:00:00','2016-06-14 00:00:00',14),(44,'2014-10-04','Nombre: Stone IPA','2014-10-02 00:00:00','2014-10-16 00:00:00',14),(45,'2016-02-09','Hop: Willamette','2016-02-06 00:00:00','2016-08-30 00:00:00',15),(46,'2016-06-26','Ibu: 77 IBU','2013-05-07 00:00:00','2016-09-05 00:00:00',15),(47,'2016-06-27','% de Alcohol: 4.8%','2014-10-02 00:00:00','2016-08-27 00:00:00',15),(48,'2016-09-13','Nombre: Stone IPA','2015-11-29 00:00:00','2016-09-14 00:00:00',15),(49,'2015-08-17','Nombre: Stone IPA','2015-07-06 00:00:00','2016-04-04 00:00:00',16),(50,'2016-06-27','Ibu: 77 IBU','2016-05-04 00:00:00','2016-08-26 00:00:00',16),(51,'2015-08-26','Stilo: German Wheat And Rye Beer','2015-08-15 00:00:00','2016-06-06 00:00:00',16),(52,'2016-05-01','Malta: Caramel','2015-01-04 00:00:00','2016-08-01 00:00:00',17),(53,'2016-06-13','Ibu: 77 IBU','2015-04-09 00:00:00','2016-09-10 00:00:00',17),(54,'2016-08-07','Origen: 1214 - Belgian Abbey','2016-01-15 00:00:00','2016-08-10 00:00:00',17),(55,'2016-09-11','Nombre: Stone IPA','2015-07-28 00:00:00','2016-09-12 00:00:00',18),(56,'2015-12-24','Stilo: German Wheat And Rye Beer','2014-11-29 00:00:00','2016-07-13 00:00:00',18),(57,'2016-04-18','Blg: 8.5°Blg','2014-09-30 00:00:00','2016-07-12 00:00:00',18),(58,'2016-08-30','Ibu: 77 IBU','2016-07-18 00:00:00','2016-09-13 00:00:00',18),(59,'2015-08-16','Malta: Caramel','2015-04-09 00:00:00','2016-02-27 00:00:00',18),(60,'2015-07-04','Origen: 1214 - Belgian Abbey','2015-04-16 00:00:00','2015-08-25 00:00:00',18),(61,'2016-04-11','Stilo: German Wheat And Rye Beer','2014-09-17 00:00:00','2016-05-11 00:00:00',20),(62,'2016-02-20','Malta: Caramel','2016-01-09 00:00:00','2016-07-23 00:00:00',21),(63,'2016-05-16','Ibu: 77 IBU','2015-10-01 00:00:00','2016-08-01 00:00:00',21),(64,'2016-09-03','% de Alcohol: 4.8%','2016-03-23 00:00:00','2016-09-14 00:00:00',21),(65,'2015-07-21','Blg: 8.5°Blg','2015-05-14 00:00:00','2015-08-27 00:00:00',22),(66,'2016-08-19','Ibu: 77 IBU','2016-05-01 00:00:00','2016-09-12 00:00:00',23),(67,'2016-09-14','Malta: Caramel','2016-06-13 00:00:00','2016-09-14 00:00:00',23),(68,'2016-09-07','% de Alcohol: 4.8%','2016-07-08 00:00:00','2016-09-12 00:00:00',24),(69,'2016-07-03','Nombre: Stone IPA','2016-05-13 00:00:00','2016-07-21 00:00:00',25),(70,'2016-01-22','% de Alcohol: 4.8%','2015-11-01 00:00:00','2016-04-09 00:00:00',25),(71,'2016-04-26','Blg: 8.5°Blg','2015-06-03 00:00:00','2016-07-07 00:00:00',25),(72,'2016-08-02','Hop: Willamette','2016-07-26 00:00:00','2016-08-30 00:00:00',25),(73,'2016-08-09','% de Alcohol: 4.8%','2016-07-08 00:00:00','2016-08-18 00:00:00',26),(74,'2016-08-12','Origen: 1214 - Belgian Abbey','2016-08-08 00:00:00','2016-08-22 00:00:00',27),(75,'2015-11-13','% de Alcohol: 4.8%','2015-10-31 00:00:00','2016-01-19 00:00:00',27),(76,'2016-05-24','Blg: 8.5°Blg','2015-12-20 00:00:00','2016-06-24 00:00:00',27),(77,'2016-07-04','Malta: Caramel','2016-04-29 00:00:00','2016-09-09 00:00:00',28),(78,'2016-09-11','Stilo: German Wheat And Rye Beer','2015-12-22 00:00:00','2016-09-14 00:00:00',28),(79,'2016-09-13','Blg: 8.5°Blg','2015-01-16 00:00:00','2016-09-13 00:00:00',28),(80,'2016-05-19','Origen: 1214 - Belgian Abbey','2014-11-26 00:00:00','2016-06-02 00:00:00',28),(81,'2016-09-12','Ibu: 77 IBU','2016-07-05 00:00:00','2016-09-13 00:00:00',28),(82,'2016-07-05','Blg: 8.5°Blg','2015-09-09 00:00:00','2016-07-24 00:00:00',29),(83,'2016-07-04','Origen: 1214 - Belgian Abbey','2016-05-06 00:00:00','2016-08-14 00:00:00',29),(84,'2016-09-11','Ibu: 77 IBU','2016-09-10 00:00:00','2016-09-14 00:00:00',29),(85,'2015-12-10','Malta: Caramel','2015-11-02 00:00:00','2016-02-13 00:00:00',29),(86,'2015-10-30','Stilo: German Wheat And Rye Beer','2014-08-30 00:00:00','2016-07-23 00:00:00',29),(87,'2016-01-19','% de Alcohol: 4.8%','2015-08-25 00:00:00','2016-08-11 00:00:00',31),(88,'2016-09-07','Nombre: Stone IPA','2016-08-29 00:00:00','2016-09-14 00:00:00',31),(89,'2016-06-23','% de Alcohol: 4.8%','2013-05-03 00:00:00','2016-07-18 00:00:00',32),(90,'2016-07-03','Stilo: German Wheat And Rye Beer','2016-05-21 00:00:00','2016-07-10 00:00:00',32),(91,'2015-05-18','Origen: 1214 - Belgian Abbey','2014-03-06 00:00:00','2016-06-29 00:00:00',32),(92,'2016-05-19','Nombre: Stone IPA','2015-04-07 00:00:00','2016-08-29 00:00:00',32),(93,'2016-09-14','Origen: 1214 - Belgian Abbey','2014-06-02 00:00:00','2016-09-14 00:00:00',33),(94,'2015-05-04','Stilo: German Wheat And Rye Beer','2013-07-22 00:00:00','2015-09-10 00:00:00',33),(95,'2013-11-02','Malta: Caramel','2013-03-06 00:00:00','2014-05-12 00:00:00',33),(96,'2016-09-08','Blg: 8.5°Blg','2016-07-12 00:00:00','2016-09-11 00:00:00',33),(97,'2016-02-05','Nombre: Stone IPA','2016-02-02 00:00:00','2016-06-27 00:00:00',33),(98,'2016-09-05','Ibu: 77 IBU','2014-06-19 00:00:00','2016-09-08 00:00:00',33),(99,'2016-01-25','Hop: Willamette','2015-07-31 00:00:00','2016-06-15 00:00:00',33),(100,'2016-08-30','% de Alcohol: 4.8%','2016-08-26 00:00:00','2016-09-05 00:00:00',34),(101,'2015-08-16','Blg: 8.5°Blg','2015-01-27 00:00:00','2015-10-15 00:00:00',35),(102,'2015-10-14','Hop: Willamette','2015-05-23 00:00:00','2016-05-21 00:00:00',35),(103,'2016-04-27','Stilo: German Wheat And Rye Beer','2015-01-13 00:00:00','2016-05-04 00:00:00',35),(104,'2015-12-20','Nombre: Stone IPA','2015-02-24 00:00:00','2016-04-04 00:00:00',35),(105,'2016-07-29','Origen: 1214 - Belgian Abbey','2016-05-05 00:00:00','2016-07-30 00:00:00',35),(106,'2016-08-28','% de Alcohol: 4.8%','2016-08-03 00:00:00','2016-09-04 00:00:00',35),(107,'2016-08-29','Hop: Willamette','2016-03-23 00:00:00','2016-09-13 00:00:00',36),(108,'2016-02-09','Ibu: 77 IBU','2015-07-21 00:00:00','2016-09-03 00:00:00',36),(109,'2016-09-01','Nombre: Stone IPA','2016-07-22 00:00:00','2016-09-10 00:00:00',36),(110,'2016-09-03','Origen: 1214 - Belgian Abbey','2016-06-06 00:00:00','2016-09-09 00:00:00',36),(111,'2016-09-09','Malta: Caramel','2016-07-14 00:00:00','2016-09-10 00:00:00',36),(112,'2016-03-16','Ibu: 77 IBU','2015-09-13 00:00:00','2016-05-11 00:00:00',37),(113,'2016-06-26','% de Alcohol: 4.8%','2015-06-07 00:00:00','2016-08-09 00:00:00',37),(114,'2016-03-22','Stilo: German Wheat And Rye Beer','2015-11-08 00:00:00','2016-06-12 00:00:00',37),(115,'2016-08-09','Hop: Willamette','2015-10-16 00:00:00','2016-08-21 00:00:00',38),(116,'2015-02-14','Nombre: Stone IPA','2014-09-02 00:00:00','2016-08-16 00:00:00',38),(117,'2016-01-20','Origen: 1214 - Belgian Abbey','2015-03-23 00:00:00','2016-05-07 00:00:00',39),(118,'2016-09-02','% de Alcohol: 4.8%','2016-05-28 00:00:00','2016-09-05 00:00:00',39),(119,'2016-09-01','Stilo: German Wheat And Rye Beer','2016-07-16 00:00:00','2016-09-07 00:00:00',39),(120,'2016-07-15','Nombre: Stone IPA','2015-12-23 00:00:00','2016-08-13 00:00:00',40),(121,'2016-07-22','Blg: 8.5°Blg','2015-12-24 00:00:00','2016-08-11 00:00:00',40),(122,'2016-08-08','Origen: 1214 - Belgian Abbey','2015-10-28 00:00:00','2016-09-02 00:00:00',40),(123,'2016-07-25','Hop: Willamette','2015-02-13 00:00:00','2016-08-28 00:00:00',40),(124,'2016-05-06','Malta: Caramel','2015-07-02 00:00:00','2016-09-06 00:00:00',40),(125,'2016-08-19','% de Alcohol: 4.8%','2016-03-21 00:00:00','2016-09-11 00:00:00',40),(126,'2015-11-12','Ibu: 77 IBU','2015-07-09 00:00:00','2016-06-26 00:00:00',40),(127,'2016-07-22','Stilo: German Wheat And Rye Beer','2016-06-27 00:00:00','2016-08-16 00:00:00',41),(128,'2016-08-29','Malta: Caramel','2016-07-06 00:00:00','2016-09-01 00:00:00',41),(129,'2016-06-27','Blg: 8.5°Blg','2016-03-31 00:00:00','2016-07-31 00:00:00',41),(130,'2016-08-14','% de Alcohol: 4.8%','2016-06-15 00:00:00','2016-08-19 00:00:00',41),(131,'2016-08-24','Origen: 1214 - Belgian Abbey','2016-07-09 00:00:00','2016-08-25 00:00:00',41),(132,'2015-04-22','Malta: Caramel','2015-02-23 00:00:00','2015-11-09 00:00:00',42),(133,'2016-03-27','Ibu: 77 IBU','2012-10-13 00:00:00','2016-08-23 00:00:00',42),(134,'2016-08-06','Blg: 8.5°Blg','2016-04-12 00:00:00','2016-09-05 00:00:00',42),(135,'2016-08-31','Nombre: Stone IPA','2015-03-01 00:00:00','2016-08-31 00:00:00',42),(136,'2014-08-03','Origen: 1214 - Belgian Abbey','2013-10-10 00:00:00','2015-02-09 00:00:00',42),(137,'2016-03-12','% de Alcohol: 4.8%','2014-05-29 00:00:00','2016-05-30 00:00:00',42),(138,'2013-12-09','Stilo: German Wheat And Rye Beer','2013-06-14 00:00:00','2014-11-13 00:00:00',42),(139,'2016-09-13','Blg: 8.5°Blg','2016-09-12 00:00:00','2016-09-13 00:00:00',44),(140,'2016-08-28','Hop: Willamette','2016-08-24 00:00:00','2016-09-04 00:00:00',44),(141,'2016-09-09','Nombre: Stone IPA','2016-09-09 00:00:00','2016-09-09 00:00:00',44),(142,'2016-09-12','Stilo: German Wheat And Rye Beer','2016-09-10 00:00:00','2016-09-13 00:00:00',44),(143,'2016-08-28','% de Alcohol: 4.8%','2016-08-19 00:00:00','2016-08-29 00:00:00',44),(144,'2016-09-02','Origen: 1214 - Belgian Abbey','2016-08-19 00:00:00','2016-09-03 00:00:00',45),(145,'2016-09-10','Nombre: Stone IPA','2016-09-10 00:00:00','2016-09-13 00:00:00',45),(146,'2016-09-10','Ibu: 77 IBU','2016-07-25 00:00:00','2016-09-12 00:00:00',45),(147,'2016-09-13','Blg: 8.5°Blg','2016-09-13 00:00:00','2016-09-13 00:00:00',45),(148,'2016-01-02','% de Alcohol: 4.8%','2015-11-03 00:00:00','2016-02-25 00:00:00',46),(149,'2016-01-30','Origen: 1214 - Belgian Abbey','2015-12-17 00:00:00','2016-07-25 00:00:00',46),(150,'2016-02-16','Malta: Caramel','2015-10-21 00:00:00','2016-08-12 00:00:00',46),(151,'2016-06-18','Hop: Willamette','2016-05-16 00:00:00','2016-06-21 00:00:00',47),(152,'2016-09-03','Origen: 1214 - Belgian Abbey','2016-04-30 00:00:00','2016-09-12 00:00:00',47),(153,'2016-08-30','% de Alcohol: 4.8%','2016-08-04 00:00:00','2016-09-05 00:00:00',47),(154,'2016-08-05','Nombre: Stone IPA','2016-06-01 00:00:00','2016-09-12 00:00:00',47),(155,'2016-05-11','Ibu: 77 IBU','2016-04-11 00:00:00','2016-07-28 00:00:00',47),(156,'2016-09-12','Hop: Willamette','2016-09-09 00:00:00','2016-09-13 00:00:00',48),(157,'2016-06-05','Blg: 8.5°Blg','2015-09-09 00:00:00','2016-08-29 00:00:00',48),(158,'2016-09-08','Malta: Caramel','2016-08-20 00:00:00','2016-09-09 00:00:00',48),(159,'2016-03-24','Nombre: Stone IPA','2015-07-27 00:00:00','2016-05-01 00:00:00',48),(160,'2016-03-13','Stilo: German Wheat And Rye Beer','2016-02-15 00:00:00','2016-05-25 00:00:00',48),(161,'2016-08-25','Origen: 1214 - Belgian Abbey','2016-05-20 00:00:00','2016-09-11 00:00:00',48),(162,'2014-08-20','Nombre: Stone IPA','2013-08-26 00:00:00','2015-11-01 00:00:00',49),(163,'2015-03-11','Ibu: 77 IBU','2015-02-22 00:00:00','2015-07-26 00:00:00',49),(164,'2015-10-09','Blg: 8.5°Blg','2014-08-20 00:00:00','2015-11-19 00:00:00',50),(165,'2015-11-28','Origen: 1214 - Belgian Abbey','2015-10-08 00:00:00','2016-08-28 00:00:00',50),(166,'2016-05-24','Malta: Caramel','2015-05-12 00:00:00','2016-06-27 00:00:00',50),(167,'2014-10-19','Stilo: German Wheat And Rye Beer','2013-09-23 00:00:00','2016-02-26 00:00:00',50),(168,'2016-02-05','Hop: Willamette','2014-10-24 00:00:00','2016-04-11 00:00:00',50),(169,'2016-09-14','% de Alcohol: 4.8%','2016-09-14 00:00:00','2016-09-14 00:00:00',50),(170,'2016-07-31','Ibu: 77 IBU','2014-08-24 00:00:00','2016-08-27 00:00:00',50),(171,'2014-09-01','Origen: 1214 - Belgian Abbey','2013-04-13 00:00:00','2014-10-21 00:00:00',51),(172,'2016-09-09','Stilo: German Wheat And Rye Beer','2016-06-23 00:00:00','2016-09-09 00:00:00',51),(173,'2016-03-26','Blg: 8.5°Blg','2014-01-14 00:00:00','2016-06-25 00:00:00',51),(174,'2015-04-16','Ibu: 77 IBU','2012-11-06 00:00:00','2015-06-16 00:00:00',52),(175,'2016-09-14','Blg: 8.5°Blg','2016-09-08 00:00:00','2016-09-14 00:00:00',53),(176,'2016-01-05','Ibu: 77 IBU','2015-08-08 00:00:00','2016-02-13 00:00:00',53),(177,'2016-04-15','Nombre: Stone IPA','2015-11-06 00:00:00','2016-05-06 00:00:00',53),(178,'2015-02-01','Hop: Willamette','2014-10-01 00:00:00','2016-05-15 00:00:00',54),(179,'2014-07-26','Malta: Caramel','2012-08-28 00:00:00','2014-12-10 00:00:00',54),(180,'2015-04-03','Stilo: German Wheat And Rye Beer','2013-12-08 00:00:00','2016-06-15 00:00:00',54),(181,'2013-12-17','Origen: 1214 - Belgian Abbey','2012-02-03 00:00:00','2014-08-22 00:00:00',54),(182,'2015-07-22','% de Alcohol: 4.8%','2015-07-19 00:00:00','2015-10-08 00:00:00',54),(183,'2016-08-04','Nombre: Stone IPA','2016-03-17 00:00:00','2016-08-25 00:00:00',54),(184,'2015-09-25','Blg: 8.5°Blg','2014-07-11 00:00:00','2016-02-12 00:00:00',54),(185,'2016-06-06','Hop: Willamette','2015-09-25 00:00:00','2016-06-19 00:00:00',55),(186,'2016-02-26','Ibu: 77 IBU','2015-12-19 00:00:00','2016-08-22 00:00:00',55),(187,'2016-08-28','% de Alcohol: 4.8%','2015-08-16 00:00:00','2016-08-29 00:00:00',55),(188,'2016-09-14','Malta: Caramel','2016-09-14 00:00:00','2016-09-14 00:00:00',55),(189,'2016-04-02','Stilo: German Wheat And Rye Beer','2015-09-17 00:00:00','2016-08-09 00:00:00',55),(190,'2016-08-04','Blg: 8.5°Blg','2016-04-15 00:00:00','2016-09-12 00:00:00',55),(191,'2016-05-17','Nombre: Stone IPA','2015-10-08 00:00:00','2016-06-08 00:00:00',55),(192,'2014-07-07','Nombre: Stone IPA','2014-06-25 00:00:00','2014-09-07 00:00:00',56),(193,'2015-10-18','Stilo: German Wheat And Rye Beer','2015-05-09 00:00:00','2015-11-06 00:00:00',56),(194,'2015-06-09','% de Alcohol: 4.8%','2014-08-06 00:00:00','2016-07-13 00:00:00',56),(195,'2015-11-07','Hop: Willamette','2014-07-02 00:00:00','2016-01-31 00:00:00',56),(196,'2015-01-14','Ibu: 77 IBU','2014-06-04 00:00:00','2016-09-07 00:00:00',56),(197,'2016-01-14','Malta: Caramel','2015-11-08 00:00:00','2016-03-31 00:00:00',56),(198,'2016-06-15','Origen: 1214 - Belgian Abbey','2016-02-05 00:00:00','2016-08-29 00:00:00',56),(199,'2016-05-18','Blg: 8.5°Blg','2015-01-10 00:00:00','2016-06-14 00:00:00',57),(200,'2016-08-26','Malta: Caramel','2016-01-29 00:00:00','2016-08-30 00:00:00',58),(201,'2015-11-06','Hop: Willamette','2015-03-15 00:00:00','2015-12-15 00:00:00',58),(202,'2015-12-20','% de Alcohol: 4.8%','2015-11-13 00:00:00','2016-01-22 00:00:00',58),(203,'2016-08-31','Ibu: 77 IBU','2015-11-10 00:00:00','2016-09-09 00:00:00',58),(204,'2016-08-28','Origen: 1214 - Belgian Abbey','2016-07-22 00:00:00','2016-08-29 00:00:00',58),(205,'2016-09-14','Stilo: German Wheat And Rye Beer','2015-11-12 00:00:00','2016-09-14 00:00:00',58),(206,'2016-04-16','Nombre: Stone IPA','2016-01-30 00:00:00','2016-07-20 00:00:00',58),(207,'2016-03-17','Hop: Willamette','2016-01-10 00:00:00','2016-04-12 00:00:00',59),(208,'2016-03-22','Stilo: German Wheat And Rye Beer','2015-06-24 00:00:00','2016-05-11 00:00:00',60),(209,'2013-04-28','Nombre: Stone IPA','2012-07-30 00:00:00','2014-04-01 00:00:00',61),(210,'2014-02-15','Hop: Willamette','2013-08-22 00:00:00','2016-07-07 00:00:00',61),(211,'2015-10-03','Malta: Caramel','2015-05-03 00:00:00','2016-01-05 00:00:00',61),(212,'2016-01-03','Ibu: 77 IBU','2015-04-07 00:00:00','2016-01-16 00:00:00',61),(213,'2016-09-13','Stilo: German Wheat And Rye Beer','2016-09-01 00:00:00','2016-09-14 00:00:00',62),(214,'2016-08-28','Origen: 1214 - Belgian Abbey','2016-08-24 00:00:00','2016-09-05 00:00:00',63),(215,'2016-07-28','Hop: Willamette','2016-07-07 00:00:00','2016-08-20 00:00:00',63),(216,'2016-06-12','Malta: Caramel','2016-01-14 00:00:00','2016-09-02 00:00:00',63),(217,'2016-09-14','Blg: 8.5°Blg','2015-11-11 00:00:00','2016-09-14 00:00:00',63),(218,'2016-06-23','Nombre: Stone IPA','2016-06-03 00:00:00','2016-09-08 00:00:00',63),(219,'2016-08-17','Ibu: 77 IBU','2016-07-18 00:00:00','2016-08-29 00:00:00',63),(220,'2016-08-24','Ibu: 77 IBU','2016-08-11 00:00:00','2016-08-25 00:00:00',64),(221,'2016-06-26','Blg: 8.5°Blg','2015-10-01 00:00:00','2016-08-09 00:00:00',64),(222,'2016-07-25','Blg: 8.5°Blg','2016-07-10 00:00:00','2016-08-03 00:00:00',65),(223,'2016-04-11','Origen: 1214 - Belgian Abbey','2016-04-04 00:00:00','2016-07-05 00:00:00',65),(224,'2016-09-13','Ibu: 77 IBU','2016-09-10 00:00:00','2016-09-14 00:00:00',65),(225,'2015-07-17','Nombre: Stone IPA','2014-09-14 00:00:00','2015-09-06 00:00:00',66),(226,'2016-02-22','Ibu: 77 IBU','2015-08-01 00:00:00','2016-09-09 00:00:00',66),(227,'2016-01-09','Blg: 8.5°Blg','2016-01-03 00:00:00','2016-01-30 00:00:00',66),(228,'2016-09-08','Origen: 1214 - Belgian Abbey','2015-07-01 00:00:00','2016-09-08 00:00:00',67),(229,'2016-05-27','Stilo: German Wheat And Rye Beer','2016-04-29 00:00:00','2016-06-16 00:00:00',67),(230,'2016-05-03','Blg: 8.5°Blg','2015-09-13 00:00:00','2016-09-13 00:00:00',67),(231,'2015-06-11','Ibu: 77 IBU','2015-04-24 00:00:00','2015-09-14 00:00:00',67),(232,'2016-09-09','% de Alcohol: 4.8%','2015-08-04 00:00:00','2016-09-14 00:00:00',67),(233,'2016-03-18','Nombre: Stone IPA','2016-02-13 00:00:00','2016-04-01 00:00:00',68),(234,'2016-05-23','Origen: 1214 - Belgian Abbey','2016-02-29 00:00:00','2016-07-17 00:00:00',68),(235,'2016-05-27','Stilo: German Wheat And Rye Beer','2016-03-04 00:00:00','2016-09-03 00:00:00',68),(236,'2015-12-19','Malta: Caramel','2015-10-07 00:00:00','2016-02-12 00:00:00',68),(237,'2012-09-07','Hop: Willamette','2012-04-11 00:00:00','2015-04-18 00:00:00',69),(238,'2015-11-21','Nombre: Stone IPA','2015-10-05 00:00:00','2016-03-16 00:00:00',69),(239,'2015-10-30','Origen: 1214 - Belgian Abbey','2014-01-17 00:00:00','2016-01-01 00:00:00',69),(240,'2013-03-13','% de Alcohol: 4.8%','2012-03-08 00:00:00','2014-01-06 00:00:00',69),(241,'2016-02-09','Blg: 8.5°Blg','2015-03-19 00:00:00','2016-04-26 00:00:00',69),(242,'2016-07-18','Ibu: 77 IBU','2016-03-19 00:00:00','2016-09-03 00:00:00',69),(243,'2016-08-08','Malta: Caramel','2014-01-02 00:00:00','2016-08-22 00:00:00',69),(244,'2016-04-14','% de Alcohol: 4.8%','2015-10-23 00:00:00','2016-08-28 00:00:00',70),(245,'2016-09-07','Blg: 8.5°Blg','2016-08-27 00:00:00','2016-09-08 00:00:00',70),(246,'2016-06-08','Nombre: Stone IPA','2016-03-19 00:00:00','2016-07-27 00:00:00',70),(247,'2016-04-19','Ibu: 77 IBU','2015-12-21 00:00:00','2016-06-06 00:00:00',70),(248,'2016-04-21','Stilo: German Wheat And Rye Beer','2015-09-30 00:00:00','2016-07-17 00:00:00',71),(249,'2016-05-27','Blg: 8.5°Blg','2014-09-25 00:00:00','2016-05-31 00:00:00',71),(250,'2016-05-02','Nombre: Stone IPA','2013-09-26 00:00:00','2016-09-08 00:00:00',71),(251,'2016-09-12','Ibu: 77 IBU','2015-06-01 00:00:00','2016-09-12 00:00:00',71),(252,'2016-08-02','Stilo: German Wheat And Rye Beer','2016-06-18 00:00:00','2016-08-29 00:00:00',72),(253,'2016-03-05','% de Alcohol: 4.8%','2015-06-06 00:00:00','2016-08-07 00:00:00',72),(254,'2016-07-03','Hop: Willamette','2016-05-09 00:00:00','2016-09-13 00:00:00',72),(255,'2016-04-16','Nombre: Stone IPA','2015-08-07 00:00:00','2016-04-19 00:00:00',72),(256,'2016-09-14','Blg: 8.5°Blg','2016-09-14 00:00:00','2016-09-14 00:00:00',73),(257,'2016-08-20','Hop: Willamette','2016-04-16 00:00:00','2016-08-25 00:00:00',74),(258,'2016-06-23','Blg: 8.5°Blg','2015-10-23 00:00:00','2016-07-06 00:00:00',74),(259,'2016-09-09','Nombre: Stone IPA','2016-06-25 00:00:00','2016-09-12 00:00:00',74),(260,'2016-04-23','Stilo: German Wheat And Rye Beer','2014-02-17 00:00:00','2016-05-27 00:00:00',75),(261,'2016-04-29','Nombre: Stone IPA','2015-08-15 00:00:00','2016-08-07 00:00:00',75),(262,'2016-06-23','% de Alcohol: 4.8%','2016-05-24 00:00:00','2016-08-30 00:00:00',75),(263,'2014-10-19','Ibu: 77 IBU','2014-09-05 00:00:00','2016-09-12 00:00:00',75),(264,'2015-11-20','Origen: 1214 - Belgian Abbey','2015-08-04 00:00:00','2016-03-07 00:00:00',75),(265,'2016-05-17','Malta: Caramel','2016-03-21 00:00:00','2016-06-07 00:00:00',76),(266,'2016-09-12','Ibu: 77 IBU','2016-09-09 00:00:00','2016-09-13 00:00:00',76),(267,'2016-09-14','Nombre: Stone IPA','2016-08-18 00:00:00','2016-09-14 00:00:00',77),(268,'2016-02-14','Malta: Caramel','2015-11-10 00:00:00','2016-04-27 00:00:00',77),(269,'2015-12-01','% de Alcohol: 4.8%','2015-04-11 00:00:00','2016-04-08 00:00:00',77),(270,'2015-04-22','Blg: 8.5°Blg','2014-05-04 00:00:00','2016-05-28 00:00:00',77),(271,'2015-05-27','Stilo: German Wheat And Rye Beer','2015-04-12 00:00:00','2015-10-03 00:00:00',77),(272,'2016-04-23','Origen: 1214 - Belgian Abbey','2016-02-26 00:00:00','2016-05-09 00:00:00',81),(273,'2015-11-19','Ibu: 77 IBU','2015-09-17 00:00:00','2016-08-18 00:00:00',81),(274,'2016-06-04','Stilo: German Wheat And Rye Beer','2016-03-26 00:00:00','2016-08-08 00:00:00',81),(275,'2016-06-12','Nombre: Stone IPA','2016-01-16 00:00:00','2016-08-29 00:00:00',81),(276,'2016-06-16','Malta: Caramel','2015-09-28 00:00:00','2016-06-25 00:00:00',81),(277,'2015-04-02','Blg: 8.5°Blg','2014-01-22 00:00:00','2016-07-06 00:00:00',83),(278,'2014-12-02','% de Alcohol: 4.8%','2014-01-17 00:00:00','2015-04-10 00:00:00',83),(279,'2015-03-22','Malta: Caramel','2015-01-26 00:00:00','2015-04-15 00:00:00',83),(280,'2015-09-08','Hop: Willamette','2015-05-23 00:00:00','2016-01-29 00:00:00',83),(281,'2014-03-20','Stilo: German Wheat And Rye Beer','2013-08-30 00:00:00','2015-03-25 00:00:00',83),(282,'2015-06-11','Nombre: Stone IPA','2014-11-17 00:00:00','2016-01-22 00:00:00',83),(283,'2015-09-29','Ibu: 77 IBU','2015-09-12 00:00:00','2015-10-19 00:00:00',83),(284,'2016-06-02','Nombre: Stone IPA','2013-07-18 00:00:00','2016-08-22 00:00:00',85),(285,'2016-03-20','Ibu: 77 IBU','2014-04-06 00:00:00','2016-04-21 00:00:00',85),(286,'2016-09-02','Origen: 1214 - Belgian Abbey','2015-04-16 00:00:00','2016-09-11 00:00:00',85),(287,'2016-09-12','Stilo: German Wheat And Rye Beer','2015-07-24 00:00:00','2016-09-13 00:00:00',85),(288,'2016-03-21','Origen: 1214 - Belgian Abbey','2014-08-30 00:00:00','2016-07-29 00:00:00',86),(289,'2016-06-13','Stilo: German Wheat And Rye Beer','2016-02-26 00:00:00','2016-07-14 00:00:00',87),(290,'2016-01-19','Nombre: Stone IPA','2015-11-18 00:00:00','2016-05-27 00:00:00',87),(291,'2016-08-01','Origen: 1214 - Belgian Abbey','2016-02-15 00:00:00','2016-08-30 00:00:00',87),(292,'2016-01-24','Malta: Caramel','2015-12-15 00:00:00','2016-04-06 00:00:00',87),(293,'2016-03-28','Hop: Willamette','2016-03-08 00:00:00','2016-05-05 00:00:00',87),(294,'2016-08-24','% de Alcohol: 4.8%','2016-06-09 00:00:00','2016-09-06 00:00:00',87),(295,'2016-01-01','Ibu: 77 IBU','2015-12-28 00:00:00','2016-01-13 00:00:00',87),(296,'2013-11-06','Origen: 1214 - Belgian Abbey','2012-05-04 00:00:00','2014-01-05 00:00:00',88),(297,'2016-06-19','Malta: Caramel','2014-02-07 00:00:00','2016-08-10 00:00:00',88),(298,'2014-06-28','Ibu: 77 IBU','2012-03-02 00:00:00','2015-06-04 00:00:00',88),(299,'2015-10-26','Stilo: German Wheat And Rye Beer','2015-06-13 00:00:00','2016-05-07 00:00:00',88),(300,'2013-03-25','Blg: 8.5°Blg','2012-07-02 00:00:00','2013-10-28 00:00:00',88),(301,'2015-08-26','% de Alcohol: 4.8%','2015-05-31 00:00:00','2016-05-26 00:00:00',88),(302,'2014-06-05','Nombre: Stone IPA','2014-03-13 00:00:00','2015-05-13 00:00:00',88),(303,'2014-01-01','Origen: 1214 - Belgian Abbey','2013-10-05 00:00:00','2016-07-03 00:00:00',89),(304,'2016-03-28','Hop: Willamette','2016-02-19 00:00:00','2016-07-06 00:00:00',89),(305,'2015-07-31','Nombre: Stone IPA','2014-01-15 00:00:00','2016-04-14 00:00:00',89),(306,'2013-02-06','Stilo: German Wheat And Rye Beer','2012-11-07 00:00:00','2016-05-13 00:00:00',89),(307,'2016-02-11','Ibu: 77 IBU','2015-04-13 00:00:00','2016-05-18 00:00:00',90),(308,'2016-07-28','Nombre: Stone IPA','2016-07-25 00:00:00','2016-08-30 00:00:00',90),(309,'2016-04-02','Origen: 1214 - Belgian Abbey','2016-01-30 00:00:00','2016-09-04 00:00:00',90),(310,'2016-03-17','% de Alcohol: 4.8%','2015-04-03 00:00:00','2016-08-30 00:00:00',91),(311,'2016-07-27','Nombre: Stone IPA','2016-03-14 00:00:00','2016-09-04 00:00:00',91),(312,'2016-09-13','Origen: 1214 - Belgian Abbey','2016-09-12 00:00:00','2016-09-14 00:00:00',92),(313,'2016-09-14','% de Alcohol: 4.8%','2016-09-11 00:00:00','2016-09-14 00:00:00',92),(314,'2016-09-12','Malta: Caramel','2016-09-11 00:00:00','2016-09-13 00:00:00',92),(315,'2016-09-11','Ibu: 77 IBU','2016-09-11 00:00:00','2016-09-14 00:00:00',92),(316,'2016-09-13','Blg: 8.5°Blg','2016-09-07 00:00:00','2016-09-14 00:00:00',92),(317,'2015-12-11','Origen: 1214 - Belgian Abbey','2015-02-09 00:00:00','2016-01-11 00:00:00',93),(318,'2016-07-04','% de Alcohol: 4.8%','2016-01-23 00:00:00','2016-07-27 00:00:00',93),(319,'2015-05-21','Blg: 8.5°Blg','2015-04-21 00:00:00','2016-06-21 00:00:00',94),(320,'2016-08-04','% de Alcohol: 4.8%','2016-01-14 00:00:00','2016-08-23 00:00:00',94),(321,'2016-08-11','Origen: 1214 - Belgian Abbey','2016-03-26 00:00:00','2016-09-13 00:00:00',96),(322,'2016-09-12','Stilo: German Wheat And Rye Beer','2016-09-09 00:00:00','2016-09-13 00:00:00',96),(323,'2016-07-09','Blg: 8.5°Blg','2016-06-30 00:00:00','2016-09-14 00:00:00',96),(324,'2016-06-03','Ibu: 77 IBU','2016-04-14 00:00:00','2016-09-05 00:00:00',96),(325,'2016-09-06','Blg: 8.5°Blg','2016-09-06 00:00:00','2016-09-08 00:00:00',97),(326,'2016-03-06','Stilo: German Wheat And Rye Beer','2015-07-22 00:00:00','2016-03-18 00:00:00',98),(327,'2015-03-13','Ibu: 77 IBU','2013-06-11 00:00:00','2016-02-26 00:00:00',98),(328,'2016-04-13','Malta: Caramel','2016-01-18 00:00:00','2016-07-20 00:00:00',98),(329,'2015-11-12','% de Alcohol: 4.8%','2014-11-12 00:00:00','2016-03-20 00:00:00',98),(330,'2014-04-26','Nombre: Stone IPA','2014-02-25 00:00:00','2014-06-23 00:00:00',98),(331,'2014-04-26','Hop: Willamette','2014-02-28 00:00:00','2015-11-03 00:00:00',98),(332,'2016-09-06','Origen: 1214 - Belgian Abbey','2016-08-07 00:00:00','2016-09-06 00:00:00',99),(333,'2016-05-28','Nombre: Stone IPA','2016-04-25 00:00:00','2016-06-07 00:00:00',99),(334,'2016-09-10','% de Alcohol: 4.8%','2016-08-24 00:00:00','2016-09-11 00:00:00',99),(335,'2016-06-09','Blg: 8.5°Blg','2015-09-07 00:00:00','2016-07-10 00:00:00',99),(336,'2015-11-24','Malta: Caramel','2015-07-29 00:00:00','2016-05-30 00:00:00',100),(337,'2016-09-01','Ibu: 77 IBU','2016-07-09 00:00:00','2016-09-04 00:00:00',100),(338,'2016-06-03','% de Alcohol: 4.8%','2016-01-11 00:00:00','2016-07-25 00:00:00',100),(339,'2016-04-18','Origen: 1214 - Belgian Abbey','2016-01-16 00:00:00','2016-09-09 00:00:00',100),(340,'2016-07-27','Nombre: Stone IPA','2016-06-25 00:00:00','2016-08-23 00:00:00',100),(341,'2016-08-31','% de Alcohol: 4.8%','2015-09-15 00:00:00','2016-09-11 00:00:00',101),(342,'2016-08-17','Blg: 8.5°Blg','2016-08-06 00:00:00','2016-08-24 00:00:00',101),(343,'2015-05-22','Blg: 8.5°Blg','2014-08-12 00:00:00','2016-07-29 00:00:00',103),(344,'2016-07-14','Stilo: German Wheat And Rye Beer','2015-08-28 00:00:00','2016-07-24 00:00:00',103),(345,'2016-05-15','Blg: 8.5°Blg','2016-04-07 00:00:00','2016-06-27 00:00:00',104),(346,'2016-06-09','Ibu: 77 IBU','2016-05-24 00:00:00','2016-09-13 00:00:00',104),(347,'2016-04-20','Hop: Willamette','2016-04-15 00:00:00','2016-09-12 00:00:00',105),(348,'2016-06-16','Blg: 8.5°Blg','2016-03-12 00:00:00','2016-08-27 00:00:00',105),(349,'2016-07-13','Nombre: Stone IPA','2016-07-10 00:00:00','2016-08-28 00:00:00',105),(350,'2016-09-03','Malta: Caramel','2016-08-27 00:00:00','2016-09-07 00:00:00',105),(351,'2016-08-18','% de Alcohol: 4.8%','2016-07-15 00:00:00','2016-08-29 00:00:00',105),(352,'2016-06-26','Origen: 1214 - Belgian Abbey','2016-05-27 00:00:00','2016-08-01 00:00:00',105),(353,'2016-09-13','% de Alcohol: 4.8%','2016-09-12 00:00:00','2016-09-14 00:00:00',106),(354,'2016-08-25','Origen: 1214 - Belgian Abbey','2016-06-11 00:00:00','2016-09-14 00:00:00',106),(355,'2015-12-05','Hop: Willamette','2015-03-28 00:00:00','2016-04-04 00:00:00',106),(356,'2015-10-22','Malta: Caramel','2015-01-02 00:00:00','2016-08-04 00:00:00',106),(357,'2016-09-08','Stilo: German Wheat And Rye Beer','2016-04-22 00:00:00','2016-09-10 00:00:00',107),(358,'2016-08-24','Malta: Caramel','2016-07-19 00:00:00','2016-09-13 00:00:00',107),(359,'2016-08-25','Ibu: 77 IBU','2016-06-09 00:00:00','2016-08-26 00:00:00',107),(360,'2016-09-11','% de Alcohol: 4.8%','2016-08-13 00:00:00','2016-09-11 00:00:00',107),(361,'2016-08-21','Origen: 1214 - Belgian Abbey','2016-06-06 00:00:00','2016-08-25 00:00:00',107),(362,'2016-09-12','Blg: 8.5°Blg','2016-09-08 00:00:00','2016-09-13 00:00:00',107),(363,'2016-08-20','Nombre: Stone IPA','2016-08-18 00:00:00','2016-08-27 00:00:00',107),(364,'2016-08-09','Blg: 8.5°Blg','2016-07-28 00:00:00','2016-09-05 00:00:00',108),(365,'2016-01-22','Blg: 8.5°Blg','2015-12-06 00:00:00','2016-06-22 00:00:00',109),(366,'2014-09-02','Origen: 1214 - Belgian Abbey','2014-07-22 00:00:00','2015-11-03 00:00:00',110),(367,'2016-08-30','% de Alcohol: 4.8%','2016-06-19 00:00:00','2016-09-06 00:00:00',111),(368,'2015-09-07','Nombre: Stone IPA','2015-05-02 00:00:00','2016-09-05 00:00:00',111),(369,'2016-06-10','Malta: Caramel','2013-11-29 00:00:00','2016-06-23 00:00:00',111),(370,'2015-12-07','Stilo: German Wheat And Rye Beer','2015-09-22 00:00:00','2016-08-22 00:00:00',111),(371,'2015-12-25','Hop: Willamette','2013-01-08 00:00:00','2016-08-12 00:00:00',111),(372,'2016-07-08','Hop: Willamette','2016-05-30 00:00:00','2016-07-11 00:00:00',112),(373,'2016-05-22','Stilo: German Wheat And Rye Beer','2016-03-11 00:00:00','2016-07-05 00:00:00',112),(374,'2016-09-13','Ibu: 77 IBU','2016-09-13 00:00:00','2016-09-13 00:00:00',112),(375,'2016-08-27','Origen: 1214 - Belgian Abbey','2016-07-20 00:00:00','2016-08-27 00:00:00',112),(376,'2016-03-06','Origen: 1214 - Belgian Abbey','2015-09-18 00:00:00','2016-05-08 00:00:00',114),(377,'2016-07-09','Hop: Willamette','2016-02-13 00:00:00','2016-08-29 00:00:00',115),(378,'2016-07-18','Stilo: German Wheat And Rye Beer','2016-02-16 00:00:00','2016-09-04 00:00:00',115),(379,'2016-04-12','% de Alcohol: 4.8%','2016-03-31 00:00:00','2016-07-05 00:00:00',115),(380,'2016-07-01','Blg: 8.5°Blg','2016-04-11 00:00:00','2016-08-18 00:00:00',115),(381,'2016-06-22','Ibu: 77 IBU','2016-06-01 00:00:00','2016-06-26 00:00:00',115),(382,'2014-02-28','Nombre: Stone IPA','2012-08-05 00:00:00','2014-06-24 00:00:00',116),(383,'2015-12-13','% de Alcohol: 4.8%','2015-04-22 00:00:00','2016-02-27 00:00:00',116),(384,'2015-08-18','Hop: Willamette','2014-12-28 00:00:00','2016-06-18 00:00:00',116),(385,'2014-10-15','Stilo: German Wheat And Rye Beer','2013-08-02 00:00:00','2016-01-14 00:00:00',116),(386,'2016-07-28','Malta: Caramel','2016-05-10 00:00:00','2016-08-05 00:00:00',117),(387,'2016-04-14','Origen: 1214 - Belgian Abbey','2016-03-30 00:00:00','2016-05-17 00:00:00',117),(388,'2015-10-02','Blg: 8.5°Blg','2015-03-30 00:00:00','2015-10-31 00:00:00',118),(389,'2016-07-17','% de Alcohol: 4.8%','2015-11-18 00:00:00','2016-09-02 00:00:00',118),(390,'2016-03-17','Nombre: Stone IPA','2014-12-12 00:00:00','2016-06-26 00:00:00',118),(391,'2015-11-05','Hop: Willamette','2015-01-31 00:00:00','2015-12-09 00:00:00',118),(392,'2016-02-26','Malta: Caramel','2015-11-22 00:00:00','2016-03-03 00:00:00',118),(393,'2016-01-28','Ibu: 77 IBU','2015-01-01 00:00:00','2016-06-16 00:00:00',118),(394,'2016-09-01','Origen: 1214 - Belgian Abbey','2016-03-10 00:00:00','2016-09-12 00:00:00',118),(395,'2015-03-11','Malta: Caramel','2014-02-23 00:00:00','2016-03-15 00:00:00',119),(396,'2016-04-16','% de Alcohol: 4.8%','2015-05-15 00:00:00','2016-06-21 00:00:00',119),(397,'2016-02-12','Origen: 1214 - Belgian Abbey','2013-05-25 00:00:00','2016-05-16 00:00:00',119),(398,'2015-03-12','Nombre: Stone IPA','2014-05-26 00:00:00','2015-04-07 00:00:00',119),(399,'2015-11-04','Stilo: German Wheat And Rye Beer','2013-10-29 00:00:00','2016-04-17 00:00:00',119),(400,'2014-09-22','Blg: 8.5°Blg','2013-09-02 00:00:00','2015-10-26 00:00:00',119),(401,'2014-10-12','Ibu: 77 IBU','2013-06-24 00:00:00','2016-08-13 00:00:00',119),(402,'2013-10-14','Nombre: Stone IPA','2013-05-29 00:00:00','2014-02-17 00:00:00',120),(403,'2016-09-12','Hop: Willamette','2014-07-12 00:00:00','2016-09-12 00:00:00',120),(404,'2015-08-14','% de Alcohol: 4.8%','2012-12-11 00:00:00','2015-11-29 00:00:00',120),(405,'2016-07-04','Ibu: 77 IBU','2016-05-08 00:00:00','2016-07-13 00:00:00',120),(406,'2013-07-13','Malta: Caramel','2013-03-25 00:00:00','2013-07-27 00:00:00',120),(407,'2013-11-08','Stilo: German Wheat And Rye Beer','2012-09-09 00:00:00','2015-04-07 00:00:00',120),(408,'2013-11-25','Origen: 1214 - Belgian Abbey','2012-09-05 00:00:00','2014-02-17 00:00:00',120),(409,'2016-08-14','Hop: Willamette','2015-05-27 00:00:00','2016-08-25 00:00:00',121),(410,'2016-06-26','Nombre: Stone IPA','2015-06-12 00:00:00','2016-08-14 00:00:00',122),(411,'2016-05-09','% de Alcohol: 4.8%','2016-03-13 00:00:00','2016-06-09 00:00:00',122),(412,'2015-06-14','Blg: 8.5°Blg','2014-12-02 00:00:00','2016-04-20 00:00:00',122),(413,'2016-01-04','Malta: Caramel','2015-07-08 00:00:00','2016-02-08 00:00:00',123),(414,'2016-04-22','Nombre: Stone IPA','2016-04-16 00:00:00','2016-06-17 00:00:00',123),(415,'2016-08-21','Ibu: 77 IBU','2015-07-17 00:00:00','2016-09-01 00:00:00',123),(416,'2013-10-10','Hop: Willamette','2012-09-15 00:00:00','2015-02-03 00:00:00',123),(417,'2016-04-08','Origen: 1214 - Belgian Abbey','2013-01-31 00:00:00','2016-08-02 00:00:00',123),(418,'2016-05-24','Origen: 1214 - Belgian Abbey','2015-12-30 00:00:00','2016-08-17 00:00:00',124),(419,'2015-03-21','Blg: 8.5°Blg','2015-02-13 00:00:00','2016-09-05 00:00:00',124),(420,'2016-01-18','Origen: 1214 - Belgian Abbey','2015-10-20 00:00:00','2016-06-19 00:00:00',125),(421,'2016-03-15','Hop: Willamette','2015-07-29 00:00:00','2016-05-26 00:00:00',125),(422,'2015-11-01','Stilo: German Wheat And Rye Beer','2015-08-15 00:00:00','2015-12-13 00:00:00',125),(423,'2016-06-01','Blg: 8.5°Blg','2015-07-02 00:00:00','2016-08-16 00:00:00',125),(424,'2016-01-24','Malta: Caramel','2015-10-13 00:00:00','2016-02-02 00:00:00',125),(425,'2016-03-01','Nombre: Stone IPA','2015-04-16 00:00:00','2016-05-26 00:00:00',125),(426,'2016-07-15','% de Alcohol: 4.8%','2016-06-18 00:00:00','2016-08-23 00:00:00',125),(427,'2016-03-03','Hop: Willamette','2014-08-12 00:00:00','2016-04-10 00:00:00',126),(428,'2016-05-16','Ibu: 77 IBU','2015-05-11 00:00:00','2016-07-13 00:00:00',126),(429,'2016-06-10','Origen: 1214 - Belgian Abbey','2014-04-04 00:00:00','2016-08-29 00:00:00',127),(430,'2015-12-12','Stilo: German Wheat And Rye Beer','2014-04-29 00:00:00','2016-03-24 00:00:00',127),(431,'2014-12-15','Hop: Willamette','2012-05-29 00:00:00','2016-02-25 00:00:00',127),(432,'2016-03-20','Nombre: Stone IPA','2014-08-20 00:00:00','2016-04-03 00:00:00',129),(433,'2015-08-20','Origen: 1214 - Belgian Abbey','2015-05-08 00:00:00','2016-08-19 00:00:00',129),(434,'2016-01-04','% de Alcohol: 4.8%','2015-02-26 00:00:00','2016-02-20 00:00:00',129),(435,'2015-06-27','Ibu: 77 IBU','2013-12-31 00:00:00','2016-08-12 00:00:00',129),(436,'2014-08-31','Hop: Willamette','2014-02-14 00:00:00','2016-08-17 00:00:00',129),(437,'2015-11-24','Blg: 8.5°Blg','2015-08-27 00:00:00','2015-12-21 00:00:00',130),(438,'2016-09-12','Malta: Caramel','2016-09-11 00:00:00','2016-09-12 00:00:00',130),(439,'2015-12-30','% de Alcohol: 4.8%','2013-10-15 00:00:00','2016-05-12 00:00:00',131),(440,'2015-06-21','Ibu: 77 IBU','2014-09-14 00:00:00','2016-08-18 00:00:00',131),(441,'2016-03-31','Malta: Caramel','2015-07-14 00:00:00','2016-06-18 00:00:00',131),(442,'2016-04-09','Hop: Willamette','2015-10-03 00:00:00','2016-04-30 00:00:00',132),(443,'2016-04-16','% de Alcohol: 4.8%','2015-08-10 00:00:00','2016-09-14 00:00:00',132),(444,'2016-03-19','Nombre: Stone IPA','2015-03-02 00:00:00','2016-09-04 00:00:00',132),(445,'2016-07-15','Origen: 1214 - Belgian Abbey','2015-08-19 00:00:00','2016-09-05 00:00:00',132),(446,'2015-10-31','Malta: Caramel','2015-10-17 00:00:00','2016-02-19 00:00:00',132),(447,'2016-07-20','Stilo: German Wheat And Rye Beer','2015-05-11 00:00:00','2016-08-13 00:00:00',132),(448,'2016-08-05','Ibu: 77 IBU','2016-07-29 00:00:00','2016-09-14 00:00:00',135),(449,'2016-01-05','Ibu: 77 IBU','2015-09-22 00:00:00','2016-03-29 00:00:00',137),(450,'2016-08-12','Nombre: Stone IPA','2016-08-02 00:00:00','2016-08-18 00:00:00',137),(451,'2016-08-27','Stilo: German Wheat And Rye Beer','2015-12-02 00:00:00','2016-09-05 00:00:00',137),(452,'2015-03-24','Ibu: 77 IBU','2014-11-13 00:00:00','2015-04-05 00:00:00',138),(453,'2014-09-25','Nombre: Stone IPA','2013-06-22 00:00:00','2016-07-11 00:00:00',138),(454,'2016-01-19','Blg: 8.5°Blg','2016-01-19 00:00:00','2016-02-23 00:00:00',138),(455,'2015-05-11','Malta: Caramel','2014-06-22 00:00:00','2015-11-13 00:00:00',139),(456,'2015-09-09','Blg: 8.5°Blg','2014-11-03 00:00:00','2016-03-08 00:00:00',139),(457,'2014-03-17','Stilo: German Wheat And Rye Beer','2012-11-08 00:00:00','2016-03-13 00:00:00',139),(458,'2015-12-09','Nombre: Stone IPA','2013-09-01 00:00:00','2015-12-13 00:00:00',139),(459,'2016-09-13','Ibu: 77 IBU','2016-09-12 00:00:00','2016-09-13 00:00:00',139),(460,'2016-05-22','Origen: 1214 - Belgian Abbey','2015-11-22 00:00:00','2016-06-03 00:00:00',140),(461,'2016-08-23','Ibu: 77 IBU','2016-08-12 00:00:00','2016-09-09 00:00:00',140),(462,'2016-09-04','% de Alcohol: 4.8%','2016-01-21 00:00:00','2016-09-09 00:00:00',140),(463,'2016-08-20','% de Alcohol: 4.8%','2015-12-26 00:00:00','2016-09-11 00:00:00',141),(464,'2015-07-10','Ibu: 77 IBU','2013-01-13 00:00:00','2016-01-28 00:00:00',141),(465,'2016-04-26','Blg: 8.5°Blg','2015-09-02 00:00:00','2016-06-17 00:00:00',141),(466,'2016-02-11','Malta: Caramel','2015-10-31 00:00:00','2016-08-27 00:00:00',141),(467,'2016-09-11','Hop: Willamette','2016-09-09 00:00:00','2016-09-12 00:00:00',141),(468,'2016-05-28','Nombre: Stone IPA','2016-02-16 00:00:00','2016-08-11 00:00:00',144),(469,'2015-09-27','Ibu: 77 IBU','2015-08-23 00:00:00','2016-06-27 00:00:00',144),(470,'2016-02-05','Origen: 1214 - Belgian Abbey','2015-09-17 00:00:00','2016-03-09 00:00:00',144),(471,'2016-02-11','% de Alcohol: 4.8%','2015-03-12 00:00:00','2016-08-11 00:00:00',144),(472,'2016-04-12','Malta: Caramel','2016-03-09 00:00:00','2016-08-24 00:00:00',144),(473,'2016-09-11','Blg: 8.5°Blg','2016-09-11 00:00:00','2016-09-13 00:00:00',144),(474,'2016-01-20','Hop: Willamette','2015-11-04 00:00:00','2016-08-29 00:00:00',144),(475,'2014-04-17','Malta: Caramel','2012-08-05 00:00:00','2014-06-13 00:00:00',145),(476,'2015-08-11','Nombre: Stone IPA','2013-05-08 00:00:00','2016-05-09 00:00:00',145),(477,'2015-10-16','Origen: 1214 - Belgian Abbey','2015-06-06 00:00:00','2016-02-18 00:00:00',145),(478,'2016-06-11','Blg: 8.5°Blg','2015-07-19 00:00:00','2016-07-22 00:00:00',146),(479,'2015-11-25','Nombre: Stone IPA','2015-01-23 00:00:00','2016-09-03 00:00:00',146),(480,'2016-05-12','Origen: 1214 - Belgian Abbey','2016-04-17 00:00:00','2016-07-25 00:00:00',146),(481,'2015-09-22','Hop: Willamette','2015-06-22 00:00:00','2016-02-24 00:00:00',146),(482,'2016-08-10','Hop: Willamette','2014-10-08 00:00:00','2016-09-13 00:00:00',147),(483,'2016-07-09','Origen: 1214 - Belgian Abbey','2015-09-12 00:00:00','2016-08-22 00:00:00',148),(484,'2016-04-28','Stilo: German Wheat And Rye Beer','2016-04-23 00:00:00','2016-06-14 00:00:00',148),(485,'2016-05-31','Ibu: 77 IBU','2015-06-14 00:00:00','2016-08-26 00:00:00',148),(486,'2015-07-01','% de Alcohol: 4.8%','2015-04-04 00:00:00','2015-11-07 00:00:00',148),(487,'2015-12-15','Blg: 8.5°Blg','2015-09-24 00:00:00','2016-06-13 00:00:00',148),(488,'2016-05-12','Nombre: Stone IPA','2016-01-04 00:00:00','2016-05-20 00:00:00',148),(489,'2015-09-15','Malta: Caramel','2015-08-09 00:00:00','2016-05-07 00:00:00',148),(490,'2016-08-18','Blg: 8.5°Blg','2016-08-15 00:00:00','2016-08-31 00:00:00',149),(491,'2016-04-08','Stilo: German Wheat And Rye Beer','2016-02-28 00:00:00','2016-07-14 00:00:00',149),(492,'2016-07-10','Nombre: Stone IPA','2016-03-01 00:00:00','2016-09-01 00:00:00',149),(493,'2016-04-03','Origen: 1214 - Belgian Abbey','2015-04-19 00:00:00','2016-07-03 00:00:00',149),(494,'2015-09-23','Malta: Caramel','2015-08-23 00:00:00','2016-02-29 00:00:00',149),(495,'2016-02-18','Hop: Willamette','2015-11-12 00:00:00','2016-04-07 00:00:00',150),(496,'2016-03-20','Nombre: Stone IPA','2015-12-28 00:00:00','2016-05-03 00:00:00',150),(497,'2016-08-11','Malta: Caramel','2016-03-06 00:00:00','2016-09-03 00:00:00',150),(498,'2016-08-17','Stilo: German Wheat And Rye Beer','2016-03-01 00:00:00','2016-09-02 00:00:00',150),(499,'2016-09-01','Ibu: 77 IBU','2016-06-27 00:00:00','2016-09-12 00:00:00',150),(500,'2016-05-15','Blg: 8.5°Blg','2016-03-29 00:00:00','2016-05-29 00:00:00',150),(501,'2016-08-22','Origen: 1214 - Belgian Abbey','2016-06-08 00:00:00','2016-08-30 00:00:00',150),(502,'2016-04-12','% de Alcohol: 4.8%','2016-01-23 00:00:00','2016-06-12 00:00:00',151),(503,'2016-08-15','Hop: Willamette','2015-12-14 00:00:00','2016-09-02 00:00:00',151),(504,'2016-08-23','Origen: 1214 - Belgian Abbey','2015-12-30 00:00:00','2016-08-27 00:00:00',151),(505,'2016-01-27','Blg: 8.5°Blg','2015-10-11 00:00:00','2016-05-17 00:00:00',151),(506,'2016-08-06','Malta: Caramel','2016-06-04 00:00:00','2016-08-08 00:00:00',151);
/*!40000 ALTER TABLE `evidencias` ENABLE KEYS */;
UNLOCK TABLES;

--
-- Table structure for table `lineas_telefonicas`
--

DROP TABLE IF EXISTS `lineas_telefonicas`;
/*!40101 SET @saved_cs_client     = @@character_set_client */;
/*!40101 SET character_set_client = utf8 */;
CREATE TABLE `lineas_telefonicas` (
  `numero` int(11) NOT NULL DEFAULT '0',
  `nombre_departamento` varchar(30) NOT NULL DEFAULT '',
  PRIMARY KEY (`numero`,`nombre_departamento`),
  KEY `nombre_departamento` (`nombre_departamento`),
  CONSTRAINT `lineas_telefonicas_ibfk_1` FOREIGN KEY (`nombre_departamento`) REFERENCES `departamentos` (`nombre`)
) ENGINE=InnoDB DEFAULT CHARSET=utf8;
/*!40101 SET character_set_client = @saved_cs_client */;

--
-- Dumping data for table `lineas_telefonicas`
--

LOCK TABLES `lineas_telefonicas` WRITE;
/*!40000 ALTER TABLE `lineas_telefonicas` DISABLE KEYS */;
INSERT INTO `lineas_telefonicas` VALUES (73179760,'DPT_aliquid_DIY_9'),(6563867,'DPT_animi_stumptown_1'),(27502733,'DPT_animi_stumptown_1'),(9094549,'DPT_autem_locavore_7'),(77087522,'DPT_autem_locavore_7'),(25717936,'DPT_aut_butcher_4'),(64781863,'DPT_aut_butcher_4'),(69330972,'DPT_aut_butcher_4'),(38618181,'DPT_aut_pinterest_4'),(56401132,'DPT_aut_quinoa_5'),(97878090,'DPT_aut_quinoa_5'),(18242725,'DPT_blanditiis_locavore_4'),(49699655,'DPT_blanditiis_locavore_4'),(59687795,'DPT_deleniti_hella_4'),(16414564,'DPT_deleniti_polaroid_4'),(43816242,'DPT_deleniti_polaroid_4'),(59588924,'DPT_deleniti_polaroid_4'),(8463409,'DPT_dolorem_literally_9'),(24905861,'DPT_dolorem_literally_9'),(81348690,'DPT_dolorem_literally_9'),(49178600,'DPT_est_Thundercats_1'),(17840647,'DPT_et_knausgaard_9'),(75008219,'DPT_et_knausgaard_9'),(98595148,'DPT_et_knausgaard_9'),(17571974,'DPT_et_shoreditch_8'),(35256562,'DPT_et_shoreditch_8'),(41212008,'DPT_et_shoreditch_8'),(27352693,'DPT_et_twee_8'),(59159146,'DPT_et_twee_8'),(74973434,'DPT_et_twee_8'),(15026524,'DPT_et_williamsburg_8'),(33930294,'DPT_eum_Yuccie_8'),(82784503,'DPT_eum_Yuccie_8'),(38911298,'DPT_expedita_chambray_8'),(43191048,'DPT_fugit_yr_7'),(53293520,'DPT_fugit_yr_7'),(98443443,'DPT_itaque_scenester_5'),(9109482,'DPT_labore_locavore_2'),(11966186,'DPT_labore_locavore_2'),(39670553,'DPT_labore_locavore_2'),(21683295,'DPT_laudantium_asymmetrical_6'),(37030653,'DPT_laudantium_asymmetrical_6'),(78934178,'DPT_laudantium_asymmetrical_6'),(15385383,'DPT_libero_disrupt_6'),(73838997,'DPT_libero_disrupt_6'),(446702,'DPT_necessitatibus_helvetica_6'),(16353779,'DPT_necessitatibus_helvetica_6'),(69539459,'DPT_necessitatibus_helvetica_6'),(48760475,'DPT_nemo_umami_1'),(23134063,'DPT_non_master_4'),(64828100,'DPT_non_master_4'),(11611236,'DPT_non_pop-up_2'),(53087168,'DPT_non_pop-up_2'),(89272128,'DPT_non_pop-up_2'),(50105187,'DPT_nulla_butcher_6'),(20011318,'DPT_nulla_offal_5'),(39157544,'DPT_nulla_offal_5'),(60243049,'DPT_nulla_offal_5'),(88207119,'DPT_odio_pabst_3'),(6366215,'DPT_odit_keytar_9'),(13677271,'DPT_odit_keytar_9'),(43359694,'DPT_odit_keytar_9'),(34913831,'DPT_odit_typewriter_9'),(29158955,'DPT_omnis_kitsch_9'),(51389616,'DPT_omnis_kitsch_9'),(88471894,'DPT_possimus_mustache_9'),(84627564,'DPT_provident_poutine_8'),(88674030,'DPT_provident_poutine_8'),(89024897,'DPT_provident_poutine_8'),(57588593,'DPT_quae_Thundercats_7'),(94092259,'DPT_quae_Thundercats_7'),(8834507,'DPT_quam_loko_5'),(20038890,'DPT_quam_loko_5'),(75545044,'DPT_quam_loko_5'),(23004973,'DPT_quia_fixie_9'),(74414145,'DPT_quia_fixie_9'),(92613586,'DPT_quia_fixie_9'),(2762012,'DPT_qui_Thundercats_3'),(6651888,'DPT_qui_Thundercats_3'),(1509174,'DPT_sint_whatever_7'),(29660662,'DPT_sit_neutra_2'),(40844497,'DPT_sit_neutra_2'),(73028230,'DPT_sunt_try-hard_4'),(83697986,'DPT_sunt_try-hard_4'),(5573922,'DPT_ut_kinfolk_2'),(72503078,'DPT_ut_kinfolk_2'),(23886823,'DPT_ut_tilde_7'),(39656612,'DPT_ut_tilde_7'),(15160542,'DPT_velit_waistcoat_9'),(28107541,'DPT_velit_waistcoat_9'),(98965748,'DPT_velit_waistcoat_9'),(36697128,'DPT_voluptas_banjo_2'),(97312392,'DPT_voluptas_banjo_2'),(5075692,'DPT_voluptas_lumbersexual_4'),(16032800,'DPT_voluptas_lumbersexual_4'),(99382513,'DPT_voluptatem_brooklyn_2'),(39768133,'DPT_voluptatem_truffaut_5'),(56477295,'DPT_voluptatem_truffaut_5'),(61209854,'DPT_voluptatem_truffaut_5'),(76755102,'DPT_voluptate_paleo_4'),(92833722,'DPT_voluptate_paleo_4'),(3810688,'DPT_voluptate_tumblr_0'),(28196808,'DPT_voluptate_tumblr_0');
/*!40000 ALTER TABLE `lineas_telefonicas` ENABLE KEYS */;
UNLOCK TABLES;

--
-- Table structure for table `localidades`
--

DROP TABLE IF EXISTS `localidades`;
/*!40101 SET @saved_cs_client     = @@character_set_client */;
/*!40101 SET character_set_client = utf8 */;
CREATE TABLE `localidades` (
  `nombre` varchar(30) NOT NULL,
  PRIMARY KEY (`nombre`)
) ENGINE=InnoDB DEFAULT CHARSET=utf8;
/*!40101 SET character_set_client = @saved_cs_client */;

--
-- Dumping data for table `localidades`
--

LOCK TABLES `localidades` WRITE;
/*!40000 ALTER TABLE `localidades` DISABLE KEYS */;
INSERT INTO `localidades` VALUES ('Abasto'),('Agronomía'),('Almagro'),('Balvanera'),('Barracas'),('Barrio Norte'),('Belgrano'),('Boedo'),('Caballito'),('Centro'),('Chacarita'),('Coghlan'),('Colegiales'),('Constitucion'),('Flores'),('Floresta'),('La Boca'),('Liniers'),('Madero'),('Mataderos'),('Microcentro'),('Monserrat'),('Monte Castro'),('Nueva'),('Nuñez'),('Palermo'),('Parque Avellaneda'),('Parque Chacabuco'),('Parque Patricios'),('Paternal'),('Pompeya'),('Puerto'),('Recoleta'),('Retiro'),('Saavedra'),('San Cristobal'),('San Nicolas'),('San Telmo'),('Velez Sarsfield'),('Versalles'),('Villa Crespo'),('Villa del Parque'),('Villa Devoto'),('Villa General Mitre'),('Villa Lugano'),('Villa Luro'),('Villa Ortuzar'),('Villa Pueyrredon'),('Villa Real'),('Villa Riachuelo'),('Villa Santa Rita'),('Villa Soldati'),('Villa Urquiza');
/*!40000 ALTER TABLE `localidades` ENABLE KEYS */;
UNLOCK TABLES;

--
-- Table structure for table `oficiales_de_policia`
--

DROP TABLE IF EXISTS `oficiales_de_policia`;
/*!40101 SET @saved_cs_client     = @@character_set_client */;
/*!40101 SET character_set_client = utf8 */;
CREATE TABLE `oficiales_de_policia` (
  `persona_dni` int(11) NOT NULL,
  `numero_de_placa` int(11) NOT NULL,
  `fecha_de_ingreso` date NOT NULL,
  `numero_de_escritorio` int(11) NOT NULL,
  `nombre_rango` varchar(30) NOT NULL,
  `nombre_departamento` varchar(30) NOT NULL,
  PRIMARY KEY (`numero_de_placa`),
  KEY `persona_dni` (`persona_dni`),
  KEY `nombre_rango` (`nombre_rango`),
  KEY `nombre_departamento` (`nombre_departamento`),
  CONSTRAINT `oficiales_de_policia_ibfk_1` FOREIGN KEY (`persona_dni`) REFERENCES `personas` (`dni`),
  CONSTRAINT `oficiales_de_policia_ibfk_2` FOREIGN KEY (`nombre_rango`) REFERENCES `rangos` (`nombre`),
  CONSTRAINT `oficiales_de_policia_ibfk_3` FOREIGN KEY (`nombre_departamento`) REFERENCES `departamentos` (`nombre`)
) ENGINE=InnoDB DEFAULT CHARSET=utf8;
/*!40101 SET character_set_client = @saved_cs_client */;

--
-- Dumping data for table `oficiales_de_policia`
--

LOCK TABLES `oficiales_de_policia` WRITE;
/*!40000 ALTER TABLE `oficiales_de_policia` DISABLE KEYS */;
INSERT INTO `oficiales_de_policia` VALUES (32250670,10525,'2007-10-09',76714,'Cabo','DPT_expedita_chambray_8'),(32127763,11387,'2006-04-16',54465,'Detective','DPT_et_knausgaard_9'),(40830695,11414,'2007-12-24',58258,'Sheriff','DPT_voluptatem_brooklyn_2'),(30458781,13257,'2009-02-22',10174,'General','DPT_non_master_4'),(36593906,13867,'2000-02-08',87647,'Cabo','DPT_odio_pabst_3'),(26290420,14076,'2002-05-25',89781,'Teniente','DPT_nulla_offal_5'),(38365107,15049,'1997-03-02',16715,'Comisario','DPT_nulla_butcher_6'),(34746608,15161,'2003-09-24',79699,'Sheriff','DPT_itaque_scenester_5'),(22940116,16019,'2000-10-31',34141,'Raso','DPT_nemo_umami_1'),(28755646,17410,'2002-10-13',12043,'Comisario','DPT_voluptate_paleo_4'),(42672717,18676,'1996-12-04',25446,'General','DPT_ut_tilde_7'),(31187371,18727,'2007-05-01',84800,'Cabo','DPT_voluptas_lumbersexual_4'),(38166448,18998,'2001-04-08',23201,'General','DPT_sint_whatever_7'),(32610599,20279,'2009-11-02',53048,'Comisario','DPT_possimus_mustache_9'),(13165639,20898,'2007-06-19',28927,'Detective','DPT_voluptatem_truffaut_5'),(23731591,21594,'2010-09-21',71664,'Sheriff','DPT_voluptatem_brooklyn_2'),(36312566,22253,'1999-09-08',62393,'Detective','DPT_voluptatem_truffaut_5'),(26486835,22376,'1996-12-13',47741,'General','DPT_sit_neutra_2'),(38301185,22400,'2008-08-17',29481,'General','DPT_non_pop-up_2'),(43666550,23845,'2010-12-16',49809,'Cabo','DPT_quae_Thundercats_7'),(12853373,24045,'2003-06-26',22484,'Sheriff','DPT_laudantium_asymmetrical_6'),(32805266,25303,'2009-12-12',54414,'Teniente','DPT_sunt_try-hard_4'),(12468697,25957,'2004-10-07',60768,'Sargento','DPT_et_williamsburg_8'),(41704227,26076,'2006-02-09',9606,'Sheriff','DPT_velit_waistcoat_9'),(14249860,26385,'2008-02-11',2411,'Sargento','DPT_sit_neutra_2'),(34766122,28683,'2000-07-07',16561,'Sargento','DPT_nemo_umami_1'),(20044351,28797,'2010-12-17',14864,'Raso','DPT_nulla_butcher_6'),(18738703,29710,'2013-07-13',63655,'Teniente','DPT_est_Thundercats_1'),(20985559,30643,'1996-11-12',47631,'Raso','DPT_fugit_yr_7'),(33376519,33721,'2008-01-18',46450,'Detective','DPT_sint_whatever_7'),(35274438,34461,'2016-06-02',76405,'Cabo','DPT_voluptas_lumbersexual_4'),(30238465,34711,'2006-08-25',59195,'Detective','DPT_expedita_chambray_8'),(34574465,35118,'1998-05-18',68749,'Teniente','DPT_voluptatem_truffaut_5'),(15263590,35150,'2013-05-22',81526,'Detective','DPT_voluptate_paleo_4'),(27012695,35355,'1999-06-25',45232,'Cabo','DPT_nulla_butcher_6'),(30198511,35583,'2015-12-24',19602,'Detective','DPT_quia_fixie_9'),(33707427,35892,'1998-05-23',86406,'Sargento','DPT_voluptate_tumblr_0'),(35830186,37092,'2009-11-14',93764,'Cabo','DPT_libero_disrupt_6'),(24385639,37141,'2005-10-16',3644,'Teniente','DPT_laudantium_asymmetrical_6'),(38404009,37375,'1997-03-24',5257,'Sargento','DPT_sunt_try-hard_4'),(44862533,38498,'2000-10-13',19607,'Sargento','DPT_aliquid_DIY_9'),(25467334,38529,'2009-03-11',98016,'Sargento','DPT_possimus_mustache_9'),(30438510,38630,'2000-02-18',51380,'Cabo','DPT_sint_whatever_7'),(20315615,39152,'2002-03-21',38130,'Comisario','DPT_necessitatibus_helvetica_6'),(45281434,39264,'2012-05-11',96725,'Sargento','DPT_qui_Thundercats_3'),(45071994,40122,'2010-01-19',69482,'Sheriff','DPT_velit_waistcoat_9'),(12578864,40240,'2000-07-23',59872,'Detective','DPT_voluptatem_brooklyn_2'),(29798089,40341,'2012-11-24',33020,'Cabo','DPT_deleniti_hella_4'),(42909427,40740,'2007-10-31',36810,'Sheriff','DPT_voluptatem_brooklyn_2'),(32339915,40919,'1999-07-14',53357,'Sargento','DPT_qui_Thundercats_3'),(35314673,41790,'2009-08-22',68204,'General','DPT_voluptate_paleo_4'),(26016608,43259,'2010-07-18',29223,'Sheriff','DPT_nemo_umami_1'),(31342220,43365,'1999-02-16',66359,'Cabo','DPT_est_Thundercats_1'),(14875000,43479,'1999-04-20',45011,'Comisario','DPT_expedita_chambray_8'),(44492116,44293,'1999-02-04',6839,'Teniente','DPT_laudantium_asymmetrical_6'),(40796972,45051,'2010-02-12',15472,'Sheriff','DPT_qui_Thundercats_3'),(17417105,46143,'2014-12-27',72306,'Comisario','DPT_blanditiis_locavore_4'),(16781953,46952,'2008-09-28',33530,'Detective','DPT_voluptatem_brooklyn_2'),(40216887,48559,'1998-09-26',23125,'Comisario','DPT_itaque_scenester_5'),(33852512,49192,'2008-12-22',65906,'Raso','DPT_autem_locavore_7'),(22190419,50771,'2016-04-29',59690,'Sheriff','DPT_itaque_scenester_5'),(20473711,51424,'1999-07-14',10666,'Cabo','DPT_sit_neutra_2'),(39145077,51750,'2001-11-04',39218,'Sheriff','DPT_autem_locavore_7'),(21371768,52364,'2011-04-03',79788,'General','DPT_eum_Yuccie_8'),(30446896,52804,'2002-01-05',70428,'Teniente','DPT_non_master_4'),(19998545,52913,'2016-08-04',36553,'Raso','DPT_omnis_kitsch_9'),(36964824,54631,'2000-11-04',90017,'Teniente','DPT_necessitatibus_helvetica_6'),(40613021,55799,'2003-12-22',21623,'Sheriff','DPT_voluptas_lumbersexual_4'),(35872082,56417,'2012-01-05',45109,'Sargento','DPT_omnis_kitsch_9'),(25930891,57266,'2007-09-24',12229,'Raso','DPT_animi_stumptown_1'),(44409215,57915,'2010-12-28',80296,'Raso','DPT_labore_locavore_2'),(41712411,58388,'1998-12-05',51599,'Sargento','DPT_omnis_kitsch_9'),(12526585,59589,'2009-12-30',39805,'Teniente','DPT_sit_neutra_2'),(38051814,59701,'1998-10-03',75938,'General','DPT_non_master_4'),(12430879,60449,'2014-03-14',34088,'General','DPT_necessitatibus_helvetica_6'),(25604817,61737,'2001-07-31',30144,'Sheriff','DPT_sunt_try-hard_4'),(29517151,61871,'1997-06-18',76595,'Sheriff','DPT_et_williamsburg_8'),(36450668,61891,'2013-11-16',39467,'Cabo','DPT_deleniti_polaroid_4'),(36627764,62184,'2005-06-18',87192,'Raso','DPT_autem_locavore_7'),(38360327,62671,'2006-12-15',45109,'Teniente','DPT_deleniti_polaroid_4'),(21564334,62753,'2002-09-13',70997,'Teniente','DPT_dolorem_literally_9'),(38448111,64540,'2000-04-19',46685,'Sheriff','DPT_quia_fixie_9'),(14597100,67858,'1999-05-17',91489,'General','DPT_labore_locavore_2'),(42220396,67910,'2012-03-13',77044,'Sargento','DPT_quia_fixie_9'),(15924202,68121,'2004-03-18',60342,'Sargento','DPT_fugit_yr_7'),(14234608,68442,'2010-05-13',88716,'Cabo','DPT_odio_pabst_3'),(23107754,68483,'2000-11-02',70479,'Teniente','DPT_nemo_umami_1'),(39697724,68944,'2003-10-20',13485,'Raso','DPT_velit_waistcoat_9'),(19346962,70008,'2001-03-05',89739,'Raso','DPT_ut_tilde_7'),(29248657,71030,'2012-01-25',78780,'Detective','DPT_libero_disrupt_6'),(22936284,71485,'2014-07-21',88997,'Teniente','DPT_sunt_try-hard_4'),(34448990,71522,'2007-10-31',32821,'Sheriff','DPT_voluptate_tumblr_0'),(16656275,71578,'2006-01-27',30463,'Raso','DPT_necessitatibus_helvetica_6'),(42167134,71922,'2003-03-06',41781,'Teniente','DPT_quae_Thundercats_7'),(18515341,72061,'2010-06-18',1693,'Detective','DPT_voluptatem_truffaut_5'),(23343683,74164,'2005-06-12',44106,'Sheriff','DPT_ut_kinfolk_2'),(15009808,74514,'2002-01-31',57705,'Detective','DPT_animi_stumptown_1'),(28536060,75333,'2011-10-25',61271,'Teniente','DPT_animi_stumptown_1'),(34222705,76294,'2008-12-24',20114,'Comisario','DPT_voluptas_banjo_2'),(19762299,76891,'2000-11-15',73441,'General','DPT_autem_locavore_7'),(35511872,78509,'2009-11-04',84048,'Teniente','DPT_voluptate_paleo_4'),(27186969,78708,'1996-11-28',86990,'Detective','DPT_velit_waistcoat_9'),(26511873,79393,'2011-10-29',55153,'Comisario','DPT_odit_typewriter_9'),(29344445,79993,'2015-04-03',4931,'Detective','DPT_quam_loko_5'),(25620290,80186,'2016-07-18',76900,'Sargento','DPT_odit_keytar_9'),(21641053,80955,'2004-03-04',78470,'Teniente','DPT_ut_tilde_7'),(19104830,81013,'2001-04-27',89676,'Raso','DPT_fugit_yr_7'),(29712056,82768,'2008-09-02',93589,'Sheriff','DPT_ut_kinfolk_2'),(21715065,82917,'1999-09-02',88012,'Cabo','DPT_quia_fixie_9'),(28680653,82975,'1999-08-28',77662,'Raso','DPT_animi_stumptown_1'),(32263057,83617,'2011-03-11',45161,'Sheriff','DPT_ut_kinfolk_2'),(37795357,84072,'1998-08-05',23632,'General','DPT_expedita_chambray_8'),(16845509,84524,'2012-11-04',47934,'Raso','DPT_provident_poutine_8'),(14355510,85564,'2007-10-29',98446,'Sargento','DPT_eum_Yuccie_8'),(44088389,87546,'2001-10-19',16676,'Teniente','DPT_quae_Thundercats_7'),(31432329,87732,'2005-08-25',74547,'Detective','DPT_itaque_scenester_5'),(27217704,87785,'2002-07-02',52060,'Sheriff','DPT_voluptas_banjo_2'),(24271560,88267,'2000-09-13',33431,'Teniente','DPT_sunt_try-hard_4'),(33319967,89385,'2003-05-01',8362,'Detective','DPT_deleniti_hella_4'),(41523483,89398,'2007-09-30',42604,'Raso','DPT_necessitatibus_helvetica_6'),(19952963,89605,'2000-12-02',52502,'General','DPT_provident_poutine_8'),(30938615,89967,'2013-02-18',60297,'Detective','DPT_et_twee_8'),(23891252,92343,'2015-10-25',82850,'Sheriff','DPT_voluptas_banjo_2'),(13505303,92371,'2005-01-12',98479,'Detective','DPT_sunt_try-hard_4'),(37236760,94247,'1999-01-08',66263,'Detective','DPT_nulla_offal_5'),(26379168,94787,'2009-10-13',10632,'Raso','DPT_nemo_umami_1'),(43323260,95173,'2001-02-03',48051,'Sargento','DPT_et_knausgaard_9'),(22331968,95509,'2005-03-17',8383,'Sargento','DPT_provident_poutine_8'),(12642588,96436,'2015-06-22',41952,'Detective','DPT_laudantium_asymmetrical_6'),(27444006,96655,'2005-01-07',77319,'Cabo','DPT_est_Thundercats_1'),(20984896,97151,'2003-07-29',93050,'Detective','DPT_expedita_chambray_8'),(40815559,97901,'2006-02-13',9669,'Sheriff','DPT_voluptate_paleo_4'),(38562307,97994,'1997-02-14',76509,'Cabo','DPT_odit_keytar_9'),(12887129,98207,'2011-12-27',94925,'Teniente','DPT_autem_locavore_7'),(33340731,99387,'2007-02-07',41006,'Raso','DPT_voluptas_banjo_2');
/*!40000 ALTER TABLE `oficiales_de_policia` ENABLE KEYS */;
UNLOCK TABLES;

--
-- Table structure for table `personas`
--

DROP TABLE IF EXISTS `personas`;
/*!40101 SET @saved_cs_client     = @@character_set_client */;
/*!40101 SET character_set_client = utf8 */;
CREATE TABLE `personas` (
  `dni` int(11) NOT NULL,
  `fecha_nacimiento` date NOT NULL,
  `nombre` varchar(30) NOT NULL,
  `apellido` varchar(30) NOT NULL,
  `direccion_id` int(11) NOT NULL,
  PRIMARY KEY (`dni`),
  KEY `direccion_id` (`direccion_id`),
  CONSTRAINT `personas_ibfk_1` FOREIGN KEY (`direccion_id`) REFERENCES `direcciones` (`id`)
) ENGINE=InnoDB DEFAULT CHARSET=utf8;
/*!40101 SET character_set_client = @saved_cs_client */;

--
-- Dumping data for table `personas`
--

LOCK TABLES `personas` WRITE;
/*!40000 ALTER TABLE `personas` DISABLE KEYS */;
INSERT INTO `personas` VALUES (12041500,'1957-02-16','Clement','Fay',280),(12219178,'1985-06-25','Pietro','Lehner',148),(12430879,'1994-10-28','Cecil','Schamberger',163),(12468697,'1988-03-12','Afton','Will',66),(12523853,'1969-11-24','Orpha','Smitham',247),(12526585,'1995-09-03','Hannah','Brakus',221),(12578864,'1944-04-03','Daniela','Steuber',258),(12628705,'1965-04-19','Neal','Pouros',29),(12642588,'1966-01-11','Willa','Hoeger',205),(12728251,'1994-03-05','Jaunita','Kozey',187),(12818808,'2015-11-17','Gabrielle','Nienow',153),(12853373,'1995-05-23','Sierra','Lehner',81),(12887129,'1947-04-18','Bo','Lesch',47),(12951799,'1946-12-25','Vita','Prohaska',101),(13017027,'1952-05-08','Alvis','Lesch',225),(13165639,'1962-04-23','Hailee','Ritchie',52),(13305719,'1951-01-20','Jannie','Becker',278),(13306910,'1959-11-05','Deondre','O\'Reilly',42),(13356743,'1996-04-19','Arnold','DuBuque',283),(13461775,'1975-11-30','Alysha','Pouros',192),(13500809,'1946-04-28','Jamal','Abshire',94),(13505303,'2007-07-01','Gideon','Ernser',251),(13874798,'1988-01-16','Alyce','Gerlach',194),(13899773,'1987-05-24','Erling','Ankunding',219),(14121867,'2010-02-21','Margarett','Brown',53),(14234608,'1946-01-07','Dereck','Hansen',59),(14249860,'2012-12-11','Kiara','Kunde',173),(14327424,'2004-01-09','Jo','Stanton',53),(14355510,'1994-08-12','Marlene','Hilpert',171),(14597100,'1979-03-24','Destiny','Hand',281),(14710744,'1983-09-19','Brendon','Bartell',88),(14875000,'1989-10-31','Dovie','Sanford',257),(14957691,'1986-01-28','Freeda','McGlynn',263),(14984165,'1977-06-01','Ray','Gottlieb',190),(15009808,'2002-10-19','Avery','Stamm',249),(15263590,'1997-08-19','Sabryna','Koch',16),(15403652,'1947-03-14','Orpha','Welch',243),(15445406,'2000-03-15','Sienna','Swaniawski',253),(15517831,'2002-12-28','Kari','Haag',96),(15674148,'1962-08-07','Shirley','Padberg',134),(15924202,'1939-04-25','Margie','Ledner',86),(15944880,'1974-09-09','Meta','Macejkovic',264),(15991878,'1984-07-23','Richard','Abshire',181),(16073266,'1938-01-18','Earl','Turcotte',104),(16338782,'1956-11-14','Rollin','Hintz',169),(16353985,'1964-02-10','Myrtice','Emard',141),(16527352,'1999-04-24','Blaise','Tremblay',227),(16599111,'1990-06-22','Shawna','Prosacco',186),(16606870,'1990-02-27','Letha','Huels',178),(16641618,'1988-12-21','Savion','Rohan',75),(16656275,'2016-06-14','Lyric','Ankunding',184),(16780840,'1966-09-28','Talia','Runte',284),(16781953,'2005-10-03','Edwardo','Schmeler',130),(16819919,'1968-02-14','Astrid','Rowe',147),(16845509,'1941-10-08','Toney','Kerluke',41),(16889380,'2014-11-17','Adriel','Hansen',20),(17200043,'2007-07-27','Elyssa','Carter',238),(17225802,'1989-06-25','Elenor','Daugherty',32),(17267163,'1960-05-17','Elmore','Kuvalis',99),(17292819,'1942-08-23','Clovis','McDermott',20),(17341580,'1997-03-16','Donavon','Medhurst',124),(17417105,'1962-07-23','Richard','Hermiston',230),(17421714,'1972-09-04','Soledad','McDermott',50),(17427905,'1960-07-23','Jerrell','Gottlieb',22),(17524232,'2000-04-01','Felicia','Predovic',11),(17558584,'1943-01-11','Lafayette','Greenholt',108),(17636614,'1944-07-16','Madalyn','Macejkovic',45),(17729075,'1948-11-06','Constantin','Ratke',228),(17854592,'1941-12-13','Pattie','Collins',72),(17919065,'1988-03-11','Tierra','Kihn',224),(18319576,'1970-03-16','Tate','Lind',63),(18371576,'1960-12-07','Oren','Bahringer',147),(18390662,'1972-07-27','Rudy','Bruen',137),(18493604,'1961-06-16','Cleta','Walker',145),(18515341,'1940-04-09','Gust','Harris',93),(18677422,'1979-12-13','Clare','Nolan',156),(18716791,'1990-01-16','Alexis','Hessel',119),(18738703,'1958-05-15','Agustina','Dach',161),(18809555,'1988-08-12','Aryanna','Lindgren',244),(18972028,'1956-03-22','Queen','Reinger',82),(19104830,'1958-09-30','Herman','Shields',123),(19130498,'1971-03-22','Jana','Rice',35),(19217977,'1957-06-06','Spencer','Reinger',207),(19346962,'1970-03-14','Elwin','Legros',210),(19360534,'1945-09-27','Kaya','Kuvalis',60),(19502163,'1968-11-01','Virgie','Zemlak',102),(19504918,'1992-11-03','Marietta','O\'Hara',128),(19524430,'1971-07-22','Lori','Hilpert',220),(19563887,'1990-09-12','Erna','Larson',17),(19597702,'1989-02-17','Solon','Durgan',114),(19626491,'1985-03-08','Alice','Terry',222),(19762299,'1957-02-14','Gerardo','Hansen',259),(19770462,'2006-01-24','Rolando','Berge',214),(19952963,'2009-08-12','Meagan','Brakus',216),(19993882,'1956-02-12','Shaylee','Swift',10),(19998545,'1964-04-18','Fred','Durgan',41),(20000953,'2012-10-07','Guiseppe','Lang',129),(20044351,'1960-08-20','Savanna','Hodkiewicz',269),(20152244,'1966-11-07','Drake','Crooks',77),(20242113,'2007-03-06','Sheldon','Marvin',97),(20279896,'1951-04-03','Eliza','Pagac',281),(20315615,'1984-11-19','Rafael','Goldner',255),(20473711,'1937-04-19','Jordane','Doyle',36),(20626470,'1936-12-09','Meredith','Cummerata',57),(20700547,'1961-02-18','Wilma','Abshire',95),(20736044,'1975-05-05','Elvis','Jones',170),(20812318,'1940-06-27','Brent','Torphy',112),(20870727,'1979-12-01','Leslie','Abernathy',110),(20926634,'2010-03-03','Earline','Bartell',206),(20984896,'1996-03-17','Cletus','Mertz',136),(20985559,'1973-12-07','Darren','Block',172),(21055475,'2011-12-27','Zola','Hills',133),(21097968,'1979-11-26','Koby','Mraz',265),(21256053,'1955-06-30','Karl','Crooks',131),(21328836,'1989-06-23','Delores','Reilly',89),(21371768,'2011-09-22','Elinore','Pollich',193),(21564334,'1988-05-01','Candida','Huels',15),(21641053,'1968-02-25','Dennis','Schaefer',241),(21658096,'1990-09-24','Olin','Miller',125),(21715065,'2015-12-27','Lucienne','Durgan',261),(21786648,'2003-03-14','Price','Mante',198),(21795170,'1971-08-28','Scotty','Zemlak',4),(22078100,'2013-11-11','Henry','Pacocha',127),(22190419,'1982-06-13','Alexzander','Kuhn',115),(22228100,'1982-04-20','Vanessa','Robel',1),(22331968,'1981-07-20','Marlee','Koelpin',143),(22364872,'1976-02-13','Jaren','Walker',254),(22394025,'1943-07-20','Bonnie','Kunde',250),(22484516,'1994-11-11','Emmie','Cruickshank',61),(22530344,'1956-03-25','Rachael','Boyer',179),(22813927,'1970-07-31','Orland','Wunsch',84),(22829031,'1943-05-19','Dorcas','O\'Kon',215),(22904002,'1977-09-14','Mathew','Huels',245),(22936284,'2010-09-10','Antonia','Vandervort',228),(22940116,'1943-02-16','Nelson','Ebert',36),(23035361,'1987-11-12','Candelario','Lubowitz',271),(23059357,'1939-06-14','Autumn','Jast',79),(23107754,'2013-04-20','Jalyn','Schowalter',197),(23175153,'1982-12-03','Celestino','Satterfield',27),(23289781,'1956-03-29','Van','Marks',109),(23343683,'1990-08-05','Bethel','Wisozk',48),(23367123,'1959-04-16','Alexandrine','Medhurst',203),(23501765,'1955-01-05','Jermey','Brekke',30),(23588879,'1972-06-07','Sibyl','Crist',264),(23721790,'1974-03-15','Alford','Gusikowski',83),(23731591,'1984-06-25','Cydney','Kreiger',277),(23786581,'2008-01-08','Maryam','Marquardt',134),(23812603,'2011-01-06','Candido','Lesch',256),(23891252,'1962-09-24','Stephen','Koch',243),(23900452,'1940-12-12','Clyde','Pfeffer',44),(23915697,'1956-11-07','Ulices','Ward',211),(23973410,'1971-07-06','Josefina','Rodriguez',6),(24158751,'2006-06-07','Claudie','Von',49),(24231710,'1998-05-23','Kurtis','Schneider',80),(24237566,'1953-10-07','Brendon','Blanda',236),(24242953,'1937-04-29','Vida','Rowe',29),(24271560,'1944-10-25','Edwina','Abshire',157),(24385639,'2009-12-25','Jazmyne','Green',13),(24450646,'1953-08-04','Vince','Mertz',166),(24818482,'1951-11-23','Tara','Tremblay',117),(25026636,'2015-04-04','Matteo','Schuster',241),(25324362,'1953-09-05','Cecelia','Strosin',226),(25467334,'1971-12-06','Jalon','Herzog',67),(25539219,'1951-10-13','Eliane','Senger',285),(25604817,'1954-10-05','Taya','O\'Reilly',120),(25606914,'1951-05-31','Amaya','Gutmann',149),(25620290,'2002-07-01','Eliane','Zieme',286),(25642787,'1992-06-30','Jett','Kling',220),(25648670,'2015-07-09','Louisa','Stark',26),(25854831,'1997-04-08','Ashton','Ledner',191),(25930891,'1981-12-11','Jessika','Metz',57),(25989733,'1945-07-28','Javier','Kunze',59),(26016608,'1984-12-17','Beulah','Grant',113),(26085129,'2011-02-03','Reynold','Stroman',21),(26163209,'1955-10-12','Irwin','D\'Amore',145),(26290420,'1992-09-18','Carleton','Yundt',171),(26318407,'1950-01-11','Corine','Oberbrunner',104),(26323844,'1964-10-17','Walker','Sipes',5),(26379168,'1957-11-29','Krista','Block',33),(26404866,'1972-03-24','Shanie','Osinski',14),(26431974,'1971-12-13','Isai','Nikolaus',40),(26486835,'1946-05-31','Thalia','Kihn',183),(26511873,'1974-08-31','Chaim','Romaguera',68),(26789261,'1947-01-26','Tillman','Thiel',159),(26942691,'1959-04-23','Lorena','Klocko',76),(26977981,'2013-05-02','Rhett','Ward',274),(27012695,'1961-12-11','Brando','Hansen',152),(27082810,'1946-05-08','Yvonne','Carroll',267),(27186969,'1989-04-22','Gaston','Mraz',100),(27198524,'1936-12-04','Providenci','Marks',74),(27217704,'1960-09-13','Angelo','Oberbrunner',197),(27281719,'1953-09-21','Hermann','Connelly',276),(27369427,'1978-08-26','Marquis','Welch',260),(27391079,'1971-09-18','Dell','Botsford',275),(27444006,'1984-04-20','Jany','Powlowski',174),(27675238,'1954-01-30','Kaylin','Rempel',18),(27831672,'1987-03-29','Lauryn','McClure',91),(28121177,'1986-09-21','Armani','Mosciski',202),(28396150,'1950-11-30','Jorge','Turcotte',125),(28536060,'1996-08-30','Ronny','Dietrich',73),(28680653,'1987-01-17','Mac','Waters',90),(28744986,'1977-02-19','Thurman','Boyer',193),(28755646,'2013-12-09','Tremaine','Mills',234),(28835037,'1974-01-20','Mitchell','O\'Kon',207),(28948686,'1956-09-08','Autumn','Connelly',212),(29176202,'1993-04-18','Jaclyn','Crona',54),(29200324,'1983-12-31','Warren','Beatty',107),(29248657,'2015-03-14','Lexus','Nikolaus',172),(29263547,'1975-07-20','Fritz','Turcotte',56),(29344445,'1953-09-09','Bryon','Pagac',122),(29361920,'1981-12-16','Maximillia','Rath',236),(29383026,'1954-01-01','Rosalind','Reinger',77),(29403176,'1958-10-04','Junior','Greenfelder',136),(29503487,'1958-09-06','Angus','Ryan',88),(29517151,'2012-02-26','Sandy','Corwin',231),(29657234,'1944-06-05','Lulu','Johnston',196),(29712056,'1982-02-07','Salvador','Bechtelar',205),(29798089,'1953-08-25','Maryse','Maggio',273),(29804621,'1939-12-18','Timothy','Kemmer',161),(29869896,'1946-02-10','Landen','Thompson',239),(29925063,'1948-01-22','Selina','Hodkiewicz',262),(30198511,'1951-11-16','Mikel','Parisian',177),(30238465,'2008-10-13','Darwin','Reynolds',216),(30361168,'2009-03-10','Alysa','Hyatt',138),(30438510,'1990-03-06','Stanford','Ullrich',282),(30446896,'1972-02-29','Vicenta','Ullrich',8),(30458781,'2005-11-01','Santa','Stoltenberg',266),(30595074,'1977-01-05','Renee','Ullrich',121),(30619554,'1975-01-09','Leola','Powlowski',91),(30937314,'1973-07-21','Winnifred','Hermann',223),(30938615,'1962-10-20','Renee','Johnston',142),(31056875,'1984-02-09','Amina','Altenwerth',137),(31165488,'2001-07-02','Raegan','Lindgren',95),(31187371,'1978-02-13','Enid','Quigley',3),(31209505,'1965-11-13','Alford','Kassulke',286),(31221908,'2005-03-24','Jerome','Klein',50),(31236188,'2012-04-27','Elinore','Bode',202),(31342220,'1963-11-27','Leslie','Boyer',185),(31422116,'1961-12-30','Kailyn','Luettgen',9),(31432329,'1996-05-13','Dovie','Hettinger',3),(31529883,'1958-03-31','Jedidiah','Jast',58),(31554337,'1964-03-19','Salvador','Kovacek',176),(31607796,'1992-04-05','Rogers','Spencer',71),(31726881,'1952-07-14','Laurine','Romaguera',165),(31765977,'1944-07-23','Connor','Crist',144),(31774857,'2005-01-07','Kristopher','Stiedemann',170),(32083125,'1948-11-24','Elsa','Crist',213),(32127763,'2007-07-03','Imogene','Heaney',155),(32250670,'2012-05-07','Ben','Wunsch',195),(32263057,'1953-11-13','Rudy','Mertz',23),(32339915,'1990-04-20','Brayan','Hilll',268),(32431009,'1959-10-14','Rosalinda','Aufderhar',73),(32455114,'1986-03-02','Abraham','Labadie',105),(32497170,'1953-04-07','Dallin','Torp',24),(32610599,'1974-07-22','Velva','Altenwerth',105),(32695483,'2015-02-16','Marta','McGlynn',69),(32805266,'2002-05-12','Lori','Auer',178),(33012449,'1988-04-28','Rae','Kassulke',199),(33119356,'1970-08-10','Vivian','Hilll',190),(33206842,'2002-04-09','Summer','Kautzer',156),(33251704,'2006-05-07','Sandrine','Pfeffer',111),(33319967,'1943-01-11','Kristy','Steuber',108),(33340731,'1957-01-31','Delmer','Stroman',215),(33376519,'1973-04-21','Paris','Glover',165),(33689233,'1989-02-20','Trevion','Dicki',208),(33707427,'2000-01-26','Emmie','Sawayn',103),(33759264,'1937-04-24','Samantha','Conn',258),(33852512,'1937-11-05','Suzanne','Pouros',123),(33945826,'2004-03-01','Eliseo','Gottlieb',201),(34222705,'1974-12-29','Bernadine','Eichmann',106),(34337552,'1953-01-19','Friedrich','Schiller',213),(34443305,'1987-09-18','Billie','King',237),(34448990,'1992-05-30','Sarina','Hagenes',267),(34520146,'1960-09-29','Frankie','Langworth',139),(34523108,'1939-06-09','Delilah','Kuhic',65),(34574465,'1981-09-30','Zora','Harris',181),(34746608,'1996-07-26','Kara','Gulgowski',255),(34766122,'1997-07-02','Garnett','McCullough',28),(34778005,'1936-12-12','Jeanette','Jerde',89),(35185454,'1995-11-25','Gerhard','Blick',209),(35274438,'1973-01-23','Jeanie','Schuster',285),(35306744,'2011-11-10','Ena','Dooley',232),(35314673,'1937-10-25','Jed','Walsh',257),(35360953,'1963-06-05','Sarina','Bartoletti',210),(35396580,'1941-09-26','Marlene','Balistreri',229),(35511872,'1962-06-26','Calista','Dicki',85),(35555872,'1971-02-11','Ryder','Quitzon',180),(35638756,'2006-05-29','Renee','Jaskolski',248),(35663695,'2000-05-14','Maritza','Collins',37),(35676024,'1987-06-19','Hattie','Hand',64),(35830186,'1974-10-16','Belle','Keebler',198),(35872082,'1988-10-26','Hester','Stoltenberg',266),(35885030,'2000-06-15','Hellen','Stamm',272),(35936990,'1982-09-18','Chris','Conroy',201),(36022953,'1989-04-09','Fausto','Klocko',270),(36145751,'2014-11-12','Nora','Schulist',1),(36168633,'2007-03-27','Kory','Nitzsche',68),(36303269,'2002-03-15','Madyson','Kunze',2),(36312566,'1965-07-25','Evelyn','Corwin',63),(36347091,'2002-02-24','Bessie','Steuber',164),(36410479,'1957-01-09','Ricky','Lockman',174),(36437797,'2005-09-14','Melba','Collier',214),(36450668,'1949-11-28','Izabella','Hackett',39),(36593906,'1944-02-19','Carolyn','Ziemann',87),(36616775,'1964-03-28','Tyrel','Kuphal',133),(36627764,'1992-05-04','D\'angelo','Haley',158),(36639867,'1983-08-13','Rickey','Nitzsche',107),(36665361,'1988-08-07','Samson','Ankunding',261),(36709160,'1986-11-23','Nicholas','Graham',218),(36884758,'1965-02-05','Missouri','Gibson',126),(36964824,'1970-08-02','Hilda','Robel',223),(37172751,'1950-07-29','Cale','Kessler',182),(37209483,'1968-01-09','Fae','Crona',155),(37236760,'2008-03-13','Jessie','Bartoletti',271),(37269724,'1952-01-10','Stephen','Wyman',40),(37353381,'1951-06-25','Hellen','Kuphal',166),(37421858,'1984-11-25','Adrianna','Fisher',70),(37795357,'1955-03-16','Madelyn','Monahan',64),(37930705,'1954-08-23','Wilson','Hudson',101),(38051814,'2014-05-07','Madalyn','Schaefer',78),(38124291,'1994-05-31','Providenci','Gleichner',7),(38166448,'1967-12-07','Emory','Graham',90),(38231050,'2005-03-24','Jarrell','Schmitt',62),(38239147,'1969-11-12','Gerda','Gaylord',153),(38274247,'1952-10-07','Korey','Keeling',96),(38301185,'2014-02-14','Josefina','Doyle',25),(38360327,'1986-06-13','Kailyn','Toy',54),(38365107,'1984-12-15','Santa','Rau',235),(38404009,'1999-09-07','Kaelyn','Carroll',196),(38421411,'1972-11-20','King','Beatty',279),(38448111,'1979-09-24','Reyna','Kshlerin',167),(38562307,'1975-02-16','Freddy','Harris',229),(38686163,'1945-03-11','Tomasa','Kassulke',270),(38802687,'1939-06-02','Mercedes','Walsh',58),(38822468,'2004-03-14','Muhammad','Jast',191),(38865986,'1954-09-25','Boris','Koss',128),(38929207,'1980-03-05','Colt','Schaden',117),(38967456,'2001-02-11','Lucienne','Quitzon',51),(38974592,'1955-04-21','Kaia','Gorczany',116),(38975451,'2002-01-03','Hulda','Kertzmann',189),(39088952,'1965-11-03','Mohamed','Hahn',25),(39145077,'1980-11-28','Kristian','Bernier',100),(39166962,'1949-01-26','Wilfredo','King',217),(39300380,'1948-03-14','Brionna','Goyette',121),(39422439,'1982-07-31','Piper','Gislason',160),(39429728,'1991-11-18','Aliya','Murazik',19),(39438980,'1943-10-10','Nona','Oberbrunner',126),(39562057,'1955-01-04','Anthony','Jakubowski',287),(39679558,'1946-01-20','Kory','Gleason',34),(39697724,'2005-07-27','Scottie','Wisoky',168),(39920833,'1960-11-17','Mike','Emard',140),(40032659,'2013-11-29','Marge','Bechtelar',46),(40203597,'2013-05-29','Alberta','Spencer',32),(40216887,'1993-05-18','Lela','Wilderman',162),(40362154,'1952-03-21','Jamaal','Bosco',151),(40366058,'1992-10-04','Berenice','Durgan',86),(40613021,'2004-03-25','Rudolph','Streich',230),(40796972,'1955-10-16','Annalise','Hackett',287),(40815559,'1967-02-08','Mallie','Franecki',38),(40830695,'2012-09-01','Kaleigh','Zulauf',233),(40844136,'1964-10-23','Eliezer','Rau',43),(40949902,'1989-08-17','Fannie','Mohr',60),(40963269,'1994-04-14','Annabell','Kautzer',11),(41133796,'1972-12-16','Meda','Grimes',227),(41142088,'1995-06-10','Price','Denesik',175),(41331666,'1936-12-06','Berta','West',45),(41513015,'1942-06-13','Keenan','Nader',246),(41523483,'2016-09-03','Constance','Frami',37),(41527365,'1997-04-19','Vincent','Mitchell',31),(41575641,'1974-01-16','Stella','Senger',278),(41704227,'1961-11-24','Uriah','Lockman',7),(41712411,'1981-03-15','Jovan','Gerlach',110),(41747922,'1959-07-06','Theodora','Durgan',118),(41756464,'1969-12-02','Lila','Ullrich',49),(41797133,'1966-08-20','Beaulah','O\'Kon',238),(41811189,'2016-01-04','Regan','Watsica',9),(41862393,'2008-09-07','Lloyd','Lang',154),(41905126,'2013-01-07','Myrl','Wiza',265),(42080405,'1967-12-30','Kiarra','Schaefer',284),(42167134,'1950-02-09','Eunice','Halvorson',44),(42220396,'1981-12-28','Arthur','Rempel',209),(42230696,'1960-07-02','Gaetano','Hettinger',4),(42252648,'1946-07-15','Sally','Jenkins',111),(42491277,'1980-03-22','Zelda','Runte',189),(42672717,'1975-12-14','Austyn','Harvey',250),(42744426,'2001-01-29','Avis','Roberts',14),(42893155,'1946-08-19','Antoinette','Turcotte',240),(42909427,'1960-12-22','Moses','Connelly',103),(42909539,'1976-01-17','Vicky','Willms',83),(43012450,'1967-04-17','Alfonso','Blanda',43),(43171322,'1937-02-21','Etha','Hickle',204),(43245132,'1964-06-08','Arno','Streich',152),(43250243,'1972-08-28','Michaela','Williamson',102),(43323260,'2009-07-23','Taya','Mann',158),(43383562,'1984-10-03','Kali','Batz',242),(43442399,'1992-05-25','Kaycee','Parisian',22),(43455116,'1941-10-26','Alessandro','Rogahn',5),(43523957,'1965-03-27','Estrella','Harvey',173),(43666550,'1943-05-02','Mohammed','Hansen',274),(43714149,'2000-11-07','Kali','Wiza',211),(43741517,'1992-04-01','Retta','Murazik',81),(43753873,'1965-07-11','Glennie','Klein',135),(43770232,'1972-06-27','Reinhold','Jacobi',98),(43803558,'2012-09-21','Zita','Klein',277),(44043546,'1972-04-17','Rosalinda','Altenwerth',203),(44088389,'1991-02-23','Nina','Gorczany',132),(44180942,'1997-08-05','Stephania','Collier',248),(44227911,'1992-10-04','Jacinthe','Bruen',13),(44409215,'2005-08-19','Richard','Becker',12),(44492116,'2000-02-02','Maverick','Larkin',146),(44563425,'1939-01-04','Adeline','Jacobs',222),(44673996,'1981-08-23','Delia','Mraz',233),(44746436,'1961-03-23','Kade','Greenholt',188),(44862533,'1962-10-18','Bell','Armstrong',256),(44932188,'1970-03-21','Mina','Hickle',252),(44956802,'1967-02-15','Selmer','Wilderman',218),(44964142,'1991-06-22','Courtney','Turner',179),(45071994,'1949-10-04','Stanley','Thiel',71),(45161098,'1991-06-24','Thalia','Doyle',150),(45173342,'1947-08-18','Jesse','Kessler',221),(45281434,'1953-10-16','Estella','McLaughlin',92),(45436360,'1985-09-14','Hector','Deckow',200),(45592171,'1956-03-08','Rebecca','Lowe',55),(45634545,'1994-08-08','Arthur','Lowe',224),(45637433,'1961-02-02','Roxane','Larson',268),(45768985,'2008-11-13','Fritz','Cremin',98),(45770550,'1974-05-17','Nathan','Padberg',226);
/*!40000 ALTER TABLE `personas` ENABLE KEYS */;
UNLOCK TABLES;

--
-- Table structure for table `rangos`
--

DROP TABLE IF EXISTS `rangos`;
/*!40101 SET @saved_cs_client     = @@character_set_client */;
/*!40101 SET character_set_client = utf8 */;
CREATE TABLE `rangos` (
  `nombre` varchar(30) NOT NULL,
  PRIMARY KEY (`nombre`)
) ENGINE=InnoDB DEFAULT CHARSET=utf8;
/*!40101 SET character_set_client = @saved_cs_client */;

--
-- Dumping data for table `rangos`
--

LOCK TABLES `rangos` WRITE;
/*!40000 ALTER TABLE `rangos` DISABLE KEYS */;
INSERT INTO `rangos` VALUES ('Cabo'),('Comisario'),('Detective'),('General'),('Raso'),('Sargento'),('Sheriff'),('Teniente');
/*!40000 ALTER TABLE `rangos` ENABLE KEYS */;
UNLOCK TABLES;

--
-- Table structure for table `roles`
--

DROP TABLE IF EXISTS `roles`;
/*!40101 SET @saved_cs_client     = @@character_set_client */;
/*!40101 SET character_set_client = utf8 */;
CREATE TABLE `roles` (
  `nombre` varchar(30) NOT NULL,
  PRIMARY KEY (`nombre`)
) ENGINE=InnoDB DEFAULT CHARSET=utf8;
/*!40101 SET character_set_client = @saved_cs_client */;

--
-- Dumping data for table `roles`
--

LOCK TABLES `roles` WRITE;
/*!40000 ALTER TABLE `roles` DISABLE KEYS */;
INSERT INTO `roles` VALUES ('Acusado'),('Testigo'),('Victima');
/*!40000 ALTER TABLE `roles` ENABLE KEYS */;
UNLOCK TABLES;

--
-- Table structure for table `servicios`
--

DROP TABLE IF EXISTS `servicios`;
/*!40101 SET @saved_cs_client     = @@character_set_client */;
/*!40101 SET character_set_client = utf8 */;
CREATE TABLE `servicios` (
  `nombre` varchar(30) NOT NULL,
  PRIMARY KEY (`nombre`)
) ENGINE=InnoDB DEFAULT CHARSET=utf8;
/*!40101 SET character_set_client = @saved_cs_client */;

--
-- Dumping data for table `servicios`
--

LOCK TABLES `servicios` WRITE;
/*!40000 ALTER TABLE `servicios` DISABLE KEYS */;
INSERT INTO `servicios` VALUES ('Administrativo'),('Asuntos Internos'),('Banco'),('Bombero'),('Forense'),('Frontera'),('Guardia'),('Informatica'),('Parque'),('Recolector'),('Seguridad'),('SIDE'),('Tráfico');
/*!40000 ALTER TABLE `servicios` ENABLE KEYS */;
UNLOCK TABLES;

--
-- Table structure for table `telefonos`
--

DROP TABLE IF EXISTS `telefonos`;
/*!40101 SET @saved_cs_client     = @@character_set_client */;
/*!40101 SET character_set_client = utf8 */;
CREATE TABLE `telefonos` (
  `numero` int(11) NOT NULL,
  `persona_dni` int(11) NOT NULL,
  `tipo` varchar(30) NOT NULL,
  PRIMARY KEY (`numero`),
  KEY `persona_dni` (`persona_dni`),
  CONSTRAINT `telefonos_ibfk_1` FOREIGN KEY (`persona_dni`) REFERENCES `personas` (`dni`)
) ENGINE=InnoDB DEFAULT CHARSET=utf8;
/*!40101 SET character_set_client = @saved_cs_client */;

--
-- Dumping data for table `telefonos`
--

LOCK TABLES `telefonos` WRITE;
/*!40000 ALTER TABLE `telefonos` DISABLE KEYS */;
INSERT INTO `telefonos` VALUES (454147,19104830,'Laboral'),(719034,32805266,'Laboral'),(734610,38231050,'Celular'),(901083,26977981,'Laboral'),(1087880,24158751,'Domicilio'),(1709376,42230696,'Celular'),(1816999,29263547,'Laboral'),(2272266,40203597,'Celular'),(2581525,15445406,'Celular'),(2800611,35396580,'Domicilio'),(3311642,22904002,'Celular'),(3350084,39679558,'Celular'),(3434675,43666550,'Celular'),(3896913,31432329,'Domicilio'),(4464851,16599111,'Celular'),(4644605,21786648,'Celular'),(4726882,37236760,'Celular'),(5053918,41747922,'Laboral'),(5089797,22813927,'Celular'),(5123226,15924202,'Laboral'),(5133195,39697724,'Celular'),(5374353,39429728,'Domicilio'),(5492470,17636614,'Laboral'),(5600993,40815559,'Laboral'),(5765178,31554337,'Domicilio'),(5834033,35274438,'Domicilio'),(6219604,28680653,'Celular'),(6257541,23501765,'Celular'),(6302947,31765977,'Celular'),(6384998,41331666,'Laboral'),(6725720,33340731,'Laboral'),(6922137,19762299,'Domicilio'),(7076707,22829031,'Celular'),(7170995,30619554,'Celular'),(7288523,40844136,'Domicilio'),(7290700,28835037,'Domicilio'),(7577220,16599111,'Laboral'),(7747370,34443305,'Celular'),(7959503,21658096,'Laboral'),(8094433,18677422,'Celular'),(8268088,41133796,'Domicilio'),(8292356,26085129,'Domicilio'),(8521781,13899773,'Laboral'),(8619926,24158751,'Laboral'),(8628434,36593906,'Celular'),(8731319,36884758,'Domicilio'),(9029750,20700547,'Domicilio'),(9062254,33376519,'Laboral'),(9088743,29712056,'Celular'),(9297181,39438980,'Celular'),(9499264,19993882,'Laboral'),(9521296,38929207,'Domicilio'),(9646991,13505303,'Domicilio'),(9698163,35676024,'Celular'),(9981069,37172751,'Laboral'),(10181572,15445406,'Laboral'),(10215551,27186969,'Domicilio'),(10489295,12628705,'Domicilio'),(10719383,26942691,'Domicilio'),(10726491,22484516,'Celular'),(10914892,31774857,'Celular'),(10999445,41527365,'Celular'),(11045782,43012450,'Celular'),(11069721,33340731,'Celular'),(11139486,36312566,'Celular'),(11691518,20870727,'Domicilio'),(11783620,34778005,'Domicilio'),(11837448,22936284,'Domicilio'),(12024454,45071994,'Celular'),(12305855,18972028,'Domicilio'),(12388928,22530344,'Domicilio'),(12473925,19770462,'Laboral'),(12534080,17417105,'Laboral'),(12644303,30446896,'Celular'),(12664427,36410479,'Domicilio'),(12823957,38967456,'Domicilio'),(12857889,32083125,'Celular'),(12929685,43803558,'Laboral'),(13039402,44492116,'Domicilio'),(13203925,35830186,'Laboral'),(13303130,25854831,'Celular'),(13377363,33945826,'Celular'),(13651659,33012449,'Domicilio'),(13795934,16780840,'Laboral'),(13889495,18390662,'Domicilio'),(13921322,30595074,'Celular'),(14182415,29383026,'Laboral'),(14333687,42909427,'Laboral'),(14343593,38301185,'Celular'),(14985774,20985559,'Celular'),(15025399,20152244,'Domicilio'),(15097539,40362154,'Laboral'),(15133261,44673996,'Celular'),(15237276,21256053,'Celular'),(15282103,43753873,'Domicilio'),(15408093,15944880,'Domicilio'),(15527010,31726881,'Domicilio'),(15856082,38051814,'Domicilio'),(15909241,15517831,'Celular'),(15956807,31554337,'Laboral'),(16291796,23973410,'Domicilio'),(16315196,15263590,'Laboral'),(16344072,27281719,'Laboral'),(16351646,35360953,'Domicilio'),(16441454,43714149,'Domicilio'),(16536197,13356743,'Domicilio'),(16734148,45436360,'Celular'),(16768244,38802687,'Celular'),(17018444,29403176,'Domicilio'),(17169739,32455114,'Laboral'),(17179481,36450668,'Laboral'),(17265082,43741517,'Celular'),(17521066,35885030,'Celular'),(18094649,36303269,'Celular'),(18289099,17267163,'Celular'),(18300258,42893155,'Domicilio'),(18473069,26085129,'Domicilio'),(18479617,34574465,'Domicilio'),(18618444,20000953,'Domicilio'),(18634987,32695483,'Laboral'),(18677614,12526585,'Laboral'),(18867878,45634545,'Celular'),(19060840,45770550,'Domicilio'),(19338375,37269724,'Celular'),(19398970,28396150,'Laboral'),(19428679,41747922,'Celular'),(19691911,41704227,'Domicilio'),(19941398,14597100,'Celular'),(19950437,45436360,'Laboral'),(19981681,19563887,'Laboral'),(20001627,12523853,'Celular'),(20062625,16845509,'Domicilio'),(20180040,23107754,'Celular'),(20458708,14121867,'Domicilio'),(20784301,40815559,'Laboral'),(20802635,25604817,'Domicilio'),(20987392,24231710,'Celular'),(21386774,30458781,'Domicilio'),(21430029,35663695,'Laboral'),(21492413,39697724,'Celular'),(21586743,27675238,'Laboral'),(21625985,28744986,'Laboral'),(21638185,39088952,'Laboral'),(22063788,24450646,'Domicilio'),(22118850,37209483,'Celular'),(22238082,38274247,'Laboral'),(22510580,39562057,'Celular'),(22550721,29344445,'Laboral'),(22614484,40949902,'Domicilio'),(22761035,19504918,'Laboral'),(22906752,12041500,'Domicilio'),(22918506,21715065,'Domicilio'),(22963535,22331968,'Laboral'),(23250013,31774857,'Domicilio'),(23260258,23731591,'Domicilio'),(23268782,40963269,'Laboral'),(23649292,26486835,'Celular'),(23795302,18319576,'Laboral'),(24012385,27012695,'Domicilio'),(24086427,30938615,'Laboral'),(24332256,29925063,'Domicilio'),(24360618,16641618,'Laboral'),(24639118,41862393,'Celular'),(24869666,27198524,'Domicilio'),(25035326,33689233,'Laboral'),(25340245,33119356,'Domicilio'),(25419104,43383562,'Domicilio'),(25442620,36312566,'Domicilio'),(25629416,35872082,'Domicilio'),(25677243,18515341,'Domicilio'),(25742153,23175153,'Domicilio'),(26114815,36022953,'Laboral'),(26410778,30438510,'Domicilio'),(26568939,30446896,'Domicilio'),(26742844,33319967,'Celular'),(26856795,18319576,'Celular'),(26864619,44492116,'Laboral'),(27124816,27391079,'Domicilio'),(27173316,20812318,'Celular'),(27184504,42220396,'Celular'),(27316868,43770232,'Laboral'),(27562766,19130498,'Domicilio'),(27611478,21795170,'Laboral'),(27626934,29176202,'Laboral'),(27745677,44673996,'Celular'),(27966183,26163209,'Domicilio'),(28537081,42252648,'Laboral'),(28780323,27082810,'Domicilio'),(29024615,43523957,'Domicilio'),(29241035,36616775,'Laboral'),(29337353,17636614,'Domicilio'),(29357456,41712411,'Laboral'),(29720374,42491277,'Laboral'),(29874526,33319967,'Domicilio'),(30024612,16527352,'Domicilio'),(30071508,35185454,'Domicilio'),(30230303,40613021,'Celular'),(30474359,23721790,'Laboral'),(30753229,35306744,'Domicilio'),(30941980,29657234,'Domicilio'),(30989791,38975451,'Domicilio'),(31114407,16819919,'Domicilio'),(31308758,33376519,'Celular'),(31766394,17200043,'Celular'),(31835657,29869896,'Celular'),(31893811,32263057,'Laboral'),(32094511,32250670,'Laboral'),(32388961,43323260,'Domicilio'),(32603845,19502163,'Celular'),(32628668,17421714,'Celular'),(32641931,16073266,'Celular'),(32654767,22530344,'Domicilio'),(33049590,39300380,'Laboral'),(33120281,34523108,'Celular'),(33224774,16073266,'Domicilio'),(33661597,21328836,'Laboral'),(33719059,40216887,'Celular'),(33838475,36437797,'Laboral'),(33985961,20926634,'Laboral'),(34104481,36347091,'Domicilio'),(34330565,31221908,'Laboral'),(35066095,22904002,'Laboral'),(35199357,29804621,'Domicilio'),(35614722,12887129,'Domicilio'),(35735551,19524430,'Laboral'),(35805049,20279896,'Domicilio'),(35908306,38865986,'Laboral'),(36029749,26942691,'Domicilio'),(36676948,20984896,'Celular'),(36705616,45768985,'Laboral'),(36721796,41862393,'Laboral'),(36958493,39562057,'Laboral'),(37103166,36639867,'Celular'),(37154077,41142088,'Celular'),(37359952,19597702,'Celular'),(37616505,19504918,'Domicilio'),(37778023,38686163,'Domicilio'),(37879712,16656275,'Celular'),(38434986,17341580,'Domicilio'),(38819558,42167134,'Domicilio'),(38822972,23107754,'Laboral'),(39356369,30198511,'Domicilio'),(39522545,24818482,'Celular'),(39869795,22078100,'Laboral'),(39984383,39920833,'Laboral'),(39989704,31422116,'Domicilio'),(40319857,37421858,'Laboral'),(40401464,45173342,'Laboral'),(40493108,27831672,'Laboral'),(40975723,17292819,'Celular'),(41301241,36145751,'Domicilio'),(41394381,35555872,'Laboral'),(41423434,40830695,'Celular'),(41709574,41527365,'Laboral'),(41833786,14355510,'Domicilio'),(41880044,17427905,'Celular'),(41898438,15674148,'Domicilio'),(42284763,42491277,'Laboral'),(42317761,19998545,'Celular'),(42390821,15517831,'Celular'),(42509234,35511872,'Domicilio'),(42887229,31187371,'Celular'),(42894749,29657234,'Domicilio'),(42963973,21564334,'Celular'),(43279606,42909539,'Laboral'),(43280967,34574465,'Laboral'),(43331620,26379168,'Domicilio'),(43400265,16527352,'Celular'),(43617435,42252648,'Domicilio'),(43645559,13017027,'Domicilio'),(43799374,44862533,'Laboral'),(43866360,25606914,'Celular'),(43977895,25648670,'Laboral'),(43991019,25930891,'Laboral'),(44380315,17341580,'Domicilio'),(44427196,38865986,'Domicilio'),(44750068,42744426,'Domicilio'),(44906915,39422439,'Laboral'),(45191371,26511873,'Laboral'),(45398556,23891252,'Domicilio'),(45490944,30937314,'Laboral'),(45738185,35676024,'Celular'),(45900818,26290420,'Celular'),(45972126,27444006,'Celular'),(46062910,17919065,'Celular'),(46070333,25604817,'Domicilio'),(46268143,23501765,'Laboral'),(46340760,33206842,'Celular'),(46433756,16819919,'Domicilio'),(46535851,34222705,'Domicilio'),(46553461,21055475,'Laboral'),(46675547,34337552,'Domicilio'),(46738817,22829031,'Celular'),(46856948,27281719,'Celular'),(46897074,20984896,'Domicilio'),(47067338,19346962,'Domicilio'),(47292649,38929207,'Celular'),(47325439,19502163,'Celular'),(47951294,15009808,'Laboral'),(48121603,35314673,'Laboral'),(48175335,19626491,'Celular'),(48386711,38166448,'Celular'),(48948369,13305719,'Domicilio'),(49285641,25324362,'Domicilio'),(49334515,40949902,'Laboral'),(49398714,13305719,'Laboral'),(49432695,32695483,'Domicilio'),(49550671,36303269,'Celular'),(49618138,29403176,'Domicilio'),(50246661,31221908,'Celular'),(50503106,29248657,'Laboral'),(50545535,40844136,'Domicilio'),(50829945,14327424,'Domicilio'),(51020349,17854592,'Laboral'),(51072630,13356743,'Domicilio'),(51169110,40796972,'Laboral'),(51180023,44409215,'Laboral'),(51299368,36665361,'Domicilio'),(51477353,38404009,'Laboral'),(51478704,12578864,'Laboral'),(51755012,43245132,'Celular'),(52078053,15674148,'Laboral'),(52107126,38404009,'Domicilio'),(52503825,44932188,'Domicilio'),(52549016,24385639,'Domicilio'),(52873617,31165488,'Laboral'),(53016361,38360327,'Domicilio'),(53050767,31765977,'Celular'),(53093709,45281434,'Laboral'),(53242959,42167134,'Celular'),(53295315,23915697,'Laboral'),(53296982,15991878,'Laboral'),(53587299,35872082,'Domicilio'),(53600619,35638756,'Domicilio'),(53840475,41142088,'Celular'),(53876681,41523483,'Laboral'),(53983527,30238465,'Domicilio'),(54031528,24271560,'Domicilio'),(54233984,35830186,'Domicilio'),(54280341,29503487,'Laboral'),(54426048,44956802,'Domicilio'),(54512615,20736044,'Domicilio'),(54718632,39145077,'Celular'),(54931697,25989733,'Laboral'),(55036415,35314673,'Laboral'),(55387499,14234608,'Domicilio'),(55607733,26318407,'Domicilio'),(55819449,20626470,'Laboral'),(56104423,36168633,'Celular'),(56135637,23343683,'Domicilio'),(56140663,30937314,'Domicilio'),(57058660,31342220,'Celular'),(57592458,44088389,'Laboral'),(57910093,31607796,'Laboral'),(58004821,23059357,'Laboral'),(58080510,27186969,'Domicilio'),(58148210,23891252,'Domicilio'),(58237217,36709160,'Celular'),(58339586,12728251,'Celular'),(58347579,41756464,'Laboral'),(58410747,29200324,'Celular'),(58658586,36964824,'Domicilio'),(58710850,26789261,'Laboral'),(58887246,16641618,'Laboral'),(59049732,32339915,'Domicilio'),(59320045,34222705,'Celular'),(59532839,32127763,'Domicilio'),(59842748,19346962,'Celular'),(59983793,31529883,'Domicilio'),(60059446,41712411,'Laboral'),(60324455,13461775,'Celular'),(60447064,17427905,'Domicilio'),(60587555,12219178,'Domicilio'),(60749043,23588879,'Laboral'),(60805564,38301185,'Laboral'),(61035082,41811189,'Celular'),(61262164,17729075,'Domicilio'),(61328062,15403652,'Domicilio'),(61357935,24242953,'Celular'),(61453463,34337552,'Domicilio'),(61979111,21658096,'Celular'),(62113938,20473711,'Celular'),(62138862,37930705,'Laboral'),(62167793,14597100,'Laboral'),(62747961,22364872,'Domicilio'),(62753057,17854592,'Celular'),(62817199,41704227,'Domicilio'),(63357687,23786581,'Domicilio'),(63462141,22394025,'Laboral'),(63496056,36450668,'Laboral'),(63580533,45071994,'Domicilio'),(63696541,27444006,'Celular'),(63785003,13165639,'Domicilio'),(63891408,22228100,'Domicilio'),(63892337,20812318,'Celular'),(63994653,20736044,'Celular'),(64116225,34448990,'Domicilio'),(64130574,38239147,'Celular'),(64135121,36410479,'Domicilio'),(64169983,24385639,'Domicilio'),(64213283,43741517,'Celular'),(64309029,27391079,'Laboral'),(64701031,41905126,'Celular'),(64807499,42080405,'Celular'),(64873068,32610599,'Laboral'),(64936123,45161098,'Domicilio'),(65478471,15991878,'Domicilio'),(65612317,38365107,'Celular'),(65788587,43753873,'Laboral'),(65923474,34778005,'Celular'),(66112217,29361920,'Laboral'),(66300882,41905126,'Celular'),(66386906,34520146,'Domicilio'),(66593670,44862533,'Celular'),(66908492,26404866,'Laboral'),(67089287,38239147,'Domicilio'),(67110369,19360534,'Laboral'),(67113169,23289781,'Laboral'),(67461110,31432329,'Domicilio'),(67595233,31209505,'Celular'),(67664360,37795357,'Celular'),(67788203,44563425,'Laboral'),(67803371,34443305,'Celular'),(67910597,21097968,'Domicilio'),(68194451,16606870,'Laboral'),(68220317,21786648,'Domicilio'),(68350398,38051814,'Domicilio'),(68463654,14957691,'Celular'),(68545432,25989733,'Celular'),(69265021,25620290,'Domicilio'),(69281640,19130498,'Domicilio'),(69299586,12468697,'Laboral'),(69692316,38802687,'Celular'),(69858709,20044351,'Laboral'),(69890346,25539219,'Laboral'),(70073509,17421714,'Domicilio'),(70420506,43455116,'Domicilio'),(70530756,33707427,'Laboral'),(70574831,22078100,'Domicilio'),(70638840,43442399,'Domicilio'),(70685472,45161098,'Laboral'),(71021986,14875000,'Celular'),(71093757,17524232,'Laboral'),(71136216,39429728,'Domicilio'),(71345229,43171322,'Laboral'),(71524393,21641053,'Domicilio'),(71805333,25642787,'Laboral'),(72216622,29517151,'Laboral'),(72292202,43323260,'Celular'),(72397356,41797133,'Celular'),(72464856,23900452,'Laboral'),(72470530,12628705,'Laboral'),(72492734,13461775,'Laboral'),(72827543,38365107,'Domicilio'),(72881959,24237566,'Laboral'),(72897345,27217704,'Celular'),(73068740,19626491,'Celular'),(73169987,21795170,'Laboral'),(73199498,29869896,'Celular'),(73300222,20279896,'Domicilio'),(73390071,27369427,'Domicilio'),(73461992,13306910,'Laboral'),(73663492,30238465,'Domicilio'),(74018630,43250243,'Domicilio'),(74485601,12523853,'Laboral'),(74568996,14984165,'Laboral'),(74750564,38686163,'Celular'),(75332852,44180942,'Laboral'),(75389526,34766122,'Celular'),(75436699,17558584,'Domicilio'),(75647306,18738703,'Laboral'),(75660174,17558584,'Celular'),(75675531,37795357,'Celular'),(75879479,23289781,'Celular'),(76051896,16780840,'Celular'),(76210606,45634545,'Celular'),(76227216,17524232,'Domicilio'),(76384474,23035361,'Domicilio'),(76390884,32497170,'Laboral'),(76917003,39920833,'Laboral'),(76960500,28755646,'Celular'),(77013250,19597702,'Laboral'),(77125968,27675238,'Celular'),(77219791,33689233,'Domicilio'),(77247659,29383026,'Laboral'),(77303175,14957691,'Celular'),(77345899,20870727,'Laboral'),(77677382,14234608,'Laboral'),(78866783,37236760,'Domicilio'),(78889620,26290420,'Celular'),(79226170,18515341,'Laboral'),(79479264,26323844,'Celular'),(79504690,38421411,'Domicilio'),(79647596,31236188,'Domicilio'),(79707011,20626470,'Laboral'),(80010847,25467334,'Domicilio'),(80299306,12853373,'Domicilio'),(80491427,22936284,'Celular'),(80536990,36627764,'Celular'),(80645781,23367123,'Laboral'),(80677047,37353381,'Celular'),(81010475,18390662,'Laboral'),(81014611,41797133,'Laboral'),(81028245,29712056,'Celular'),(81034977,41133796,'Celular'),(81442736,38562307,'Celular'),(81504843,16781953,'Laboral'),(81646040,44932188,'Laboral'),(81799611,42672717,'Laboral'),(81867461,34746608,'Celular'),(81999138,44180942,'Laboral'),(82199423,25539219,'Domicilio'),(83054053,34746608,'Laboral'),(83082863,12642588,'Domicilio'),(83103705,41331666,'Domicilio'),(83137713,20242113,'Laboral'),(83415096,18809555,'Laboral'),(83535065,34520146,'Domicilio'),(83607651,24818482,'Laboral'),(83612082,16845509,'Laboral'),(83661450,33251704,'Domicilio'),(83739403,43383562,'Laboral'),(83922571,36168633,'Domicilio'),(84017514,12430879,'Domicilio'),(84028053,26977981,'Celular'),(84090192,18716791,'Laboral'),(84101573,39145077,'Domicilio'),(84183342,31056875,'Celular'),(84220192,41513015,'Laboral'),(84391777,44409215,'Domicilio'),(84401850,13874798,'Domicilio'),(84468294,23721790,'Laboral'),(84557307,44043546,'Laboral'),(84814535,36616775,'Domicilio'),(84919998,35936990,'Domicilio'),(84969734,34523108,'Laboral'),(85607201,40366058,'Laboral'),(85678021,43523957,'Domicilio'),(85732674,16353985,'Domicilio'),(85845241,25026636,'Celular'),(85886097,33206842,'Celular'),(86069813,12430879,'Celular'),(86160937,19217977,'Domicilio'),(86347979,17292819,'Celular'),(86969435,15944880,'Laboral'),(87379422,26016608,'Celular'),(87582136,21371768,'Laboral'),(87679784,42220396,'Laboral'),(87807505,13505303,'Domicilio'),(87893855,18493604,'Domicilio'),(87987376,14249860,'Domicilio'),(88042003,26431974,'Celular'),(88092669,25648670,'Laboral'),(88343139,30619554,'Laboral'),(88554044,14710744,'Celular'),(88713497,25930891,'Domicilio'),(88904808,43666550,'Laboral'),(89002563,22190419,'Celular'),(89104130,38166448,'Laboral'),(89339497,40032659,'Laboral'),(89370129,24237566,'Celular'),(89465621,37930705,'Celular'),(89677889,25642787,'Laboral'),(89814319,43714149,'Laboral'),(89825052,12853373,'Laboral'),(89844621,38124291,'Laboral'),(90325129,29798089,'Celular'),(90347562,33759264,'Domicilio'),(90521849,41575641,'Domicilio'),(91362249,37172751,'Celular'),(91366342,30361168,'Celular'),(91377957,24242953,'Domicilio'),(91422426,28536060,'Domicilio'),(91613917,19952963,'Laboral'),(91674941,39166962,'Celular'),(91678473,21055475,'Domicilio'),(91739957,42080405,'Domicilio'),(91751945,18677422,'Laboral'),(91813317,16889380,'Domicilio'),(91948709,38967456,'Domicilio'),(92074360,16353985,'Domicilio'),(92413823,38975451,'Laboral'),(92590884,24231710,'Domicilio'),(93054673,32805266,'Laboral'),(93095453,44088389,'Domicilio'),(93102818,19360534,'Celular'),(93401740,16889380,'Celular'),(93566692,27198524,'Laboral'),(93595795,16338782,'Domicilio'),(93629256,15403652,'Celular'),(93641555,17225802,'Celular'),(93692613,12951799,'Domicilio'),(93714757,13500809,'Laboral'),(93998726,44746436,'Laboral'),(94000216,44964142,'Domicilio'),(94309720,45637433,'Domicilio'),(94752634,45770550,'Domicilio'),(94841691,36884758,'Domicilio'),(94969769,31726881,'Celular'),(95018192,18371576,'Celular'),(95335431,40963269,'Celular'),(95689733,19563887,'Celular'),(95947552,38822468,'Celular'),(96142832,45173342,'Laboral'),(96308793,20700547,'Domicilio'),(96331553,37269724,'Laboral'),(96474834,44227911,'Laboral'),(96476004,23786581,'Celular'),(96501162,38274247,'Laboral'),(96517772,32431009,'Celular'),(96588830,27217704,'Celular'),(96644762,28121177,'Domicilio'),(97202341,30938615,'Domicilio'),(97524006,33852512,'Domicilio'),(97526232,21715065,'Domicilio'),(97585201,38974592,'Laboral'),(97588265,22940116,'Celular'),(97736187,31342220,'Laboral'),(97746335,23973410,'Domicilio'),(97866526,28948686,'Celular'),(97951383,12818808,'Celular'),(98097796,23812603,'Celular'),(98463790,35360953,'Laboral'),(98472366,38448111,'Domicilio'),(98751562,17919065,'Domicilio'),(98776034,13017027,'Domicilio'),(98843003,32431009,'Domicilio'),(98870911,20315615,'Laboral'),(98903473,36964824,'Domicilio'),(99076141,45592171,'Domicilio'),(99603113,23812603,'Domicilio'),(99899231,20985559,'Laboral');
/*!40000 ALTER TABLE `telefonos` ENABLE KEYS */;
UNLOCK TABLES;

--
-- Table structure for table `testimonios`
--

DROP TABLE IF EXISTS `testimonios`;
/*!40101 SET @saved_cs_client     = @@character_set_client */;
/*!40101 SET character_set_client = utf8 */;
CREATE TABLE `testimonios` (
  `id` int(11) NOT NULL,
  `caso_id` int(11) DEFAULT NULL,
  `persona_dni` int(11) DEFAULT NULL,
  `texto` varchar(255) NOT NULL,
  `fecha` datetime NOT NULL,
  `nro_placa_policia_a_cargo` int(11) NOT NULL,
  PRIMARY KEY (`id`),
  KEY `caso_id` (`caso_id`,`persona_dni`),
  KEY `nro_placa_policia_a_cargo` (`nro_placa_policia_a_cargo`),
  CONSTRAINT `testimonios_ibfk_1` FOREIGN KEY (`caso_id`, `persona_dni`) REFERENCES `caso_criminal_personas` (`caso_id`, `persona_dni`),
  CONSTRAINT `testimonios_ibfk_2` FOREIGN KEY (`nro_placa_policia_a_cargo`) REFERENCES `oficiales_de_policia` (`numero_de_placa`)
) ENGINE=InnoDB DEFAULT CHARSET=utf8;
/*!40101 SET character_set_client = @saved_cs_client */;

--
-- Dumping data for table `testimonios`
--

LOCK TABLES `testimonios` WRITE;
/*!40000 ALTER TABLE `testimonios` DISABLE KEYS */;
INSERT INTO `testimonios` VALUES (1,1,23367123,'Shut him up or shut him down.','2015-08-12 21:09:37',83617),(2,1,38929207,'Never tell me the odds!','2016-05-06 11:14:00',78708),(3,2,42744426,'Do. Or do not. There is no try.','2016-07-24 17:17:11',41790),(4,2,40032659,'Would somebody get this big walking carpet out of my way?','2016-08-29 06:29:27',82768),(5,2,41704227,'You know, that little droid is going to cause me a lot of trouble.','2016-06-09 23:50:08',96436),(6,3,42167134,'Judge me by my size, do you?','2015-05-07 16:31:50',37141),(7,3,29383026,'Would somebody get this big walking carpet out of my way?','2016-03-05 08:47:20',61891),(8,3,43666550,'You know, that little droid is going to cause me a lot of trouble.','2016-07-28 05:08:02',52913),(9,4,27217704,'I have a bad feeling about this.','2015-11-03 15:02:37',71922),(10,4,21795170,'Shut him up or shut him down.','2016-01-17 13:42:32',35892),(11,4,45592171,'A Jedi uses the Force for knowledge and defense, never for attack.','2014-09-24 16:41:28',58388),(12,4,19524430,'Aren\'t you a little short for a Stormtrooper?','2014-12-09 01:36:16',76891),(13,4,29657234,'You do have your moments. Not many, but you have them.','2014-09-11 09:16:43',82975),(14,5,38231050,'R2-D2, you know better than to trust a strange computer!','2015-05-03 05:48:34',89967),(15,5,17421714,'You do have your moments. Not many, but you have them.','2014-07-25 17:30:42',26385),(16,5,19104830,'You are unwise to lower your defenses!','2014-06-17 04:08:38',18727),(17,6,27082810,'Judge me by my size, do you?','2016-06-14 05:01:06',89385),(18,6,29403176,'You will never find a more wretched hive of scum and villainy. We must be cautious.','2016-06-10 09:25:24',68442),(19,6,14234608,'You do have your moments. Not many, but you have them.','2016-03-11 13:28:13',95173),(20,7,39920833,'If they follow standard Imperial procedure, they\'ll dump their garbage before they go to light-speed.','2016-07-11 14:45:10',84072),(21,9,29176202,'Now, witness the power of this fully operational battle station.','2014-02-27 19:00:53',13257),(22,9,29248657,'You\'ll find I\'m full of surprises!','2014-12-27 20:23:46',76891),(23,9,23891252,'Aren\'t you a little short for a Stormtrooper?','2015-06-27 01:45:48',78509),(24,11,18972028,'Only at the end do you realize the power of the Dark Side.','2015-08-27 07:20:49',68483),(25,11,45161098,'Only at the end do you realize the power of the Dark Side.','2015-08-08 09:05:38',41790),(26,11,17729075,'Strike me down, and I will become more powerful than you could possibly imagine.','2016-08-13 14:40:03',95173),(27,12,41712411,'You\'ll find I\'m full of surprises!','2015-08-06 23:58:18',39152),(28,12,31236188,'Never tell me the odds!','2014-07-07 07:33:36',71030),(29,12,19597702,'I have a bad feeling about this.','2015-03-04 23:14:49',61871),(30,12,32610599,'Do. Or do not. There is no try.','2016-03-12 21:52:40',13257),(31,13,25026636,'Do. Or do not. There is no try.','2016-09-11 18:52:38',78708),(32,13,38301185,'Bounty hunters! We don\'t need this scum.','2016-09-11 09:28:36',79993),(33,13,31187371,'R2-D2, you know better than to trust a strange computer!','2016-09-13 04:31:13',55799),(34,14,17267163,'Who\'s the more foolish; the fool, or the fool who follows him?','2015-08-21 08:08:43',54631),(35,15,26404866,'Well, you said you wanted to be around when I made a mistake.','2014-11-16 12:49:16',82917),(36,15,29925063,'I find your lack of faith disturbing.','2016-08-21 02:09:36',15049),(37,16,23812603,'You know, that little droid is going to cause me a lot of trouble.','2016-09-02 04:45:04',79393),(38,16,41575641,'If you\'re saying that coming here was a bad idea, I\'m starting to agree with you.','2016-07-28 17:57:46',52364),(39,16,36665361,'You\'ll find I\'m full of surprises!','2016-08-01 07:18:07',38498),(40,16,32497170,'You will never find a more wretched hive of scum and villainy. We must be cautious.','2016-08-11 09:43:24',44293),(41,16,35511872,'Shut him up or shut him down.','2016-08-07 22:26:11',38498),(42,17,31187371,'Well, you said you wanted to be around when I made a mistake.','2016-07-12 13:49:17',87732),(43,17,19217977,'That is why you fail.','2016-04-12 17:12:27',61891),(44,19,45637433,'Do. Or do not. There is no try.','2016-03-14 23:42:45',38630),(45,19,39429728,'If they follow standard Imperial procedure, they\'ll dump their garbage before they go to light-speed.','2016-01-30 07:03:14',15049),(46,19,13874798,'That is why you fail.','2015-07-26 15:16:40',59589),(47,19,26431974,'That is why you fail.','2016-04-28 21:35:54',35583),(48,20,21715065,'Now, witness the power of this fully operational battle station.','2015-10-14 21:40:21',80955),(49,21,35511872,'Judge me by my size, do you?','2016-07-21 07:30:25',15161),(50,21,29925063,'It\'s not impossible. I used to bullseye womp rats in my T-16 back home, they\'re not much bigger than two meters.','2016-07-10 10:33:01',28797),(51,22,38448111,'I find your lack of faith disturbing.','2014-01-12 12:43:13',34461),(52,22,17729075,'Who\'s the more foolish; the fool, or the fool who follows him?','2014-05-08 18:02:53',18998),(53,22,32695483,'Never tell me the odds!','2015-10-22 07:25:28',79993),(54,22,39920833,'That is why you fail.','2016-02-19 22:46:05',43259),(55,22,30198511,'Shut him up or shut him down.','2014-06-14 04:27:45',97994),(56,22,22394025,'You\'ll find I\'m full of surprises!','2016-02-10 13:41:28',26076),(57,23,35314673,'If they follow standard Imperial procedure, they\'ll dump their garbage before they go to light-speed.','2016-08-13 20:44:36',41790),(58,23,15009808,'You\'ll find I\'m full of surprises!','2016-08-20 12:31:41',14076),(59,24,35306744,'Adventure. Excitement. A Jedi craves not these things.','2016-07-06 15:45:31',67858),(60,24,22829031,'Judge me by my size, do you?','2016-07-18 14:21:42',76294),(61,24,26431974,'Now, witness the power of this fully operational battle station.','2015-09-24 22:05:55',38498),(62,26,29200324,'I have a bad feeling about this.','2016-09-07 14:48:38',80955),(63,26,41142088,'Shut him up or shut him down.','2016-09-11 12:11:34',28797),(64,27,23501765,'Would somebody get this big walking carpet out of my way?','2016-07-22 13:24:10',18727),(65,28,18371576,'It\'s not impossible. I used to bullseye womp rats in my T-16 back home, they\'re not much bigger than two meters.','2016-05-27 10:08:06',40919),(66,30,31221908,'Truly wonderful, the mind of a child is.','2015-07-13 14:19:16',13867),(67,30,38231050,'You do have your moments. Not many, but you have them.','2016-04-09 10:23:34',67910),(68,32,32610599,'If you\'re saying that coming here was a bad idea, I\'m starting to agree with you.','2014-09-16 17:18:09',43479),(69,32,45768985,'No reward is worth this.','2014-08-04 22:21:24',38498),(70,33,29712056,'Would somebody get this big walking carpet out of my way?','2013-11-23 11:16:13',35150),(71,33,45281434,'It\'s not impossible. I used to bullseye womp rats in my T-16 back home, they\'re not much bigger than two meters.','2015-09-14 18:51:52',50771),(72,33,25989733,'You\'ll find I\'m full of surprises!','2013-04-16 04:17:12',20279),(73,33,29248657,'Shut him up or shut him down.','2013-12-22 10:10:07',25957),(74,33,41331666,'It\'s not impossible. I used to bullseye womp rats in my T-16 back home, they\'re not much bigger than two meters.','2013-10-11 03:25:26',92343),(75,33,26977981,'Who\'s the more foolish; the fool, or the fool who follows him?','2015-07-12 12:22:58',40740),(76,34,20315615,'R2-D2, you know better than to trust a strange computer!','2016-09-10 07:00:08',40240),(77,35,26511873,'It\'s not impossible. I used to bullseye womp rats in my T-16 back home, they\'re not much bigger than two meters.','2016-05-13 14:33:43',78708),(78,35,23343683,'You are unwise to lower your defenses!','2016-09-01 06:49:40',26076),(79,36,36450668,'Never tell me the odds!','2016-07-27 07:29:07',23845),(80,37,24818482,'No reward is worth this.','2016-09-04 22:18:52',96436),(81,37,23501765,'I have a bad feeling about this.','2016-09-14 02:17:27',25957),(82,38,23175153,'You will never find a more wretched hive of scum and villainy. We must be cautious.','2016-08-31 08:44:37',61891),(83,38,44492116,'Adventure. Excitement. A Jedi craves not these things.','2016-05-23 00:47:50',40341),(84,39,31607796,'Truly wonderful, the mind of a child is.','2016-08-04 00:38:59',16019),(85,39,23731591,'That is why you fail.','2016-07-29 16:53:47',40122),(86,40,21055475,'Wars not make one great.','2016-08-26 23:51:29',78509),(87,40,28396150,'You know, that little droid is going to cause me a lot of trouble.','2016-09-01 02:11:28',67910),(88,40,17558584,'Now, witness the power of this fully operational battle station.','2016-08-25 18:31:31',29710),(89,40,41133796,'Only at the end do you realize the power of the Dark Side.','2016-09-06 04:12:47',13257),(90,41,43770232,'Never tell me the odds!','2016-08-16 06:46:16',82917),(91,41,34778005,'Fear is the path to the dark side... fear leads to anger... anger leads to hate... hate leads to suffering.','2016-08-23 20:36:57',21594),(92,41,23915697,'Never tell me the odds!','2016-08-28 13:34:24',97994),(93,41,22936284,'Well, you said you wanted to be around when I made a mistake.','2016-08-30 00:02:24',35355),(94,42,23175153,'Shut him up or shut him down.','2016-02-11 09:50:51',87732),(95,43,15991878,'Do. Or do not. There is no try.','2015-06-06 08:07:14',14076),(96,43,45634545,'Judge me by my size, do you?','2014-11-29 06:28:39',89385),(97,43,24242953,'If they follow standard Imperial procedure, they\'ll dump their garbage before they go to light-speed.','2016-06-12 10:33:12',82768),(98,43,24237566,'You do have your moments. Not many, but you have them.','2015-04-11 06:47:13',80955),(99,44,44956802,'If you\'re saying that coming here was a bad idea, I\'m starting to agree with you.','2016-08-14 05:26:43',22400),(100,45,43383562,'Fear is the path to the dark side... fear leads to anger... anger leads to hate... hate leads to suffering.','2016-08-29 19:23:04',11387),(101,45,40203597,'Truly wonderful, the mind of a child is.','2016-09-08 05:08:48',41790),(102,46,45770550,'If they follow standard Imperial procedure, they\'ll dump their garbage before they go to light-speed.','2016-03-26 08:02:20',67858),(103,46,22940116,'Would somebody get this big walking carpet out of my way?','2016-07-07 11:08:46',30643),(104,46,39422439,'Do. Or do not. There is no try.','2016-05-30 17:40:33',18998),(105,46,41527365,'Do. Or do not. There is no try.','2016-08-03 20:07:46',84524),(106,47,43442399,'That is why you fail.','2016-09-01 09:15:26',82768),(107,47,24158751,'If they follow standard Imperial procedure, they\'ll dump their garbage before they go to light-speed.','2016-07-28 02:36:05',94787),(108,48,33376519,'Only at the end do you realize the power of the Dark Side.','2016-08-29 16:09:20',20279),(109,48,14957691,'Only at the end do you realize the power of the Dark Side.','2016-08-29 00:45:06',92371),(110,48,40613021,'Wars not make one great.','2016-08-25 14:12:22',95509),(111,48,38231050,'Never tell me the odds!','2016-09-08 03:16:11',22376),(112,49,45634545,'Bounty hunters! We don\'t need this scum.','2015-03-26 00:36:59',62753),(113,49,44088389,'Truly wonderful, the mind of a child is.','2015-05-15 03:53:13',26076),(114,49,28680653,'Who\'s the more foolish; the fool, or the fool who follows him?','2016-04-16 04:31:01',44293),(115,49,30595074,'Truly wonderful, the mind of a child is.','2016-08-15 17:05:29',83617),(116,49,26085129,'If you\'re saying that coming here was a bad idea, I\'m starting to agree with you.','2015-04-28 13:22:04',89605),(117,50,12219178,'Strike me down, and I will become more powerful than you could possibly imagine.','2015-11-18 17:15:07',71485),(118,50,23343683,'Wars not make one great.','2014-09-05 12:29:30',26076),(119,50,12578864,'If you\'re saying that coming here was a bad idea, I\'m starting to agree with you.','2014-08-24 21:19:06',89605),(120,50,23107754,'Fear is the path to the dark side... fear leads to anger... anger leads to hate... hate leads to suffering.','2016-05-31 06:32:19',33721),(121,50,45161098,'You do have your moments. Not many, but you have them.','2015-01-27 16:06:10',23845),(122,50,30458781,'Only at the end do you realize the power of the Dark Side.','2015-04-07 09:13:57',54631),(123,51,43770232,'Would somebody get this big walking carpet out of my way?','2015-01-22 22:37:06',64540),(124,51,38975451,'Never tell me the odds!','2013-10-07 19:02:22',74514),(125,51,27012695,'You will never find a more wretched hive of scum and villainy. We must be cautious.','2015-04-20 01:59:10',87732),(126,51,23973410,'Judge me by my size, do you?','2016-04-30 23:17:20',30643),(127,51,22530344,'No reward is worth this.','2014-05-03 01:58:59',94247),(128,51,29798089,'Bounty hunters! We don\'t need this scum.','2013-07-22 06:02:51',18676),(129,51,21371768,'You know, that little droid is going to cause me a lot of trouble.','2015-11-28 07:26:56',35892),(130,52,14249860,'You do have your moments. Not many, but you have them.','2016-03-22 16:16:56',28683),(131,52,24237566,'Bounty hunters! We don\'t need this scum.','2013-10-04 07:06:12',59589),(132,52,35396580,'That is why you fail.','2016-03-27 03:02:34',29710),(133,52,22484516,'You\'ll find I\'m full of surprises!','2014-03-14 02:26:41',52804),(134,53,34746608,'Bounty hunters! We don\'t need this scum.','2016-08-30 02:38:34',38498),(135,54,33251704,'Judge me by my size, do you?','2016-02-15 08:52:32',97151),(136,55,31774857,'Bounty hunters! We don\'t need this scum.','2016-05-19 08:54:45',68483),(137,55,29344445,'Well, you said you wanted to be around when I made a mistake.','2016-05-22 23:42:58',43479),(138,56,29869896,'If you\'re saying that coming here was a bad idea, I\'m starting to agree with you.','2015-12-17 15:21:28',59701),(139,56,17854592,'R2-D2, you know better than to trust a strange computer!','2016-07-17 16:05:54',82768),(140,56,31529883,'I have a bad feeling about this.','2016-08-11 18:10:36',71522),(141,56,21564334,'I find your lack of faith disturbing.','2015-12-15 11:06:45',37375),(142,57,15263590,'A Jedi uses the Force for knowledge and defense, never for attack.','2015-04-07 01:13:32',68483),(143,58,30937314,'No reward is worth this.','2016-06-30 18:13:55',11414),(144,59,22829031,'Only at the end do you realize the power of the Dark Side.','2016-08-30 17:24:53',85564),(145,60,45281434,'Truly wonderful, the mind of a child is.','2015-07-18 10:22:07',34461),(146,60,13165639,'No reward is worth this.','2014-07-01 03:57:24',17410),(147,60,20044351,'Would somebody get this big walking carpet out of my way?','2014-03-04 10:56:56',87785),(148,61,19597702,'It\'s not impossible. I used to bullseye womp rats in my T-16 back home, they\'re not much bigger than two meters.','2014-09-23 17:20:51',26076),(149,61,31236188,'I find your lack of faith disturbing.','2014-10-16 16:05:46',16019),(150,61,35360953,'A Jedi uses the Force for knowledge and defense, never for attack.','2016-03-02 17:07:13',98207),(151,61,27012695,'I find your lack of faith disturbing.','2016-05-02 02:50:12',41790),(152,62,27012695,'Truly wonderful, the mind of a child is.','2016-09-10 15:16:33',55799),(153,62,15445406,'Judge me by my size, do you?','2016-09-02 06:40:25',34461),(154,62,13874798,'Truly wonderful, the mind of a child is.','2016-09-12 02:50:05',88267),(155,63,20736044,'I find your lack of faith disturbing.','2016-06-21 22:05:29',25303),(156,63,31554337,'No reward is worth this.','2016-07-14 03:08:44',84072),(157,64,29263547,'Who\'s the more foolish; the fool, or the fool who follows him?','2016-07-28 20:29:10',21594),(158,64,17341580,'Would somebody get this big walking carpet out of my way?','2016-08-20 15:18:56',71522),(159,64,24158751,'A Jedi uses the Force for knowledge and defense, never for attack.','2016-08-17 13:55:39',18998),(160,64,38301185,'Wars not make one great.','2016-09-05 23:41:24',89967),(161,65,17417105,'Who\'s the more foolish; the fool, or the fool who follows him?','2016-09-11 22:00:27',89398),(162,65,26379168,'Strike me down, and I will become more powerful than you could possibly imagine.','2016-09-01 18:14:55',37141),(163,65,25989733,'Well, you said you wanted to be around when I made a mistake.','2016-08-19 12:43:55',28683),(164,65,36022953,'Would somebody get this big walking carpet out of my way?','2016-09-02 13:37:46',34461),(165,65,32127763,'Aren\'t you a little short for a Stormtrooper?','2016-09-11 08:02:48',20898),(166,66,17427905,'You know, that little droid is going to cause me a lot of trouble.','2016-04-24 00:19:06',74164),(167,66,28680653,'It\'s not impossible. I used to bullseye womp rats in my T-16 back home, they\'re not much bigger than two meters.','2014-12-14 22:12:38',55799),(168,66,26942691,'I have a bad feeling about this.','2015-06-23 15:22:44',38498),(169,68,34746608,'A Jedi uses the Force for knowledge and defense, never for attack.','2016-09-02 11:21:40',71030),(170,68,31774857,'You do have your moments. Not many, but you have them.','2016-07-05 21:33:00',72061),(171,68,27444006,'Would somebody get this big walking carpet out of my way?','2016-03-12 06:21:18',58388),(172,69,34443305,'Strike me down, and I will become more powerful than you could possibly imagine.','2015-03-27 17:40:45',40919),(173,69,38562307,'Judge me by my size, do you?','2015-09-25 12:13:15',68944),(174,70,13505303,'You are unwise to lower your defenses!','2016-05-01 04:58:24',95509),(175,70,25539219,'Shut him up or shut him down.','2016-07-20 03:24:28',15049),(176,70,30458781,'You know, that little droid is going to cause me a lot of trouble.','2016-04-27 07:39:49',97994),(177,71,43442399,'It\'s not impossible. I used to bullseye womp rats in my T-16 back home, they\'re not much bigger than two meters.','2016-07-22 16:30:05',40740),(178,71,35936990,'Well, you said you wanted to be around when I made a mistake.','2015-06-17 01:50:20',89398),(179,72,12219178,'Judge me by my size, do you?','2016-05-25 13:54:43',30643),(180,72,23973410,'I have a bad feeling about this.','2016-02-04 00:52:48',34711),(181,72,13461775,'Well, you said you wanted to be around when I made a mistake.','2016-05-03 00:07:24',71922),(182,72,15944880,'I have a bad feeling about this.','2016-05-25 05:02:13',14076),(183,73,35511872,'A Jedi uses the Force for knowledge and defense, never for attack.','2016-09-13 09:10:21',41790),(184,74,26404866,'Shut him up or shut him down.','2014-12-20 12:29:30',18676),(185,74,36450668,'I have a bad feeling about this.','2016-02-22 16:29:34',88267),(186,74,13306910,'Shut him up or shut him down.','2015-11-23 01:05:18',68483),(187,75,31422116,'Shut him up or shut him down.','2016-06-16 18:11:32',82917),(188,75,32431009,'I find your lack of faith disturbing.','2016-03-18 06:09:32',78708),(189,76,44227911,'Adventure. Excitement. A Jedi craves not these things.','2016-05-24 04:10:00',68944),(190,76,24271560,'I have a bad feeling about this.','2016-07-20 09:47:12',34711),(191,76,17200043,'You will never find a more wretched hive of scum and villainy. We must be cautious.','2016-09-07 08:49:38',80186),(192,76,44673996,'Do. Or do not. There is no try.','2016-06-17 05:12:57',59701),(193,77,38822468,'Aren\'t you a little short for a Stormtrooper?','2013-09-21 18:14:24',56417),(194,77,25989733,'Wars not make one great.','2014-02-17 07:35:12',45051),(195,78,12853373,'Bounty hunters! We don\'t need this scum.','2016-04-09 04:24:43',67858),(196,78,34574465,'I find your lack of faith disturbing.','2015-01-11 07:08:50',89385),(197,78,19597702,'If you\'re saying that coming here was a bad idea, I\'m starting to agree with you.','2015-10-13 20:17:51',59701),(198,78,36665361,'Who\'s the more foolish; the fool, or the fool who follows him?','2015-10-17 02:38:59',92371),(199,79,33319967,'Wars not make one great.','2015-11-12 19:14:20',52364),(200,79,25026636,'Judge me by my size, do you?','2016-08-06 05:25:40',71030),(201,80,24231710,'A Jedi uses the Force for knowledge and defense, never for attack.','2016-09-04 12:10:29',20898),(202,80,45637433,'If you\'re saying that coming here was a bad idea, I\'m starting to agree with you.','2016-07-05 06:07:50',25957),(203,80,44227911,'Only at the end do you realize the power of the Dark Side.','2014-09-20 17:59:53',84072),(204,81,18371576,'You\'ll find I\'m full of surprises!','2016-08-16 19:27:14',29710),(205,81,41142088,'Strike me down, and I will become more powerful than you could possibly imagine.','2016-09-12 14:35:11',89605),(206,81,43171322,'No reward is worth this.','2016-09-13 16:42:09',85564),(207,82,38802687,'A Jedi uses the Force for knowledge and defense, never for attack.','2015-10-25 10:02:50',43365),(208,83,40830695,'Wars not make one great.','2016-07-02 23:59:39',46952),(209,83,43770232,'Shut him up or shut him down.','2016-07-20 17:27:25',68121),(210,83,20279896,'Would somebody get this big walking carpet out of my way?','2016-09-06 10:34:39',35118),(211,84,34523108,'Fear is the path to the dark side... fear leads to anger... anger leads to hate... hate leads to suffering.','2015-11-25 07:05:55',38529),(212,85,40963269,'Shut him up or shut him down.','2016-03-21 22:46:42',22376),(213,85,17267163,'If they follow standard Imperial procedure, they\'ll dump their garbage before they go to light-speed.','2016-06-10 01:37:50',95509),(214,86,35306744,'I have a bad feeling about this.','2016-07-21 08:21:20',59701),(215,86,44227911,'Truly wonderful, the mind of a child is.','2015-10-13 11:54:30',82975),(216,86,27281719,'You are unwise to lower your defenses!','2015-10-22 12:47:42',23845),(217,86,13505303,'Wars not make one great.','2016-01-22 15:04:30',89967),(218,86,12526585,'Well, you said you wanted to be around when I made a mistake.','2015-12-14 15:31:01',33721),(219,87,28536060,'Only at the end do you realize the power of the Dark Side.','2016-06-11 10:50:11',82917),(220,89,34574465,'Judge me by my size, do you?','2015-10-18 08:51:33',87732),(221,89,30595074,'Who\'s the more foolish; the fool, or the fool who follows him?','2014-09-17 05:10:49',52804),(222,90,21641053,'Truly wonderful, the mind of a child is.','2014-11-16 21:20:21',60449),(223,90,31554337,'Would somebody get this big walking carpet out of my way?','2015-05-11 07:22:19',40919),(224,90,23973410,'Fear is the path to the dark side... fear leads to anger... anger leads to hate... hate leads to suffering.','2016-03-04 23:57:36',59589),(225,90,25930891,'You will never find a more wretched hive of scum and villainy. We must be cautious.','2016-06-05 19:50:59',35892),(226,91,39145077,'R2-D2, you know better than to trust a strange computer!','2016-04-19 13:08:12',84524),(227,91,41575641,'Never tell me the odds!','2016-05-27 20:57:08',28683),(228,91,38865986,'You will never find a more wretched hive of scum and villainy. We must be cautious.','2016-01-18 23:37:25',52913),(229,91,36437797,'R2-D2, you know better than to trust a strange computer!','2016-02-26 01:20:01',13867),(230,92,42909427,'Who\'s the more foolish; the fool, or the fool who follows him?','2016-09-10 03:13:44',34461),(231,92,43714149,'A Jedi uses the Force for knowledge and defense, never for attack.','2016-09-10 01:19:48',37092),(232,93,17919065,'A Jedi uses the Force for knowledge and defense, never for attack.','2016-07-05 08:54:20',40740),(233,93,29925063,'R2-D2, you know better than to trust a strange computer!','2016-06-19 14:49:52',25303),(234,93,26379168,'Never tell me the odds!','2016-08-06 10:10:10',71578),(235,93,31221908,'I find your lack of faith disturbing.','2016-08-15 06:30:09',55799),(236,93,41905126,'Would somebody get this big walking carpet out of my way?','2016-04-27 14:38:44',20279),(237,94,18677422,'Do. Or do not. There is no try.','2016-07-01 07:47:41',35150),(238,94,19597702,'You know, that little droid is going to cause me a lot of trouble.','2016-08-31 11:33:57',40919),(239,94,34520146,'Adventure. Excitement. A Jedi craves not these things.','2016-06-26 07:58:14',28683),(240,94,43714149,'I have a bad feeling about this.','2016-08-21 21:41:52',96655),(241,94,42744426,'Wars not make one great.','2016-04-28 20:33:44',21594),(242,95,45637433,'I find your lack of faith disturbing.','2016-06-27 05:04:06',79993),(243,96,38448111,'You do have your moments. Not many, but you have them.','2016-08-31 17:52:53',46143),(244,96,38802687,'Would somebody get this big walking carpet out of my way?','2016-08-04 18:05:21',82917),(245,96,14710744,'Who\'s the more foolish; the fool, or the fool who follows him?','2016-08-22 09:58:29',82975),(246,96,44409215,'If you\'re saying that coming here was a bad idea, I\'m starting to agree with you.','2016-06-03 18:54:29',37375),(247,97,16641618,'If you\'re saying that coming here was a bad idea, I\'m starting to agree with you.','2016-05-20 17:00:04',13867),(248,97,34520146,'That is why you fail.','2016-02-27 01:49:28',14076),(249,97,42080405,'If they follow standard Imperial procedure, they\'ll dump their garbage before they go to light-speed.','2015-10-09 23:44:15',57915),(250,97,42252648,'Only at the end do you realize the power of the Dark Side.','2016-05-22 11:25:34',40740),(251,97,28121177,'You will never find a more wretched hive of scum and villainy. We must be cautious.','2015-10-03 18:40:52',57915),(252,98,29361920,'Would somebody get this big walking carpet out of my way?','2015-02-14 02:23:13',97994),(253,98,16819919,'Truly wonderful, the mind of a child is.','2014-06-16 01:07:45',76891),(254,98,41523483,'It\'s not impossible. I used to bullseye womp rats in my T-16 back home, they\'re not much bigger than two meters.','2015-04-24 19:55:11',35892),(255,98,17636614,'Well, you said you wanted to be around when I made a mistake.','2014-06-03 08:13:10',18727),(256,98,39679558,'Bounty hunters! We don\'t need this scum.','2015-04-19 07:57:45',40919),(257,99,12818808,'No reward is worth this.','2016-01-24 17:22:54',52804),(258,99,13017027,'Judge me by my size, do you?','2016-06-22 07:44:00',40240),(259,99,30619554,'Judge me by my size, do you?','2015-12-25 20:15:20',78708),(260,100,13306910,'A Jedi uses the Force for knowledge and defense, never for attack.','2016-05-03 21:04:27',16019),(261,100,38562307,'It\'s not impossible. I used to bullseye womp rats in my T-16 back home, they\'re not much bigger than two meters.','2016-04-25 16:26:29',68442),(262,101,45637433,'If they follow standard Imperial procedure, they\'ll dump their garbage before they go to light-speed.','2015-03-19 15:04:44',81013),(263,101,40216887,'You are unwise to lower your defenses!','2015-06-20 15:19:42',58388),(264,102,17421714,'Judge me by my size, do you?','2015-04-25 00:30:19',62753),(265,103,32455114,'Would somebody get this big walking carpet out of my way?','2016-04-06 23:02:32',78509),(266,103,35638756,'Fear is the path to the dark side... fear leads to anger... anger leads to hate... hate leads to suffering.','2016-04-17 08:23:27',25957),(267,103,15263590,'Who\'s the more foolish; the fool, or the fool who follows him?','2016-02-11 05:54:03',52804),(268,104,26290420,'Wars not make one great.','2016-07-29 20:29:36',79393),(269,104,19563887,'Truly wonderful, the mind of a child is.','2016-09-06 19:37:35',64540),(270,104,34766122,'Adventure. Excitement. A Jedi craves not these things.','2015-07-09 20:15:12',62753),(271,104,33759264,'You know, that little droid is going to cause me a lot of trouble.','2014-11-10 08:31:13',52364),(272,104,17524232,'You know, that little droid is going to cause me a lot of trouble.','2015-12-03 21:20:41',35892),(273,104,41142088,'Would somebody get this big walking carpet out of my way?','2016-02-18 11:02:07',37375),(274,104,36627764,'Only at the end do you realize the power of the Dark Side.','2016-06-03 19:20:37',95173),(275,105,44043546,'Wars not make one great.','2016-05-02 19:40:59',23845),(276,105,29804621,'I find your lack of faith disturbing.','2016-06-11 11:02:43',18998),(277,106,27198524,'Well, you said you wanted to be around when I made a mistake.','2015-07-11 15:54:47',89385),(278,106,23588879,'Would somebody get this big walking carpet out of my way?','2016-03-06 23:10:46',85564),(279,107,31554337,'Well, you said you wanted to be around when I made a mistake.','2016-09-08 23:05:37',61891),(280,107,26942691,'Wars not make one great.','2016-09-07 16:02:08',72061),(281,107,37209483,'Truly wonderful, the mind of a child is.','2016-08-27 06:06:56',40240),(282,107,26318407,'Never tell me the odds!','2016-08-26 05:54:27',25303),(283,108,45173342,'Fear is the path to the dark side... fear leads to anger... anger leads to hate... hate leads to suffering.','2016-05-01 08:07:07',61871),(284,109,13356743,'Wars not make one great.','2016-08-01 17:37:22',79393),(285,109,22228100,'Never tell me the odds!','2016-09-12 09:33:44',94247),(286,110,14875000,'No reward is worth this.','2016-07-08 05:18:15',75333),(287,111,16819919,'You will never find a more wretched hive of scum and villainy. We must be cautious.','2016-08-03 22:38:29',71578),(288,111,29403176,'Well, you said you wanted to be around when I made a mistake.','2016-05-25 15:13:59',58388),(289,111,38865986,'Bounty hunters! We don\'t need this scum.','2016-08-17 14:28:27',57915),(290,111,16641618,'That is why you fail.','2016-05-12 07:21:00',82917),(291,112,36437797,'You will never find a more wretched hive of scum and villainy. We must be cautious.','2016-08-16 22:11:21',51750),(292,112,31221908,'Well, you said you wanted to be around when I made a mistake.','2016-05-19 07:41:29',96655),(293,112,21256053,'A Jedi uses the Force for knowledge and defense, never for attack.','2016-06-06 18:23:39',79993),(294,112,26323844,'Judge me by my size, do you?','2015-10-24 02:35:44',35892),(295,112,18390662,'Strike me down, and I will become more powerful than you could possibly imagine.','2016-04-19 07:22:57',21594),(296,112,43442399,'Strike me down, and I will become more powerful than you could possibly imagine.','2016-09-05 11:11:48',14076),(297,113,29383026,'If you\'re saying that coming here was a bad idea, I\'m starting to agree with you.','2015-10-02 10:16:52',68442),(298,113,25620290,'If they follow standard Imperial procedure, they\'ll dump their garbage before they go to light-speed.','2015-05-28 03:47:31',48559),(299,113,17558584,'Aren\'t you a little short for a Stormtrooper?','2015-02-01 02:47:56',14076),(300,113,32250670,'Bounty hunters! We don\'t need this scum.','2014-08-19 01:28:54',89967),(301,114,41133796,'Bounty hunters! We don\'t need this scum.','2016-05-21 18:39:24',11387),(302,114,17919065,'Never tell me the odds!','2015-11-22 21:16:42',35583),(303,114,39145077,'Do. Or do not. There is no try.','2016-02-03 04:23:31',87546),(304,114,22936284,'You do have your moments. Not many, but you have them.','2015-11-06 07:21:08',96655),(305,115,18716791,'Shut him up or shut him down.','2016-08-11 02:00:30',76891),(306,116,41797133,'Who\'s the more foolish; the fool, or the fool who follows him?','2015-04-01 00:24:08',81013),(307,117,23289781,'Aren\'t you a little short for a Stormtrooper?','2014-12-14 07:48:03',39152),(308,117,17421714,'If you\'re saying that coming here was a bad idea, I\'m starting to agree with you.','2016-02-10 04:48:07',22400),(309,117,36627764,'R2-D2, you know better than to trust a strange computer!','2015-11-23 16:51:07',18676),(310,117,26942691,'That is why you fail.','2015-06-15 06:46:37',40240),(311,117,43442399,'Aren\'t you a little short for a Stormtrooper?','2014-07-28 18:12:46',76891),(312,117,33206842,'Shut him up or shut him down.','2015-12-20 22:06:45',75333),(313,119,33852512,'You\'ll find I\'m full of surprises!','2015-06-21 01:38:16',80955),(314,119,17729075,'Bounty hunters! We don\'t need this scum.','2015-09-07 09:37:05',40919),(315,119,38124291,'No reward is worth this.','2015-08-11 16:01:44',88267),(316,119,30937314,'You are unwise to lower your defenses!','2016-07-16 08:09:54',38630),(317,119,28680653,'Now, witness the power of this fully operational battle station.','2015-01-19 22:47:37',43365),(318,119,21328836,'Shut him up or shut him down.','2016-03-25 20:07:18',67910),(319,120,40613021,'It\'s not impossible. I used to bullseye womp rats in my T-16 back home, they\'re not much bigger than two meters.','2014-05-06 23:52:38',80955),(320,120,40203597,'You\'ll find I\'m full of surprises!','2016-04-13 05:56:35',28683),(321,120,20812318,'You\'ll find I\'m full of surprises!','2015-02-20 01:38:53',83617),(322,120,29383026,'R2-D2, you know better than to trust a strange computer!','2015-11-24 09:05:05',37375),(323,121,12628705,'Now, witness the power of this fully operational battle station.','2016-05-07 06:20:48',71030),(324,121,42230696,'Well, you said you wanted to be around when I made a mistake.','2014-10-14 01:52:01',37141),(325,121,35638756,'Fear is the path to the dark side... fear leads to anger... anger leads to hate... hate leads to suffering.','2015-04-15 00:26:45',88267),(326,122,12728251,'I have a bad feeling about this.','2016-08-01 10:39:39',84524),(327,122,18716791,'I find your lack of faith disturbing.','2016-04-20 00:33:12',62184),(328,122,43523957,'It\'s not impossible. I used to bullseye womp rats in my T-16 back home, they\'re not much bigger than two meters.','2016-07-08 22:31:54',22376),(329,123,12523853,'Aren\'t you a little short for a Stormtrooper?','2014-04-03 16:27:27',89605),(330,123,40203597,'You\'ll find I\'m full of surprises!','2014-07-18 22:31:43',95509),(331,123,35830186,'Wars not make one great.','2014-07-22 06:16:00',59701),(332,123,26942691,'Strike me down, and I will become more powerful than you could possibly imagine.','2013-05-21 22:29:02',67910),(333,124,35663695,'Aren\'t you a little short for a Stormtrooper?','2015-08-26 21:19:41',14076),(334,125,17729075,'You do have your moments. Not many, but you have them.','2016-08-03 01:40:50',15161),(335,125,27281719,'If they follow standard Imperial procedure, they\'ll dump their garbage before they go to light-speed.','2016-07-10 21:44:51',99387),(336,125,42909539,'Now, witness the power of this fully operational battle station.','2016-09-11 22:27:49',85564),(337,125,44088389,'Now, witness the power of this fully operational battle station.','2016-08-17 16:13:59',13867),(338,125,30595074,'Shut him up or shut him down.','2016-05-10 08:23:16',75333),(339,125,44563425,'Wars not make one great.','2016-08-28 15:00:34',15049),(340,126,25620290,'R2-D2, you know better than to trust a strange computer!','2014-12-18 00:37:17',39264),(341,127,43741517,'If they follow standard Imperial procedure, they\'ll dump their garbage before they go to light-speed.','2015-11-05 12:27:31',45051),(342,127,40844136,'If you\'re saying that coming here was a bad idea, I\'m starting to agree with you.','2015-10-27 12:21:27',25303),(343,127,15674148,'It\'s not impossible. I used to bullseye womp rats in my T-16 back home, they\'re not much bigger than two meters.','2015-11-04 00:19:33',11387),(344,127,23786581,'Only at the end do you realize the power of the Dark Side.','2015-11-29 04:42:17',46143),(345,128,27444006,'If they follow standard Imperial procedure, they\'ll dump their garbage before they go to light-speed.','2016-06-17 06:47:59',98207),(346,128,35663695,'Now, witness the power of this fully operational battle station.','2015-10-23 15:23:02',13867),(347,128,18738703,'Shut him up or shut him down.','2016-05-13 23:50:53',41790),(348,129,37930705,'Wars not make one great.','2015-08-10 13:37:52',71522),(349,129,34766122,'You are unwise to lower your defenses!','2015-01-16 21:52:30',57915),(350,129,19563887,'It\'s not impossible. I used to bullseye womp rats in my T-16 back home, they\'re not much bigger than two meters.','2015-03-28 14:29:19',79993),(351,130,22940116,'Only at the end do you realize the power of the Dark Side.','2016-07-05 11:48:00',74514),(352,131,34520146,'R2-D2, you know better than to trust a strange computer!','2016-08-06 23:28:12',30643),(353,131,37209483,'I have a bad feeling about this.','2016-08-20 18:10:47',11387),(354,132,13874798,'You are unwise to lower your defenses!','2016-09-13 15:11:17',45051),(355,133,34520146,'If they follow standard Imperial procedure, they\'ll dump their garbage before they go to light-speed.','2016-03-27 07:14:33',18727),(356,133,45637433,'You will never find a more wretched hive of scum and villainy. We must be cautious.','2016-07-01 15:41:48',25303),(357,134,32431009,'Fear is the path to the dark side... fear leads to anger... anger leads to hate... hate leads to suffering.','2016-07-23 10:35:21',20279),(358,134,45161098,'Strike me down, and I will become more powerful than you could possibly imagine.','2016-05-30 18:57:21',61871),(359,134,38686163,'If you\'re saying that coming here was a bad idea, I\'m starting to agree with you.','2015-12-29 06:32:12',87546),(360,134,14249860,'You are unwise to lower your defenses!','2015-12-30 01:49:58',62184),(361,135,20000953,'Judge me by my size, do you?','2016-07-25 19:03:27',56417),(362,136,16781953,'Shut him up or shut him down.','2016-09-14 06:29:10',29710),(363,137,25930891,'If they follow standard Imperial procedure, they\'ll dump their garbage before they go to light-speed.','2016-06-08 05:53:40',44293),(364,137,23891252,'Never tell me the odds!','2016-07-29 10:10:46',15161),(365,138,20473711,'You\'ll find I\'m full of surprises!','2016-07-11 00:54:13',43365),(366,138,24271560,'You know, that little droid is going to cause me a lot of trouble.','2016-08-21 21:17:31',21594),(367,139,33119356,'That is why you fail.','2016-05-13 19:54:52',10525),(368,139,18809555,'Bounty hunters! We don\'t need this scum.','2016-04-08 19:11:36',89385),(369,139,42230696,'You know, that little droid is going to cause me a lot of trouble.','2015-12-01 01:45:23',71922),(370,139,41797133,'Truly wonderful, the mind of a child is.','2015-12-09 22:58:34',79993),(371,140,17200043,'Who\'s the more foolish; the fool, or the fool who follows him?','2016-07-18 20:18:31',20898),(372,140,15674148,'I have a bad feeling about this.','2016-07-22 01:06:31',14076),(373,140,15517831,'R2-D2, you know better than to trust a strange computer!','2016-07-22 01:56:22',13257),(374,140,22078100,'You will never find a more wretched hive of scum and villainy. We must be cautious.','2016-07-02 08:15:44',10525),(375,140,40613021,'Only at the end do you realize the power of the Dark Side.','2016-08-19 12:46:21',38529),(376,140,22829031,'R2-D2, you know better than to trust a strange computer!','2016-07-18 00:51:53',40122),(377,141,45436360,'If you\'re saying that coming here was a bad idea, I\'m starting to agree with you.','2016-01-29 02:41:01',33721),(378,142,36145751,'Well, you said you wanted to be around when I made a mistake.','2016-08-28 05:27:30',28683),(379,143,15517831,'R2-D2, you know better than to trust a strange computer!','2015-11-30 09:12:54',95173),(380,143,12951799,'I find your lack of faith disturbing.','2015-06-10 20:09:09',40740),(381,144,20315615,'I find your lack of faith disturbing.','2015-08-03 01:27:09',67910),(382,144,17417105,'You know, that little droid is going to cause me a lot of trouble.','2016-01-02 23:20:12',33721),(383,144,36437797,'Now, witness the power of this fully operational battle station.','2016-08-27 16:02:39',76294),(384,144,19502163,'A Jedi uses the Force for knowledge and defense, never for attack.','2016-03-30 07:43:05',38529),(385,144,13874798,'That is why you fail.','2015-05-24 01:15:50',79393),(386,145,28744986,'If you\'re saying that coming here was a bad idea, I\'m starting to agree with you.','2015-11-13 15:10:07',46143),(387,145,24158751,'Now, witness the power of this fully operational battle station.','2013-09-09 12:59:45',41790),(388,145,40830695,'I find your lack of faith disturbing.','2015-09-02 23:49:54',61891),(389,146,21795170,'If they follow standard Imperial procedure, they\'ll dump their garbage before they go to light-speed.','2016-09-05 18:02:54',85564),(390,146,35663695,'Strike me down, and I will become more powerful than you could possibly imagine.','2015-12-07 22:01:58',43479),(391,146,26942691,'No reward is worth this.','2016-06-06 02:51:28',10525),(392,147,17417105,'You know, that little droid is going to cause me a lot of trouble.','2015-08-25 11:57:34',38630),(393,147,31209505,'If you\'re saying that coming here was a bad idea, I\'m starting to agree with you.','2015-10-29 07:33:55',83617),(394,147,33012449,'It\'s not impossible. I used to bullseye womp rats in my T-16 back home, they\'re not much bigger than two meters.','2015-11-22 03:26:30',67910),(395,147,41797133,'A Jedi uses the Force for knowledge and defense, never for attack.','2016-03-14 07:52:39',84072),(396,147,23367123,'Bounty hunters! We don\'t need this scum.','2015-10-19 03:46:44',74164),(397,147,23175153,'You will never find a more wretched hive of scum and villainy. We must be cautious.','2015-12-21 08:28:17',22400),(398,147,15991878,'If you\'re saying that coming here was a bad idea, I\'m starting to agree with you.','2016-03-22 21:54:19',64540),(399,148,44964142,'You are unwise to lower your defenses!','2016-05-10 00:45:07',38630),(400,148,12818808,'R2-D2, you know better than to trust a strange computer!','2016-04-29 17:14:02',94787),(401,148,25620290,'Now, witness the power of this fully operational battle station.','2016-05-28 11:56:21',37141),(402,148,40815559,'Truly wonderful, the mind of a child is.','2016-06-07 05:56:29',45051),(403,148,37172751,'Bounty hunters! We don\'t need this scum.','2016-06-13 06:36:54',25303),(404,149,41575641,'Adventure. Excitement. A Jedi craves not these things.','2016-08-20 17:34:01',72061),(405,149,24385639,'Only at the end do you realize the power of the Dark Side.','2016-08-05 02:27:11',94247),(406,149,36964824,'Well, you said you wanted to be around when I made a mistake.','2016-08-15 14:37:16',59701),(407,150,45634545,'Well, you said you wanted to be around when I made a mistake.','2016-08-22 19:42:58',89385),(408,150,29361920,'It\'s not impossible. I used to bullseye womp rats in my T-16 back home, they\'re not much bigger than two meters.','2016-08-28 13:51:53',92371),(409,151,44862533,'I find your lack of faith disturbing.','2016-06-13 21:33:09',58388),(410,151,38421411,'If they follow standard Imperial procedure, they\'ll dump their garbage before they go to light-speed.','2016-07-11 08:56:43',87785),(411,151,29248657,'If they follow standard Imperial procedure, they\'ll dump their garbage before they go to light-speed.','2016-09-10 15:38:48',57266);
/*!40000 ALTER TABLE `testimonios` ENABLE KEYS */;
UNLOCK TABLES;
/*!40103 SET TIME_ZONE=@OLD_TIME_ZONE */;

/*!40101 SET SQL_MODE=@OLD_SQL_MODE */;
/*!40014 SET FOREIGN_KEY_CHECKS=@OLD_FOREIGN_KEY_CHECKS */;
/*!40014 SET UNIQUE_CHECKS=@OLD_UNIQUE_CHECKS */;
/*!40101 SET CHARACTER_SET_CLIENT=@OLD_CHARACTER_SET_CLIENT */;
/*!40101 SET CHARACTER_SET_RESULTS=@OLD_CHARACTER_SET_RESULTS */;
/*!40101 SET COLLATION_CONNECTION=@OLD_COLLATION_CONNECTION */;
/*!40111 SET SQL_NOTES=@OLD_SQL_NOTES */;

-- Dump completed on 2016-09-14 20:42:29
